DEBUG - 2026-05-17 04:52:12 --> Session: Class initialized using 'CodeIgniter\Session\Handlers\FileHandler' driver.
WARNING - 2026-05-17 04:52:12 --> [DEPRECATED] Creation of dynamic property Modul\Home\Controllers\Home::$session is deprecated in APPPATH\Controllers\BaseController.php on line 47.
 1 SYSTEMPATH\CodeIgniter.php(922): App\Controllers\BaseController->initController(Object(CodeIgniter\HTTP\IncomingRequest), Object(CodeIgniter\HTTP\Response), Object(CodeIgniter\Log\Logger))
 2 SYSTEMPATH\CodeIgniter.php(488): CodeIgniter\CodeIgniter->createController()
 3 SYSTEMPATH\CodeIgniter.php(340): CodeIgniter\CodeIgniter->handleRequest(null, Object(Config\Cache), false)
 4 SYSTEMPATH\Boot.php(417): CodeIgniter\CodeIgniter->run()
 5 SYSTEMPATH\Boot.php(68): CodeIgniter\Boot::runCodeIgniter(Object(CodeIgniter\CodeIgniter))
 6 FCPATH\index.php(59): CodeIgniter\Boot::bootWeb(Object(Config\Paths))
 7 SYSTEMPATH\rewrite.php(44): require_once('C:\\laragon\\data\\kainkita\\public\\index.php')
WARNING - 2026-05-17 04:52:13 --> [DEPRECATED] Creation of dynamic property Modul\Home\Controllers\Home::$validation is deprecated in APPPATH\Controllers\BaseController.php on line 48.
 1 SYSTEMPATH\CodeIgniter.php(922): App\Controllers\BaseController->initController(Object(CodeIgniter\HTTP\IncomingRequest), Object(CodeIgniter\HTTP\Response), Object(CodeIgniter\Log\Logger))
 2 SYSTEMPATH\CodeIgniter.php(488): CodeIgniter\CodeIgniter->createController()
 3 SYSTEMPATH\CodeIgniter.php(340): CodeIgniter\CodeIgniter->handleRequest(null, Object(Config\Cache), false)
 4 SYSTEMPATH\Boot.php(417): CodeIgniter\CodeIgniter->run()
 5 SYSTEMPATH\Boot.php(68): CodeIgniter\Boot::runCodeIgniter(Object(CodeIgniter\CodeIgniter))
 6 FCPATH\index.php(59): CodeIgniter\Boot::bootWeb(Object(Config\Paths))
 7 SYSTEMPATH\rewrite.php(44): require_once('C:\\laragon\\data\\kainkita\\public\\index.php')
WARNING - 2026-05-17 04:52:13 --> [DEPRECATED] Creation of dynamic property Modul\Home\Controllers\Home::$db is deprecated in APPPATH\Controllers\BaseController.php on line 50.
 1 SYSTEMPATH\CodeIgniter.php(922): App\Controllers\BaseController->initController(Object(CodeIgniter\HTTP\IncomingRequest), Object(CodeIgniter\HTTP\Response), Object(CodeIgniter\Log\Logger))
 2 SYSTEMPATH\CodeIgniter.php(488): CodeIgniter\CodeIgniter->createController()
 3 SYSTEMPATH\CodeIgniter.php(340): CodeIgniter\CodeIgniter->handleRequest(null, Object(Config\Cache), false)
 4 SYSTEMPATH\Boot.php(417): CodeIgniter\CodeIgniter->run()
 5 SYSTEMPATH\Boot.php(68): CodeIgniter\Boot::runCodeIgniter(Object(CodeIgniter\CodeIgniter))
 6 FCPATH\index.php(59): CodeIgniter\Boot::bootWeb(Object(Config\Paths))
 7 SYSTEMPATH\rewrite.php(44): require_once('C:\\laragon\\data\\kainkita\\public\\index.php')
WARNING - 2026-05-17 04:52:13 --> [DEPRECATED] Creation of dynamic property Modul\Home\Controllers\Home::$uri is deprecated in APPPATH\Controllers\BaseController.php on line 51.
 1 SYSTEMPATH\CodeIgniter.php(922): App\Controllers\BaseController->initController(Object(CodeIgniter\HTTP\IncomingRequest), Object(CodeIgniter\HTTP\Response), Object(CodeIgniter\Log\Logger))
 2 SYSTEMPATH\CodeIgniter.php(488): CodeIgniter\CodeIgniter->createController()
 3 SYSTEMPATH\CodeIgniter.php(340): CodeIgniter\CodeIgniter->handleRequest(null, Object(Config\Cache), false)
 4 SYSTEMPATH\Boot.php(417): CodeIgniter\CodeIgniter->run()
 5 SYSTEMPATH\Boot.php(68): CodeIgniter\Boot::runCodeIgniter(Object(CodeIgniter\CodeIgniter))
 6 FCPATH\index.php(59): CodeIgniter\Boot::bootWeb(Object(Config\Paths))
 7 SYSTEMPATH\rewrite.php(44): require_once('C:\\laragon\\data\\kainkita\\public\\index.php')
WARNING - 2026-05-17 04:52:13 --> [DEPRECATED] Creation of dynamic property Modul\Home\Controllers\Home::$pager is deprecated in APPPATH\Controllers\BaseController.php on line 52.
 1 SYSTEMPATH\CodeIgniter.php(922): App\Controllers\BaseController->initController(Object(CodeIgniter\HTTP\IncomingRequest), Object(CodeIgniter\HTTP\Response), Object(CodeIgniter\Log\Logger))
 2 SYSTEMPATH\CodeIgniter.php(488): CodeIgniter\CodeIgniter->createController()
 3 SYSTEMPATH\CodeIgniter.php(340): CodeIgniter\CodeIgniter->handleRequest(null, Object(Config\Cache), false)
 4 SYSTEMPATH\Boot.php(417): CodeIgniter\CodeIgniter->run()
 5 SYSTEMPATH\Boot.php(68): CodeIgniter\Boot::runCodeIgniter(Object(CodeIgniter\CodeIgniter))
 6 FCPATH\index.php(59): CodeIgniter\Boot::bootWeb(Object(Config\Paths))
 7 SYSTEMPATH\rewrite.php(44): require_once('C:\\laragon\\data\\kainkita\\public\\index.php')
WARNING - 2026-05-17 04:52:13 --> [DEPRECATED] Creation of dynamic property CodeIgniter\View\View::$db is deprecated in APPPATH\Views\layout\template.php on line 4.
 1 SYSTEMPATH\View\View.php(238): include('C:\\laragon\\data\\kainkita\\app\\Views\\layout\\template.php')
 2 SYSTEMPATH\View\View.php(241): CodeIgniter\View\View->CodeIgniter\View\{closure}()
 3 SYSTEMPATH\View\View.php(254): CodeIgniter\View\View->render('layout/template', [], true)
 4 SYSTEMPATH\Common.php(1250): CodeIgniter\View\View->render('Modul\\Home\\Views\\viewHome', [], true)
 5 ROOTPATH\modul\Home\Controllers\Home.php(71): view('Modul\\Home\\Views\\viewHome', [...])
 6 SYSTEMPATH\CodeIgniter.php(951): Modul\Home\Controllers\Home->index()
 7 SYSTEMPATH\CodeIgniter.php(497): CodeIgniter\CodeIgniter->runController(Object(Modul\Home\Controllers\Home))
 8 SYSTEMPATH\CodeIgniter.php(340): CodeIgniter\CodeIgniter->handleRequest(null, Object(Config\Cache), false)
 9 SYSTEMPATH\Boot.php(417): CodeIgniter\CodeIgniter->run()
10 SYSTEMPATH\Boot.php(68): CodeIgniter\Boot::runCodeIgniter(Object(CodeIgniter\CodeIgniter))
11 FCPATH\index.php(59): CodeIgniter\Boot::bootWeb(Object(Config\Paths))
12 SYSTEMPATH\rewrite.php(44): require_once('C:\\laragon\\data\\kainkita\\public\\index.php')
DEBUG - 2026-05-17 04:52:19 --> Session: Class initialized using 'CodeIgniter\Session\Handlers\FileHandler' driver.
WARNING - 2026-05-17 04:52:19 --> [DEPRECATED] Creation of dynamic property Modul\Carts\Controllers\Carts::$session is deprecated in APPPATH\Controllers\BaseController.php on line 47.
 1 SYSTEMPATH\CodeIgniter.php(922): App\Controllers\BaseController->initController(Object(CodeIgniter\HTTP\IncomingRequest), Object(CodeIgniter\HTTP\Response), Object(CodeIgniter\Log\Logger))
 2 SYSTEMPATH\CodeIgniter.php(488): CodeIgniter\CodeIgniter->createController()
 3 SYSTEMPATH\CodeIgniter.php(340): CodeIgniter\CodeIgniter->handleRequest(null, Object(Config\Cache), false)
 4 SYSTEMPATH\Boot.php(417): CodeIgniter\CodeIgniter->run()
 5 SYSTEMPATH\Boot.php(68): CodeIgniter\Boot::runCodeIgniter(Object(CodeIgniter\CodeIgniter))
 6 FCPATH\index.php(59): CodeIgniter\Boot::bootWeb(Object(Config\Paths))
 7 SYSTEMPATH\rewrite.php(44): require_once('C:\\laragon\\data\\kainkita\\public\\index.php')
WARNING - 2026-05-17 04:52:19 --> [DEPRECATED] Creation of dynamic property Modul\Carts\Controllers\Carts::$validation is deprecated in APPPATH\Controllers\BaseController.php on line 48.
 1 SYSTEMPATH\CodeIgniter.php(922): App\Controllers\BaseController->initController(Object(CodeIgniter\HTTP\IncomingRequest), Object(CodeIgniter\HTTP\Response), Object(CodeIgniter\Log\Logger))
 2 SYSTEMPATH\CodeIgniter.php(488): CodeIgniter\CodeIgniter->createController()
 3 SYSTEMPATH\CodeIgniter.php(340): CodeIgniter\CodeIgniter->handleRequest(null, Object(Config\Cache), false)
 4 SYSTEMPATH\Boot.php(417): CodeIgniter\CodeIgniter->run()
 5 SYSTEMPATH\Boot.php(68): CodeIgniter\Boot::runCodeIgniter(Object(CodeIgniter\CodeIgniter))
 6 FCPATH\index.php(59): CodeIgniter\Boot::bootWeb(Object(Config\Paths))
 7 SYSTEMPATH\rewrite.php(44): require_once('C:\\laragon\\data\\kainkita\\public\\index.php')
WARNING - 2026-05-17 04:52:19 --> [DEPRECATED] Creation of dynamic property Modul\Carts\Controllers\Carts::$db is deprecated in APPPATH\Controllers\BaseController.php on line 50.
 1 SYSTEMPATH\CodeIgniter.php(922): App\Controllers\BaseController->initController(Object(CodeIgniter\HTTP\IncomingRequest), Object(CodeIgniter\HTTP\Response), Object(CodeIgniter\Log\Logger))
 2 SYSTEMPATH\CodeIgniter.php(488): CodeIgniter\CodeIgniter->createController()
 3 SYSTEMPATH\CodeIgniter.php(340): CodeIgniter\CodeIgniter->handleRequest(null, Object(Config\Cache), false)
 4 SYSTEMPATH\Boot.php(417): CodeIgniter\CodeIgniter->run()
 5 SYSTEMPATH\Boot.php(68): CodeIgniter\Boot::runCodeIgniter(Object(CodeIgniter\CodeIgniter))
 6 FCPATH\index.php(59): CodeIgniter\Boot::bootWeb(Object(Config\Paths))
 7 SYSTEMPATH\rewrite.php(44): require_once('C:\\laragon\\data\\kainkita\\public\\index.php')
WARNING - 2026-05-17 04:52:19 --> [DEPRECATED] Creation of dynamic property Modul\Carts\Controllers\Carts::$uri is deprecated in APPPATH\Controllers\BaseController.php on line 51.
 1 SYSTEMPATH\CodeIgniter.php(922): App\Controllers\BaseController->initController(Object(CodeIgniter\HTTP\IncomingRequest), Object(CodeIgniter\HTTP\Response), Object(CodeIgniter\Log\Logger))
 2 SYSTEMPATH\CodeIgniter.php(488): CodeIgniter\CodeIgniter->createController()
 3 SYSTEMPATH\CodeIgniter.php(340): CodeIgniter\CodeIgniter->handleRequest(null, Object(Config\Cache), false)
 4 SYSTEMPATH\Boot.php(417): CodeIgniter\CodeIgniter->run()
 5 SYSTEMPATH\Boot.php(68): CodeIgniter\Boot::runCodeIgniter(Object(CodeIgniter\CodeIgniter))
 6 FCPATH\index.php(59): CodeIgniter\Boot::bootWeb(Object(Config\Paths))
 7 SYSTEMPATH\rewrite.php(44): require_once('C:\\laragon\\data\\kainkita\\public\\index.php')
WARNING - 2026-05-17 04:52:19 --> [DEPRECATED] Creation of dynamic property Modul\Carts\Controllers\Carts::$pager is deprecated in APPPATH\Controllers\BaseController.php on line 52.
 1 SYSTEMPATH\CodeIgniter.php(922): App\Controllers\BaseController->initController(Object(CodeIgniter\HTTP\IncomingRequest), Object(CodeIgniter\HTTP\Response), Object(CodeIgniter\Log\Logger))
 2 SYSTEMPATH\CodeIgniter.php(488): CodeIgniter\CodeIgniter->createController()
 3 SYSTEMPATH\CodeIgniter.php(340): CodeIgniter\CodeIgniter->handleRequest(null, Object(Config\Cache), false)
 4 SYSTEMPATH\Boot.php(417): CodeIgniter\CodeIgniter->run()
 5 SYSTEMPATH\Boot.php(68): CodeIgniter\Boot::runCodeIgniter(Object(CodeIgniter\CodeIgniter))
 6 FCPATH\index.php(59): CodeIgniter\Boot::bootWeb(Object(Config\Paths))
 7 SYSTEMPATH\rewrite.php(44): require_once('C:\\laragon\\data\\kainkita\\public\\index.php')
DEBUG - 2026-05-17 04:52:19 --> Session: Class initialized using 'CodeIgniter\Session\Handlers\FileHandler' driver.
WARNING - 2026-05-17 04:52:19 --> [DEPRECATED] Creation of dynamic property Modul\Wishlists\Controllers\Wishlists::$session is deprecated in APPPATH\Controllers\BaseController.php on line 47.
 1 SYSTEMPATH\CodeIgniter.php(922): App\Controllers\BaseController->initController(Object(CodeIgniter\HTTP\IncomingRequest), Object(CodeIgniter\HTTP\Response), Object(CodeIgniter\Log\Logger))
 2 SYSTEMPATH\CodeIgniter.php(488): CodeIgniter\CodeIgniter->createController()
 3 SYSTEMPATH\CodeIgniter.php(340): CodeIgniter\CodeIgniter->handleRequest(null, Object(Config\Cache), false)
 4 SYSTEMPATH\Boot.php(417): CodeIgniter\CodeIgniter->run()
 5 SYSTEMPATH\Boot.php(68): CodeIgniter\Boot::runCodeIgniter(Object(CodeIgniter\CodeIgniter))
 6 FCPATH\index.php(59): CodeIgniter\Boot::bootWeb(Object(Config\Paths))
 7 SYSTEMPATH\rewrite.php(44): require_once('C:\\laragon\\data\\kainkita\\public\\index.php')
WARNING - 2026-05-17 04:52:19 --> [DEPRECATED] Creation of dynamic property Modul\Wishlists\Controllers\Wishlists::$validation is deprecated in APPPATH\Controllers\BaseController.php on line 48.
 1 SYSTEMPATH\CodeIgniter.php(922): App\Controllers\BaseController->initController(Object(CodeIgniter\HTTP\IncomingRequest), Object(CodeIgniter\HTTP\Response), Object(CodeIgniter\Log\Logger))
 2 SYSTEMPATH\CodeIgniter.php(488): CodeIgniter\CodeIgniter->createController()
 3 SYSTEMPATH\CodeIgniter.php(340): CodeIgniter\CodeIgniter->handleRequest(null, Object(Config\Cache), false)
 4 SYSTEMPATH\Boot.php(417): CodeIgniter\CodeIgniter->run()
 5 SYSTEMPATH\Boot.php(68): CodeIgniter\Boot::runCodeIgniter(Object(CodeIgniter\CodeIgniter))
 6 FCPATH\index.php(59): CodeIgniter\Boot::bootWeb(Object(Config\Paths))
 7 SYSTEMPATH\rewrite.php(44): require_once('C:\\laragon\\data\\kainkita\\public\\index.php')
WARNING - 2026-05-17 04:52:19 --> [DEPRECATED] Creation of dynamic property Modul\Wishlists\Controllers\Wishlists::$db is deprecated in APPPATH\Controllers\BaseController.php on line 50.
 1 SYSTEMPATH\CodeIgniter.php(922): App\Controllers\BaseController->initController(Object(CodeIgniter\HTTP\IncomingRequest), Object(CodeIgniter\HTTP\Response), Object(CodeIgniter\Log\Logger))
 2 SYSTEMPATH\CodeIgniter.php(488): CodeIgniter\CodeIgniter->createController()
 3 SYSTEMPATH\CodeIgniter.php(340): CodeIgniter\CodeIgniter->handleRequest(null, Object(Config\Cache), false)
 4 SYSTEMPATH\Boot.php(417): CodeIgniter\CodeIgniter->run()
 5 SYSTEMPATH\Boot.php(68): CodeIgniter\Boot::runCodeIgniter(Object(CodeIgniter\CodeIgniter))
 6 FCPATH\index.php(59): CodeIgniter\Boot::bootWeb(Object(Config\Paths))
 7 SYSTEMPATH\rewrite.php(44): require_once('C:\\laragon\\data\\kainkita\\public\\index.php')
WARNING - 2026-05-17 04:52:19 --> [DEPRECATED] Creation of dynamic property Modul\Wishlists\Controllers\Wishlists::$uri is deprecated in APPPATH\Controllers\BaseController.php on line 51.
 1 SYSTEMPATH\CodeIgniter.php(922): App\Controllers\BaseController->initController(Object(CodeIgniter\HTTP\IncomingRequest), Object(CodeIgniter\HTTP\Response), Object(CodeIgniter\Log\Logger))
 2 SYSTEMPATH\CodeIgniter.php(488): CodeIgniter\CodeIgniter->createController()
 3 SYSTEMPATH\CodeIgniter.php(340): CodeIgniter\CodeIgniter->handleRequest(null, Object(Config\Cache), false)
 4 SYSTEMPATH\Boot.php(417): CodeIgniter\CodeIgniter->run()
 5 SYSTEMPATH\Boot.php(68): CodeIgniter\Boot::runCodeIgniter(Object(CodeIgniter\CodeIgniter))
 6 FCPATH\index.php(59): CodeIgniter\Boot::bootWeb(Object(Config\Paths))
 7 SYSTEMPATH\rewrite.php(44): require_once('C:\\laragon\\data\\kainkita\\public\\index.php')
WARNING - 2026-05-17 04:52:19 --> [DEPRECATED] Creation of dynamic property Modul\Wishlists\Controllers\Wishlists::$pager is deprecated in APPPATH\Controllers\BaseController.php on line 52.
 1 SYSTEMPATH\CodeIgniter.php(922): App\Controllers\BaseController->initController(Object(CodeIgniter\HTTP\IncomingRequest), Object(CodeIgniter\HTTP\Response), Object(CodeIgniter\Log\Logger))
 2 SYSTEMPATH\CodeIgniter.php(488): CodeIgniter\CodeIgniter->createController()
 3 SYSTEMPATH\CodeIgniter.php(340): CodeIgniter\CodeIgniter->handleRequest(null, Object(Config\Cache), false)
 4 SYSTEMPATH\Boot.php(417): CodeIgniter\CodeIgniter->run()
 5 SYSTEMPATH\Boot.php(68): CodeIgniter\Boot::runCodeIgniter(Object(CodeIgniter\CodeIgniter))
 6 FCPATH\index.php(59): CodeIgniter\Boot::bootWeb(Object(Config\Paths))
 7 SYSTEMPATH\rewrite.php(44): require_once('C:\\laragon\\data\\kainkita\\public\\index.php')
DEBUG - 2026-05-17 04:52:23 --> Session: Class initialized using 'CodeIgniter\Session\Handlers\FileHandler' driver.
WARNING - 2026-05-17 04:52:23 --> [DEPRECATED] Creation of dynamic property Modul\Home\Controllers\Home::$session is deprecated in APPPATH\Controllers\BaseController.php on line 47.
 1 SYSTEMPATH\CodeIgniter.php(922): App\Controllers\BaseController->initController(Object(CodeIgniter\HTTP\IncomingRequest), Object(CodeIgniter\HTTP\Response), Object(CodeIgniter\Log\Logger))
 2 SYSTEMPATH\CodeIgniter.php(488): CodeIgniter\CodeIgniter->createController()
 3 SYSTEMPATH\CodeIgniter.php(340): CodeIgniter\CodeIgniter->handleRequest(null, Object(Config\Cache), false)
 4 SYSTEMPATH\Boot.php(417): CodeIgniter\CodeIgniter->run()
 5 SYSTEMPATH\Boot.php(68): CodeIgniter\Boot::runCodeIgniter(Object(CodeIgniter\CodeIgniter))
 6 FCPATH\index.php(59): CodeIgniter\Boot::bootWeb(Object(Config\Paths))
 7 SYSTEMPATH\rewrite.php(44): require_once('C:\\laragon\\data\\kainkita\\public\\index.php')
WARNING - 2026-05-17 04:52:23 --> [DEPRECATED] Creation of dynamic property Modul\Home\Controllers\Home::$validation is deprecated in APPPATH\Controllers\BaseController.php on line 48.
 1 SYSTEMPATH\CodeIgniter.php(922): App\Controllers\BaseController->initController(Object(CodeIgniter\HTTP\IncomingRequest), Object(CodeIgniter\HTTP\Response), Object(CodeIgniter\Log\Logger))
 2 SYSTEMPATH\CodeIgniter.php(488): CodeIgniter\CodeIgniter->createController()
 3 SYSTEMPATH\CodeIgniter.php(340): CodeIgniter\CodeIgniter->handleRequest(null, Object(Config\Cache), false)
 4 SYSTEMPATH\Boot.php(417): CodeIgniter\CodeIgniter->run()
 5 SYSTEMPATH\Boot.php(68): CodeIgniter\Boot::runCodeIgniter(Object(CodeIgniter\CodeIgniter))
 6 FCPATH\index.php(59): CodeIgniter\Boot::bootWeb(Object(Config\Paths))
 7 SYSTEMPATH\rewrite.php(44): require_once('C:\\laragon\\data\\kainkita\\public\\index.php')
WARNING - 2026-05-17 04:52:23 --> [DEPRECATED] Creation of dynamic property Modul\Home\Controllers\Home::$db is deprecated in APPPATH\Controllers\BaseController.php on line 50.
 1 SYSTEMPATH\CodeIgniter.php(922): App\Controllers\BaseController->initController(Object(CodeIgniter\HTTP\IncomingRequest), Object(CodeIgniter\HTTP\Response), Object(CodeIgniter\Log\Logger))
 2 SYSTEMPATH\CodeIgniter.php(488): CodeIgniter\CodeIgniter->createController()
 3 SYSTEMPATH\CodeIgniter.php(340): CodeIgniter\CodeIgniter->handleRequest(null, Object(Config\Cache), false)
 4 SYSTEMPATH\Boot.php(417): CodeIgniter\CodeIgniter->run()
 5 SYSTEMPATH\Boot.php(68): CodeIgniter\Boot::runCodeIgniter(Object(CodeIgniter\CodeIgniter))
 6 FCPATH\index.php(59): CodeIgniter\Boot::bootWeb(Object(Config\Paths))
 7 SYSTEMPATH\rewrite.php(44): require_once('C:\\laragon\\data\\kainkita\\public\\index.php')
WARNING - 2026-05-17 04:52:23 --> [DEPRECATED] Creation of dynamic property Modul\Home\Controllers\Home::$uri is deprecated in APPPATH\Controllers\BaseController.php on line 51.
 1 SYSTEMPATH\CodeIgniter.php(922): App\Controllers\BaseController->initController(Object(CodeIgniter\HTTP\IncomingRequest), Object(CodeIgniter\HTTP\Response), Object(CodeIgniter\Log\Logger))
 2 SYSTEMPATH\CodeIgniter.php(488): CodeIgniter\CodeIgniter->createController()
 3 SYSTEMPATH\CodeIgniter.php(340): CodeIgniter\CodeIgniter->handleRequest(null, Object(Config\Cache), false)
 4 SYSTEMPATH\Boot.php(417): CodeIgniter\CodeIgniter->run()
 5 SYSTEMPATH\Boot.php(68): CodeIgniter\Boot::runCodeIgniter(Object(CodeIgniter\CodeIgniter))
 6 FCPATH\index.php(59): CodeIgniter\Boot::bootWeb(Object(Config\Paths))
 7 SYSTEMPATH\rewrite.php(44): require_once('C:\\laragon\\data\\kainkita\\public\\index.php')
WARNING - 2026-05-17 04:52:23 --> [DEPRECATED] Creation of dynamic property Modul\Home\Controllers\Home::$pager is deprecated in APPPATH\Controllers\BaseController.php on line 52.
 1 SYSTEMPATH\CodeIgniter.php(922): App\Controllers\BaseController->initController(Object(CodeIgniter\HTTP\IncomingRequest), Object(CodeIgniter\HTTP\Response), Object(CodeIgniter\Log\Logger))
 2 SYSTEMPATH\CodeIgniter.php(488): CodeIgniter\CodeIgniter->createController()
 3 SYSTEMPATH\CodeIgniter.php(340): CodeIgniter\CodeIgniter->handleRequest(null, Object(Config\Cache), false)
 4 SYSTEMPATH\Boot.php(417): CodeIgniter\CodeIgniter->run()
 5 SYSTEMPATH\Boot.php(68): CodeIgniter\Boot::runCodeIgniter(Object(CodeIgniter\CodeIgniter))
 6 FCPATH\index.php(59): CodeIgniter\Boot::bootWeb(Object(Config\Paths))
 7 SYSTEMPATH\rewrite.php(44): require_once('C:\\laragon\\data\\kainkita\\public\\index.php')
WARNING - 2026-05-17 04:52:23 --> [DEPRECATED] Creation of dynamic property CodeIgniter\View\View::$db is deprecated in APPPATH\Views\layout\template.php on line 4.
 1 SYSTEMPATH\View\View.php(238): include('C:\\laragon\\data\\kainkita\\app\\Views\\layout\\template.php')
 2 SYSTEMPATH\View\View.php(241): CodeIgniter\View\View->CodeIgniter\View\{closure}()
 3 SYSTEMPATH\View\View.php(254): CodeIgniter\View\View->render('layout/template', [], true)
 4 SYSTEMPATH\Common.php(1250): CodeIgniter\View\View->render('Modul\\Home\\Views\\viewHome', [], true)
 5 ROOTPATH\modul\Home\Controllers\Home.php(71): view('Modul\\Home\\Views\\viewHome', [...])
 6 SYSTEMPATH\CodeIgniter.php(951): Modul\Home\Controllers\Home->index()
 7 SYSTEMPATH\CodeIgniter.php(497): CodeIgniter\CodeIgniter->runController(Object(Modul\Home\Controllers\Home))
 8 SYSTEMPATH\CodeIgniter.php(340): CodeIgniter\CodeIgniter->handleRequest(null, Object(Config\Cache), false)
 9 SYSTEMPATH\Boot.php(417): CodeIgniter\CodeIgniter->run()
10 SYSTEMPATH\Boot.php(68): CodeIgniter\Boot::runCodeIgniter(Object(CodeIgniter\CodeIgniter))
11 FCPATH\index.php(59): CodeIgniter\Boot::bootWeb(Object(Config\Paths))
12 SYSTEMPATH\rewrite.php(44): require_once('C:\\laragon\\data\\kainkita\\public\\index.php')
DEBUG - 2026-05-17 04:52:24 --> Session: Class initialized using 'CodeIgniter\Session\Handlers\FileHandler' driver.
WARNING - 2026-05-17 04:52:24 --> [DEPRECATED] Creation of dynamic property Modul\Carts\Controllers\Carts::$session is deprecated in APPPATH\Controllers\BaseController.php on line 47.
 1 SYSTEMPATH\CodeIgniter.php(922): App\Controllers\BaseController->initController(Object(CodeIgniter\HTTP\IncomingRequest), Object(CodeIgniter\HTTP\Response), Object(CodeIgniter\Log\Logger))
 2 SYSTEMPATH\CodeIgniter.php(488): CodeIgniter\CodeIgniter->createController()
 3 SYSTEMPATH\CodeIgniter.php(340): CodeIgniter\CodeIgniter->handleRequest(null, Object(Config\Cache), false)
 4 SYSTEMPATH\Boot.php(417): CodeIgniter\CodeIgniter->run()
 5 SYSTEMPATH\Boot.php(68): CodeIgniter\Boot::runCodeIgniter(Object(CodeIgniter\CodeIgniter))
 6 FCPATH\index.php(59): CodeIgniter\Boot::bootWeb(Object(Config\Paths))
 7 SYSTEMPATH\rewrite.php(44): require_once('C:\\laragon\\data\\kainkita\\public\\index.php')
WARNING - 2026-05-17 04:52:24 --> [DEPRECATED] Creation of dynamic property Modul\Carts\Controllers\Carts::$validation is deprecated in APPPATH\Controllers\BaseController.php on line 48.
 1 SYSTEMPATH\CodeIgniter.php(922): App\Controllers\BaseController->initController(Object(CodeIgniter\HTTP\IncomingRequest), Object(CodeIgniter\HTTP\Response), Object(CodeIgniter\Log\Logger))
 2 SYSTEMPATH\CodeIgniter.php(488): CodeIgniter\CodeIgniter->createController()
 3 SYSTEMPATH\CodeIgniter.php(340): CodeIgniter\CodeIgniter->handleRequest(null, Object(Config\Cache), false)
 4 SYSTEMPATH\Boot.php(417): CodeIgniter\CodeIgniter->run()
 5 SYSTEMPATH\Boot.php(68): CodeIgniter\Boot::runCodeIgniter(Object(CodeIgniter\CodeIgniter))
 6 FCPATH\index.php(59): CodeIgniter\Boot::bootWeb(Object(Config\Paths))
 7 SYSTEMPATH\rewrite.php(44): require_once('C:\\laragon\\data\\kainkita\\public\\index.php')
WARNING - 2026-05-17 04:52:24 --> [DEPRECATED] Creation of dynamic property Modul\Carts\Controllers\Carts::$db is deprecated in APPPATH\Controllers\BaseController.php on line 50.
 1 SYSTEMPATH\CodeIgniter.php(922): App\Controllers\BaseController->initController(Object(CodeIgniter\HTTP\IncomingRequest), Object(CodeIgniter\HTTP\Response), Object(CodeIgniter\Log\Logger))
 2 SYSTEMPATH\CodeIgniter.php(488): CodeIgniter\CodeIgniter->createController()
 3 SYSTEMPATH\CodeIgniter.php(340): CodeIgniter\CodeIgniter->handleRequest(null, Object(Config\Cache), false)
 4 SYSTEMPATH\Boot.php(417): CodeIgniter\CodeIgniter->run()
 5 SYSTEMPATH\Boot.php(68): CodeIgniter\Boot::runCodeIgniter(Object(CodeIgniter\CodeIgniter))
 6 FCPATH\index.php(59): CodeIgniter\Boot::bootWeb(Object(Config\Paths))
 7 SYSTEMPATH\rewrite.php(44): require_once('C:\\laragon\\data\\kainkita\\public\\index.php')
WARNING - 2026-05-17 04:52:24 --> [DEPRECATED] Creation of dynamic property Modul\Carts\Controllers\Carts::$uri is deprecated in APPPATH\Controllers\BaseController.php on line 51.
 1 SYSTEMPATH\CodeIgniter.php(922): App\Controllers\BaseController->initController(Object(CodeIgniter\HTTP\IncomingRequest), Object(CodeIgniter\HTTP\Response), Object(CodeIgniter\Log\Logger))
 2 SYSTEMPATH\CodeIgniter.php(488): CodeIgniter\CodeIgniter->createController()
 3 SYSTEMPATH\CodeIgniter.php(340): CodeIgniter\CodeIgniter->handleRequest(null, Object(Config\Cache), false)
 4 SYSTEMPATH\Boot.php(417): CodeIgniter\CodeIgniter->run()
 5 SYSTEMPATH\Boot.php(68): CodeIgniter\Boot::runCodeIgniter(Object(CodeIgniter\CodeIgniter))
 6 FCPATH\index.php(59): CodeIgniter\Boot::bootWeb(Object(Config\Paths))
 7 SYSTEMPATH\rewrite.php(44): require_once('C:\\laragon\\data\\kainkita\\public\\index.php')
WARNING - 2026-05-17 04:52:24 --> [DEPRECATED] Creation of dynamic property Modul\Carts\Controllers\Carts::$pager is deprecated in APPPATH\Controllers\BaseController.php on line 52.
 1 SYSTEMPATH\CodeIgniter.php(922): App\Controllers\BaseController->initController(Object(CodeIgniter\HTTP\IncomingRequest), Object(CodeIgniter\HTTP\Response), Object(CodeIgniter\Log\Logger))
 2 SYSTEMPATH\CodeIgniter.php(488): CodeIgniter\CodeIgniter->createController()
 3 SYSTEMPATH\CodeIgniter.php(340): CodeIgniter\CodeIgniter->handleRequest(null, Object(Config\Cache), false)
 4 SYSTEMPATH\Boot.php(417): CodeIgniter\CodeIgniter->run()
 5 SYSTEMPATH\Boot.php(68): CodeIgniter\Boot::runCodeIgniter(Object(CodeIgniter\CodeIgniter))
 6 FCPATH\index.php(59): CodeIgniter\Boot::bootWeb(Object(Config\Paths))
 7 SYSTEMPATH\rewrite.php(44): require_once('C:\\laragon\\data\\kainkita\\public\\index.php')
DEBUG - 2026-05-17 04:52:24 --> Session: Class initialized using 'CodeIgniter\Session\Handlers\FileHandler' driver.
WARNING - 2026-05-17 04:52:24 --> [DEPRECATED] Creation of dynamic property Modul\Wishlists\Controllers\Wishlists::$session is deprecated in APPPATH\Controllers\BaseController.php on line 47.
 1 SYSTEMPATH\CodeIgniter.php(922): App\Controllers\BaseController->initController(Object(CodeIgniter\HTTP\IncomingRequest), Object(CodeIgniter\HTTP\Response), Object(CodeIgniter\Log\Logger))
 2 SYSTEMPATH\CodeIgniter.php(488): CodeIgniter\CodeIgniter->createController()
 3 SYSTEMPATH\CodeIgniter.php(340): CodeIgniter\CodeIgniter->handleRequest(null, Object(Config\Cache), false)
 4 SYSTEMPATH\Boot.php(417): CodeIgniter\CodeIgniter->run()
 5 SYSTEMPATH\Boot.php(68): CodeIgniter\Boot::runCodeIgniter(Object(CodeIgniter\CodeIgniter))
 6 FCPATH\index.php(59): CodeIgniter\Boot::bootWeb(Object(Config\Paths))
 7 SYSTEMPATH\rewrite.php(44): require_once('C:\\laragon\\data\\kainkita\\public\\index.php')
WARNING - 2026-05-17 04:52:24 --> [DEPRECATED] Creation of dynamic property Modul\Wishlists\Controllers\Wishlists::$validation is deprecated in APPPATH\Controllers\BaseController.php on line 48.
 1 SYSTEMPATH\CodeIgniter.php(922): App\Controllers\BaseController->initController(Object(CodeIgniter\HTTP\IncomingRequest), Object(CodeIgniter\HTTP\Response), Object(CodeIgniter\Log\Logger))
 2 SYSTEMPATH\CodeIgniter.php(488): CodeIgniter\CodeIgniter->createController()
 3 SYSTEMPATH\CodeIgniter.php(340): CodeIgniter\CodeIgniter->handleRequest(null, Object(Config\Cache), false)
 4 SYSTEMPATH\Boot.php(417): CodeIgniter\CodeIgniter->run()
 5 SYSTEMPATH\Boot.php(68): CodeIgniter\Boot::runCodeIgniter(Object(CodeIgniter\CodeIgniter))
 6 FCPATH\index.php(59): CodeIgniter\Boot::bootWeb(Object(Config\Paths))
 7 SYSTEMPATH\rewrite.php(44): require_once('C:\\laragon\\data\\kainkita\\public\\index.php')
WARNING - 2026-05-17 04:52:24 --> [DEPRECATED] Creation of dynamic property Modul\Wishlists\Controllers\Wishlists::$db is deprecated in APPPATH\Controllers\BaseController.php on line 50.
 1 SYSTEMPATH\CodeIgniter.php(922): App\Controllers\BaseController->initController(Object(CodeIgniter\HTTP\IncomingRequest), Object(CodeIgniter\HTTP\Response), Object(CodeIgniter\Log\Logger))
 2 SYSTEMPATH\CodeIgniter.php(488): CodeIgniter\CodeIgniter->createController()
 3 SYSTEMPATH\CodeIgniter.php(340): CodeIgniter\CodeIgniter->handleRequest(null, Object(Config\Cache), false)
 4 SYSTEMPATH\Boot.php(417): CodeIgniter\CodeIgniter->run()
 5 SYSTEMPATH\Boot.php(68): CodeIgniter\Boot::runCodeIgniter(Object(CodeIgniter\CodeIgniter))
 6 FCPATH\index.php(59): CodeIgniter\Boot::bootWeb(Object(Config\Paths))
 7 SYSTEMPATH\rewrite.php(44): require_once('C:\\laragon\\data\\kainkita\\public\\index.php')
WARNING - 2026-05-17 04:52:24 --> [DEPRECATED] Creation of dynamic property Modul\Wishlists\Controllers\Wishlists::$uri is deprecated in APPPATH\Controllers\BaseController.php on line 51.
 1 SYSTEMPATH\CodeIgniter.php(922): App\Controllers\BaseController->initController(Object(CodeIgniter\HTTP\IncomingRequest), Object(CodeIgniter\HTTP\Response), Object(CodeIgniter\Log\Logger))
 2 SYSTEMPATH\CodeIgniter.php(488): CodeIgniter\CodeIgniter->createController()
 3 SYSTEMPATH\CodeIgniter.php(340): CodeIgniter\CodeIgniter->handleRequest(null, Object(Config\Cache), false)
 4 SYSTEMPATH\Boot.php(417): CodeIgniter\CodeIgniter->run()
 5 SYSTEMPATH\Boot.php(68): CodeIgniter\Boot::runCodeIgniter(Object(CodeIgniter\CodeIgniter))
 6 FCPATH\index.php(59): CodeIgniter\Boot::bootWeb(Object(Config\Paths))
 7 SYSTEMPATH\rewrite.php(44): require_once('C:\\laragon\\data\\kainkita\\public\\index.php')
WARNING - 2026-05-17 04:52:24 --> [DEPRECATED] Creation of dynamic property Modul\Wishlists\Controllers\Wishlists::$pager is deprecated in APPPATH\Controllers\BaseController.php on line 52.
 1 SYSTEMPATH\CodeIgniter.php(922): App\Controllers\BaseController->initController(Object(CodeIgniter\HTTP\IncomingRequest), Object(CodeIgniter\HTTP\Response), Object(CodeIgniter\Log\Logger))
 2 SYSTEMPATH\CodeIgniter.php(488): CodeIgniter\CodeIgniter->createController()
 3 SYSTEMPATH\CodeIgniter.php(340): CodeIgniter\CodeIgniter->handleRequest(null, Object(Config\Cache), false)
 4 SYSTEMPATH\Boot.php(417): CodeIgniter\CodeIgniter->run()
 5 SYSTEMPATH\Boot.php(68): CodeIgniter\Boot::runCodeIgniter(Object(CodeIgniter\CodeIgniter))
 6 FCPATH\index.php(59): CodeIgniter\Boot::bootWeb(Object(Config\Paths))
 7 SYSTEMPATH\rewrite.php(44): require_once('C:\\laragon\\data\\kainkita\\public\\index.php')
DEBUG - 2026-05-17 04:53:18 --> Session: Class initialized using 'CodeIgniter\Session\Handlers\FileHandler' driver.
WARNING - 2026-05-17 04:53:18 --> [DEPRECATED] Creation of dynamic property Modul\My_orders\Controllers\My_orders::$session is deprecated in APPPATH\Controllers\BaseController.php on line 47.
 1 SYSTEMPATH\CodeIgniter.php(922): App\Controllers\BaseController->initController(Object(CodeIgniter\HTTP\IncomingRequest), Object(CodeIgniter\HTTP\Response), Object(CodeIgniter\Log\Logger))
 2 SYSTEMPATH\CodeIgniter.php(488): CodeIgniter\CodeIgniter->createController()
 3 SYSTEMPATH\CodeIgniter.php(340): CodeIgniter\CodeIgniter->handleRequest(null, Object(Config\Cache), false)
 4 SYSTEMPATH\Boot.php(417): CodeIgniter\CodeIgniter->run()
 5 SYSTEMPATH\Boot.php(68): CodeIgniter\Boot::runCodeIgniter(Object(CodeIgniter\CodeIgniter))
 6 FCPATH\index.php(59): CodeIgniter\Boot::bootWeb(Object(Config\Paths))
 7 SYSTEMPATH\rewrite.php(44): require_once('C:\\laragon\\data\\kainkita\\public\\index.php')
WARNING - 2026-05-17 04:53:18 --> [DEPRECATED] Creation of dynamic property Modul\My_orders\Controllers\My_orders::$validation is deprecated in APPPATH\Controllers\BaseController.php on line 48.
 1 SYSTEMPATH\CodeIgniter.php(922): App\Controllers\BaseController->initController(Object(CodeIgniter\HTTP\IncomingRequest), Object(CodeIgniter\HTTP\Response), Object(CodeIgniter\Log\Logger))
 2 SYSTEMPATH\CodeIgniter.php(488): CodeIgniter\CodeIgniter->createController()
 3 SYSTEMPATH\CodeIgniter.php(340): CodeIgniter\CodeIgniter->handleRequest(null, Object(Config\Cache), false)
 4 SYSTEMPATH\Boot.php(417): CodeIgniter\CodeIgniter->run()
 5 SYSTEMPATH\Boot.php(68): CodeIgniter\Boot::runCodeIgniter(Object(CodeIgniter\CodeIgniter))
 6 FCPATH\index.php(59): CodeIgniter\Boot::bootWeb(Object(Config\Paths))
 7 SYSTEMPATH\rewrite.php(44): require_once('C:\\laragon\\data\\kainkita\\public\\index.php')
WARNING - 2026-05-17 04:53:18 --> [DEPRECATED] Creation of dynamic property Modul\My_orders\Controllers\My_orders::$db is deprecated in APPPATH\Controllers\BaseController.php on line 50.
 1 SYSTEMPATH\CodeIgniter.php(922): App\Controllers\BaseController->initController(Object(CodeIgniter\HTTP\IncomingRequest), Object(CodeIgniter\HTTP\Response), Object(CodeIgniter\Log\Logger))
 2 SYSTEMPATH\CodeIgniter.php(488): CodeIgniter\CodeIgniter->createController()
 3 SYSTEMPATH\CodeIgniter.php(340): CodeIgniter\CodeIgniter->handleRequest(null, Object(Config\Cache), false)
 4 SYSTEMPATH\Boot.php(417): CodeIgniter\CodeIgniter->run()
 5 SYSTEMPATH\Boot.php(68): CodeIgniter\Boot::runCodeIgniter(Object(CodeIgniter\CodeIgniter))
 6 FCPATH\index.php(59): CodeIgniter\Boot::bootWeb(Object(Config\Paths))
 7 SYSTEMPATH\rewrite.php(44): require_once('C:\\laragon\\data\\kainkita\\public\\index.php')
WARNING - 2026-05-17 04:53:18 --> [DEPRECATED] Creation of dynamic property Modul\My_orders\Controllers\My_orders::$uri is deprecated in APPPATH\Controllers\BaseController.php on line 51.
 1 SYSTEMPATH\CodeIgniter.php(922): App\Controllers\BaseController->initController(Object(CodeIgniter\HTTP\IncomingRequest), Object(CodeIgniter\HTTP\Response), Object(CodeIgniter\Log\Logger))
 2 SYSTEMPATH\CodeIgniter.php(488): CodeIgniter\CodeIgniter->createController()
 3 SYSTEMPATH\CodeIgniter.php(340): CodeIgniter\CodeIgniter->handleRequest(null, Object(Config\Cache), false)
 4 SYSTEMPATH\Boot.php(417): CodeIgniter\CodeIgniter->run()
 5 SYSTEMPATH\Boot.php(68): CodeIgniter\Boot::runCodeIgniter(Object(CodeIgniter\CodeIgniter))
 6 FCPATH\index.php(59): CodeIgniter\Boot::bootWeb(Object(Config\Paths))
 7 SYSTEMPATH\rewrite.php(44): require_once('C:\\laragon\\data\\kainkita\\public\\index.php')
WARNING - 2026-05-17 04:53:18 --> [DEPRECATED] Creation of dynamic property Modul\My_orders\Controllers\My_orders::$pager is deprecated in APPPATH\Controllers\BaseController.php on line 52.
 1 SYSTEMPATH\CodeIgniter.php(922): App\Controllers\BaseController->initController(Object(CodeIgniter\HTTP\IncomingRequest), Object(CodeIgniter\HTTP\Response), Object(CodeIgniter\Log\Logger))
 2 SYSTEMPATH\CodeIgniter.php(488): CodeIgniter\CodeIgniter->createController()
 3 SYSTEMPATH\CodeIgniter.php(340): CodeIgniter\CodeIgniter->handleRequest(null, Object(Config\Cache), false)
 4 SYSTEMPATH\Boot.php(417): CodeIgniter\CodeIgniter->run()
 5 SYSTEMPATH\Boot.php(68): CodeIgniter\Boot::runCodeIgniter(Object(CodeIgniter\CodeIgniter))
 6 FCPATH\index.php(59): CodeIgniter\Boot::bootWeb(Object(Config\Paths))
 7 SYSTEMPATH\rewrite.php(44): require_once('C:\\laragon\\data\\kainkita\\public\\index.php')
WARNING - 2026-05-17 04:53:18 --> [DEPRECATED] Creation of dynamic property CodeIgniter\View\View::$db is deprecated in APPPATH\Views\layout\template.php on line 4.
 1 SYSTEMPATH\View\View.php(238): include('C:\\laragon\\data\\kainkita\\app\\Views\\layout\\template.php')
 2 SYSTEMPATH\View\View.php(241): CodeIgniter\View\View->CodeIgniter\View\{closure}()
 3 SYSTEMPATH\View\View.php(254): CodeIgniter\View\View->render('layout/template', [], true)
 4 SYSTEMPATH\Common.php(1250): CodeIgniter\View\View->render('Modul\\My_orders\\Views\\viewOrders', [], true)
 5 ROOTPATH\modul\My_orders\Controllers\My_orders.php(17): view('Modul\\My_orders\\Views\\viewOrders', [...])
 6 SYSTEMPATH\CodeIgniter.php(951): Modul\My_orders\Controllers\My_orders->index()
 7 SYSTEMPATH\CodeIgniter.php(497): CodeIgniter\CodeIgniter->runController(Object(Modul\My_orders\Controllers\My_orders))
 8 SYSTEMPATH\CodeIgniter.php(340): CodeIgniter\CodeIgniter->handleRequest(null, Object(Config\Cache), false)
 9 SYSTEMPATH\Boot.php(417): CodeIgniter\CodeIgniter->run()
10 SYSTEMPATH\Boot.php(68): CodeIgniter\Boot::runCodeIgniter(Object(CodeIgniter\CodeIgniter))
11 FCPATH\index.php(59): CodeIgniter\Boot::bootWeb(Object(Config\Paths))
12 SYSTEMPATH\rewrite.php(44): require_once('C:\\laragon\\data\\kainkita\\public\\index.php')
DEBUG - 2026-05-17 04:53:19 --> Session: Class initialized using 'CodeIgniter\Session\Handlers\FileHandler' driver.
WARNING - 2026-05-17 04:53:19 --> [DEPRECATED] Creation of dynamic property Modul\Carts\Controllers\Carts::$session is deprecated in APPPATH\Controllers\BaseController.php on line 47.
 1 SYSTEMPATH\CodeIgniter.php(922): App\Controllers\BaseController->initController(Object(CodeIgniter\HTTP\IncomingRequest), Object(CodeIgniter\HTTP\Response), Object(CodeIgniter\Log\Logger))
 2 SYSTEMPATH\CodeIgniter.php(488): CodeIgniter\CodeIgniter->createController()
 3 SYSTEMPATH\CodeIgniter.php(340): CodeIgniter\CodeIgniter->handleRequest(null, Object(Config\Cache), false)
 4 SYSTEMPATH\Boot.php(417): CodeIgniter\CodeIgniter->run()
 5 SYSTEMPATH\Boot.php(68): CodeIgniter\Boot::runCodeIgniter(Object(CodeIgniter\CodeIgniter))
 6 FCPATH\index.php(59): CodeIgniter\Boot::bootWeb(Object(Config\Paths))
 7 SYSTEMPATH\rewrite.php(44): require_once('C:\\laragon\\data\\kainkita\\public\\index.php')
WARNING - 2026-05-17 04:53:19 --> [DEPRECATED] Creation of dynamic property Modul\Carts\Controllers\Carts::$validation is deprecated in APPPATH\Controllers\BaseController.php on line 48.
 1 SYSTEMPATH\CodeIgniter.php(922): App\Controllers\BaseController->initController(Object(CodeIgniter\HTTP\IncomingRequest), Object(CodeIgniter\HTTP\Response), Object(CodeIgniter\Log\Logger))
 2 SYSTEMPATH\CodeIgniter.php(488): CodeIgniter\CodeIgniter->createController()
 3 SYSTEMPATH\CodeIgniter.php(340): CodeIgniter\CodeIgniter->handleRequest(null, Object(Config\Cache), false)
 4 SYSTEMPATH\Boot.php(417): CodeIgniter\CodeIgniter->run()
 5 SYSTEMPATH\Boot.php(68): CodeIgniter\Boot::runCodeIgniter(Object(CodeIgniter\CodeIgniter))
 6 FCPATH\index.php(59): CodeIgniter\Boot::bootWeb(Object(Config\Paths))
 7 SYSTEMPATH\rewrite.php(44): require_once('C:\\laragon\\data\\kainkita\\public\\index.php')
WARNING - 2026-05-17 04:53:19 --> [DEPRECATED] Creation of dynamic property Modul\Carts\Controllers\Carts::$db is deprecated in APPPATH\Controllers\BaseController.php on line 50.
 1 SYSTEMPATH\CodeIgniter.php(922): App\Controllers\BaseController->initController(Object(CodeIgniter\HTTP\IncomingRequest), Object(CodeIgniter\HTTP\Response), Object(CodeIgniter\Log\Logger))
 2 SYSTEMPATH\CodeIgniter.php(488): CodeIgniter\CodeIgniter->createController()
 3 SYSTEMPATH\CodeIgniter.php(340): CodeIgniter\CodeIgniter->handleRequest(null, Object(Config\Cache), false)
 4 SYSTEMPATH\Boot.php(417): CodeIgniter\CodeIgniter->run()
 5 SYSTEMPATH\Boot.php(68): CodeIgniter\Boot::runCodeIgniter(Object(CodeIgniter\CodeIgniter))
 6 FCPATH\index.php(59): CodeIgniter\Boot::bootWeb(Object(Config\Paths))
 7 SYSTEMPATH\rewrite.php(44): require_once('C:\\laragon\\data\\kainkita\\public\\index.php')
WARNING - 2026-05-17 04:53:19 --> [DEPRECATED] Creation of dynamic property Modul\Carts\Controllers\Carts::$uri is deprecated in APPPATH\Controllers\BaseController.php on line 51.
 1 SYSTEMPATH\CodeIgniter.php(922): App\Controllers\BaseController->initController(Object(CodeIgniter\HTTP\IncomingRequest), Object(CodeIgniter\HTTP\Response), Object(CodeIgniter\Log\Logger))
 2 SYSTEMPATH\CodeIgniter.php(488): CodeIgniter\CodeIgniter->createController()
 3 SYSTEMPATH\CodeIgniter.php(340): CodeIgniter\CodeIgniter->handleRequest(null, Object(Config\Cache), false)
 4 SYSTEMPATH\Boot.php(417): CodeIgniter\CodeIgniter->run()
 5 SYSTEMPATH\Boot.php(68): CodeIgniter\Boot::runCodeIgniter(Object(CodeIgniter\CodeIgniter))
 6 FCPATH\index.php(59): CodeIgniter\Boot::bootWeb(Object(Config\Paths))
 7 SYSTEMPATH\rewrite.php(44): require_once('C:\\laragon\\data\\kainkita\\public\\index.php')
WARNING - 2026-05-17 04:53:19 --> [DEPRECATED] Creation of dynamic property Modul\Carts\Controllers\Carts::$pager is deprecated in APPPATH\Controllers\BaseController.php on line 52.
 1 SYSTEMPATH\CodeIgniter.php(922): App\Controllers\BaseController->initController(Object(CodeIgniter\HTTP\IncomingRequest), Object(CodeIgniter\HTTP\Response), Object(CodeIgniter\Log\Logger))
 2 SYSTEMPATH\CodeIgniter.php(488): CodeIgniter\CodeIgniter->createController()
 3 SYSTEMPATH\CodeIgniter.php(340): CodeIgniter\CodeIgniter->handleRequest(null, Object(Config\Cache), false)
 4 SYSTEMPATH\Boot.php(417): CodeIgniter\CodeIgniter->run()
 5 SYSTEMPATH\Boot.php(68): CodeIgniter\Boot::runCodeIgniter(Object(CodeIgniter\CodeIgniter))
 6 FCPATH\index.php(59): CodeIgniter\Boot::bootWeb(Object(Config\Paths))
 7 SYSTEMPATH\rewrite.php(44): require_once('C:\\laragon\\data\\kainkita\\public\\index.php')
DEBUG - 2026-05-17 04:53:20 --> Session: Class initialized using 'CodeIgniter\Session\Handlers\FileHandler' driver.
WARNING - 2026-05-17 04:53:20 --> [DEPRECATED] Creation of dynamic property Modul\Wishlists\Controllers\Wishlists::$session is deprecated in APPPATH\Controllers\BaseController.php on line 47.
 1 SYSTEMPATH\CodeIgniter.php(922): App\Controllers\BaseController->initController(Object(CodeIgniter\HTTP\IncomingRequest), Object(CodeIgniter\HTTP\Response), Object(CodeIgniter\Log\Logger))
 2 SYSTEMPATH\CodeIgniter.php(488): CodeIgniter\CodeIgniter->createController()
 3 SYSTEMPATH\CodeIgniter.php(340): CodeIgniter\CodeIgniter->handleRequest(null, Object(Config\Cache), false)
 4 SYSTEMPATH\Boot.php(417): CodeIgniter\CodeIgniter->run()
 5 SYSTEMPATH\Boot.php(68): CodeIgniter\Boot::runCodeIgniter(Object(CodeIgniter\CodeIgniter))
 6 FCPATH\index.php(59): CodeIgniter\Boot::bootWeb(Object(Config\Paths))
 7 SYSTEMPATH\rewrite.php(44): require_once('C:\\laragon\\data\\kainkita\\public\\index.php')
WARNING - 2026-05-17 04:53:20 --> [DEPRECATED] Creation of dynamic property Modul\Wishlists\Controllers\Wishlists::$validation is deprecated in APPPATH\Controllers\BaseController.php on line 48.
 1 SYSTEMPATH\CodeIgniter.php(922): App\Controllers\BaseController->initController(Object(CodeIgniter\HTTP\IncomingRequest), Object(CodeIgniter\HTTP\Response), Object(CodeIgniter\Log\Logger))
 2 SYSTEMPATH\CodeIgniter.php(488): CodeIgniter\CodeIgniter->createController()
 3 SYSTEMPATH\CodeIgniter.php(340): CodeIgniter\CodeIgniter->handleRequest(null, Object(Config\Cache), false)
 4 SYSTEMPATH\Boot.php(417): CodeIgniter\CodeIgniter->run()
 5 SYSTEMPATH\Boot.php(68): CodeIgniter\Boot::runCodeIgniter(Object(CodeIgniter\CodeIgniter))
 6 FCPATH\index.php(59): CodeIgniter\Boot::bootWeb(Object(Config\Paths))
 7 SYSTEMPATH\rewrite.php(44): require_once('C:\\laragon\\data\\kainkita\\public\\index.php')
WARNING - 2026-05-17 04:53:20 --> [DEPRECATED] Creation of dynamic property Modul\Wishlists\Controllers\Wishlists::$db is deprecated in APPPATH\Controllers\BaseController.php on line 50.
 1 SYSTEMPATH\CodeIgniter.php(922): App\Controllers\BaseController->initController(Object(CodeIgniter\HTTP\IncomingRequest), Object(CodeIgniter\HTTP\Response), Object(CodeIgniter\Log\Logger))
 2 SYSTEMPATH\CodeIgniter.php(488): CodeIgniter\CodeIgniter->createController()
 3 SYSTEMPATH\CodeIgniter.php(340): CodeIgniter\CodeIgniter->handleRequest(null, Object(Config\Cache), false)
 4 SYSTEMPATH\Boot.php(417): CodeIgniter\CodeIgniter->run()
 5 SYSTEMPATH\Boot.php(68): CodeIgniter\Boot::runCodeIgniter(Object(CodeIgniter\CodeIgniter))
 6 FCPATH\index.php(59): CodeIgniter\Boot::bootWeb(Object(Config\Paths))
 7 SYSTEMPATH\rewrite.php(44): require_once('C:\\laragon\\data\\kainkita\\public\\index.php')
WARNING - 2026-05-17 04:53:20 --> [DEPRECATED] Creation of dynamic property Modul\Wishlists\Controllers\Wishlists::$uri is deprecated in APPPATH\Controllers\BaseController.php on line 51.
 1 SYSTEMPATH\CodeIgniter.php(922): App\Controllers\BaseController->initController(Object(CodeIgniter\HTTP\IncomingRequest), Object(CodeIgniter\HTTP\Response), Object(CodeIgniter\Log\Logger))
 2 SYSTEMPATH\CodeIgniter.php(488): CodeIgniter\CodeIgniter->createController()
 3 SYSTEMPATH\CodeIgniter.php(340): CodeIgniter\CodeIgniter->handleRequest(null, Object(Config\Cache), false)
 4 SYSTEMPATH\Boot.php(417): CodeIgniter\CodeIgniter->run()
 5 SYSTEMPATH\Boot.php(68): CodeIgniter\Boot::runCodeIgniter(Object(CodeIgniter\CodeIgniter))
 6 FCPATH\index.php(59): CodeIgniter\Boot::bootWeb(Object(Config\Paths))
 7 SYSTEMPATH\rewrite.php(44): require_once('C:\\laragon\\data\\kainkita\\public\\index.php')
WARNING - 2026-05-17 04:53:20 --> [DEPRECATED] Creation of dynamic property Modul\Wishlists\Controllers\Wishlists::$pager is deprecated in APPPATH\Controllers\BaseController.php on line 52.
 1 SYSTEMPATH\CodeIgniter.php(922): App\Controllers\BaseController->initController(Object(CodeIgniter\HTTP\IncomingRequest), Object(CodeIgniter\HTTP\Response), Object(CodeIgniter\Log\Logger))
 2 SYSTEMPATH\CodeIgniter.php(488): CodeIgniter\CodeIgniter->createController()
 3 SYSTEMPATH\CodeIgniter.php(340): CodeIgniter\CodeIgniter->handleRequest(null, Object(Config\Cache), false)
 4 SYSTEMPATH\Boot.php(417): CodeIgniter\CodeIgniter->run()
 5 SYSTEMPATH\Boot.php(68): CodeIgniter\Boot::runCodeIgniter(Object(CodeIgniter\CodeIgniter))
 6 FCPATH\index.php(59): CodeIgniter\Boot::bootWeb(Object(Config\Paths))
 7 SYSTEMPATH\rewrite.php(44): require_once('C:\\laragon\\data\\kainkita\\public\\index.php')
DEBUG - 2026-05-17 04:55:33 --> Session: Class initialized using 'CodeIgniter\Session\Handlers\FileHandler' driver.
WARNING - 2026-05-17 04:55:33 --> [DEPRECATED] Creation of dynamic property Modul\My_orders\Controllers\My_orders::$session is deprecated in APPPATH\Controllers\BaseController.php on line 47.
 1 SYSTEMPATH\CodeIgniter.php(922): App\Controllers\BaseController->initController(Object(CodeIgniter\HTTP\IncomingRequest), Object(CodeIgniter\HTTP\Response), Object(CodeIgniter\Log\Logger))
 2 SYSTEMPATH\CodeIgniter.php(488): CodeIgniter\CodeIgniter->createController()
 3 SYSTEMPATH\CodeIgniter.php(340): CodeIgniter\CodeIgniter->handleRequest(null, Object(Config\Cache), false)
 4 SYSTEMPATH\Boot.php(417): CodeIgniter\CodeIgniter->run()
 5 SYSTEMPATH\Boot.php(68): CodeIgniter\Boot::runCodeIgniter(Object(CodeIgniter\CodeIgniter))
 6 FCPATH\index.php(59): CodeIgniter\Boot::bootWeb(Object(Config\Paths))
 7 SYSTEMPATH\rewrite.php(44): require_once('C:\\laragon\\data\\kainkita\\public\\index.php')
WARNING - 2026-05-17 04:55:33 --> [DEPRECATED] Creation of dynamic property Modul\My_orders\Controllers\My_orders::$validation is deprecated in APPPATH\Controllers\BaseController.php on line 48.
 1 SYSTEMPATH\CodeIgniter.php(922): App\Controllers\BaseController->initController(Object(CodeIgniter\HTTP\IncomingRequest), Object(CodeIgniter\HTTP\Response), Object(CodeIgniter\Log\Logger))
 2 SYSTEMPATH\CodeIgniter.php(488): CodeIgniter\CodeIgniter->createController()
 3 SYSTEMPATH\CodeIgniter.php(340): CodeIgniter\CodeIgniter->handleRequest(null, Object(Config\Cache), false)
 4 SYSTEMPATH\Boot.php(417): CodeIgniter\CodeIgniter->run()
 5 SYSTEMPATH\Boot.php(68): CodeIgniter\Boot::runCodeIgniter(Object(CodeIgniter\CodeIgniter))
 6 FCPATH\index.php(59): CodeIgniter\Boot::bootWeb(Object(Config\Paths))
 7 SYSTEMPATH\rewrite.php(44): require_once('C:\\laragon\\data\\kainkita\\public\\index.php')
WARNING - 2026-05-17 04:55:33 --> [DEPRECATED] Creation of dynamic property Modul\My_orders\Controllers\My_orders::$db is deprecated in APPPATH\Controllers\BaseController.php on line 50.
 1 SYSTEMPATH\CodeIgniter.php(922): App\Controllers\BaseController->initController(Object(CodeIgniter\HTTP\IncomingRequest), Object(CodeIgniter\HTTP\Response), Object(CodeIgniter\Log\Logger))
 2 SYSTEMPATH\CodeIgniter.php(488): CodeIgniter\CodeIgniter->createController()
 3 SYSTEMPATH\CodeIgniter.php(340): CodeIgniter\CodeIgniter->handleRequest(null, Object(Config\Cache), false)
 4 SYSTEMPATH\Boot.php(417): CodeIgniter\CodeIgniter->run()
 5 SYSTEMPATH\Boot.php(68): CodeIgniter\Boot::runCodeIgniter(Object(CodeIgniter\CodeIgniter))
 6 FCPATH\index.php(59): CodeIgniter\Boot::bootWeb(Object(Config\Paths))
 7 SYSTEMPATH\rewrite.php(44): require_once('C:\\laragon\\data\\kainkita\\public\\index.php')
WARNING - 2026-05-17 04:55:33 --> [DEPRECATED] Creation of dynamic property Modul\My_orders\Controllers\My_orders::$uri is deprecated in APPPATH\Controllers\BaseController.php on line 51.
 1 SYSTEMPATH\CodeIgniter.php(922): App\Controllers\BaseController->initController(Object(CodeIgniter\HTTP\IncomingRequest), Object(CodeIgniter\HTTP\Response), Object(CodeIgniter\Log\Logger))
 2 SYSTEMPATH\CodeIgniter.php(488): CodeIgniter\CodeIgniter->createController()
 3 SYSTEMPATH\CodeIgniter.php(340): CodeIgniter\CodeIgniter->handleRequest(null, Object(Config\Cache), false)
 4 SYSTEMPATH\Boot.php(417): CodeIgniter\CodeIgniter->run()
 5 SYSTEMPATH\Boot.php(68): CodeIgniter\Boot::runCodeIgniter(Object(CodeIgniter\CodeIgniter))
 6 FCPATH\index.php(59): CodeIgniter\Boot::bootWeb(Object(Config\Paths))
 7 SYSTEMPATH\rewrite.php(44): require_once('C:\\laragon\\data\\kainkita\\public\\index.php')
WARNING - 2026-05-17 04:55:33 --> [DEPRECATED] Creation of dynamic property Modul\My_orders\Controllers\My_orders::$pager is deprecated in APPPATH\Controllers\BaseController.php on line 52.
 1 SYSTEMPATH\CodeIgniter.php(922): App\Controllers\BaseController->initController(Object(CodeIgniter\HTTP\IncomingRequest), Object(CodeIgniter\HTTP\Response), Object(CodeIgniter\Log\Logger))
 2 SYSTEMPATH\CodeIgniter.php(488): CodeIgniter\CodeIgniter->createController()
 3 SYSTEMPATH\CodeIgniter.php(340): CodeIgniter\CodeIgniter->handleRequest(null, Object(Config\Cache), false)
 4 SYSTEMPATH\Boot.php(417): CodeIgniter\CodeIgniter->run()
 5 SYSTEMPATH\Boot.php(68): CodeIgniter\Boot::runCodeIgniter(Object(CodeIgniter\CodeIgniter))
 6 FCPATH\index.php(59): CodeIgniter\Boot::bootWeb(Object(Config\Paths))
 7 SYSTEMPATH\rewrite.php(44): require_once('C:\\laragon\\data\\kainkita\\public\\index.php')
WARNING - 2026-05-17 04:55:33 --> [DEPRECATED] Creation of dynamic property CodeIgniter\View\View::$db is deprecated in APPPATH\Views\layout\template.php on line 4.
 1 SYSTEMPATH\View\View.php(238): include('C:\\laragon\\data\\kainkita\\app\\Views\\layout\\template.php')
 2 SYSTEMPATH\View\View.php(241): CodeIgniter\View\View->CodeIgniter\View\{closure}()
 3 SYSTEMPATH\View\View.php(254): CodeIgniter\View\View->render('layout/template', [], true)
 4 SYSTEMPATH\Common.php(1250): CodeIgniter\View\View->render('Modul\\My_orders\\Views\\viewOrders', [], true)
 5 ROOTPATH\modul\My_orders\Controllers\My_orders.php(17): view('Modul\\My_orders\\Views\\viewOrders', [...])
 6 SYSTEMPATH\CodeIgniter.php(951): Modul\My_orders\Controllers\My_orders->index()
 7 SYSTEMPATH\CodeIgniter.php(497): CodeIgniter\CodeIgniter->runController(Object(Modul\My_orders\Controllers\My_orders))
 8 SYSTEMPATH\CodeIgniter.php(340): CodeIgniter\CodeIgniter->handleRequest(null, Object(Config\Cache), false)
 9 SYSTEMPATH\Boot.php(417): CodeIgniter\CodeIgniter->run()
10 SYSTEMPATH\Boot.php(68): CodeIgniter\Boot::runCodeIgniter(Object(CodeIgniter\CodeIgniter))
11 FCPATH\index.php(59): CodeIgniter\Boot::bootWeb(Object(Config\Paths))
12 SYSTEMPATH\rewrite.php(44): require_once('C:\\laragon\\data\\kainkita\\public\\index.php')
DEBUG - 2026-05-17 04:55:35 --> Session: Class initialized using 'CodeIgniter\Session\Handlers\FileHandler' driver.
WARNING - 2026-05-17 04:55:35 --> [DEPRECATED] Creation of dynamic property Modul\Carts\Controllers\Carts::$session is deprecated in APPPATH\Controllers\BaseController.php on line 47.
 1 SYSTEMPATH\CodeIgniter.php(922): App\Controllers\BaseController->initController(Object(CodeIgniter\HTTP\IncomingRequest), Object(CodeIgniter\HTTP\Response), Object(CodeIgniter\Log\Logger))
 2 SYSTEMPATH\CodeIgniter.php(488): CodeIgniter\CodeIgniter->createController()
 3 SYSTEMPATH\CodeIgniter.php(340): CodeIgniter\CodeIgniter->handleRequest(null, Object(Config\Cache), false)
 4 SYSTEMPATH\Boot.php(417): CodeIgniter\CodeIgniter->run()
 5 SYSTEMPATH\Boot.php(68): CodeIgniter\Boot::runCodeIgniter(Object(CodeIgniter\CodeIgniter))
 6 FCPATH\index.php(59): CodeIgniter\Boot::bootWeb(Object(Config\Paths))
 7 SYSTEMPATH\rewrite.php(44): require_once('C:\\laragon\\data\\kainkita\\public\\index.php')
WARNING - 2026-05-17 04:55:35 --> [DEPRECATED] Creation of dynamic property Modul\Carts\Controllers\Carts::$validation is deprecated in APPPATH\Controllers\BaseController.php on line 48.
 1 SYSTEMPATH\CodeIgniter.php(922): App\Controllers\BaseController->initController(Object(CodeIgniter\HTTP\IncomingRequest), Object(CodeIgniter\HTTP\Response), Object(CodeIgniter\Log\Logger))
 2 SYSTEMPATH\CodeIgniter.php(488): CodeIgniter\CodeIgniter->createController()
 3 SYSTEMPATH\CodeIgniter.php(340): CodeIgniter\CodeIgniter->handleRequest(null, Object(Config\Cache), false)
 4 SYSTEMPATH\Boot.php(417): CodeIgniter\CodeIgniter->run()
 5 SYSTEMPATH\Boot.php(68): CodeIgniter\Boot::runCodeIgniter(Object(CodeIgniter\CodeIgniter))
 6 FCPATH\index.php(59): CodeIgniter\Boot::bootWeb(Object(Config\Paths))
 7 SYSTEMPATH\rewrite.php(44): require_once('C:\\laragon\\data\\kainkita\\public\\index.php')
WARNING - 2026-05-17 04:55:35 --> [DEPRECATED] Creation of dynamic property Modul\Carts\Controllers\Carts::$db is deprecated in APPPATH\Controllers\BaseController.php on line 50.
 1 SYSTEMPATH\CodeIgniter.php(922): App\Controllers\BaseController->initController(Object(CodeIgniter\HTTP\IncomingRequest), Object(CodeIgniter\HTTP\Response), Object(CodeIgniter\Log\Logger))
 2 SYSTEMPATH\CodeIgniter.php(488): CodeIgniter\CodeIgniter->createController()
 3 SYSTEMPATH\CodeIgniter.php(340): CodeIgniter\CodeIgniter->handleRequest(null, Object(Config\Cache), false)
 4 SYSTEMPATH\Boot.php(417): CodeIgniter\CodeIgniter->run()
 5 SYSTEMPATH\Boot.php(68): CodeIgniter\Boot::runCodeIgniter(Object(CodeIgniter\CodeIgniter))
 6 FCPATH\index.php(59): CodeIgniter\Boot::bootWeb(Object(Config\Paths))
 7 SYSTEMPATH\rewrite.php(44): require_once('C:\\laragon\\data\\kainkita\\public\\index.php')
WARNING - 2026-05-17 04:55:35 --> [DEPRECATED] Creation of dynamic property Modul\Carts\Controllers\Carts::$uri is deprecated in APPPATH\Controllers\BaseController.php on line 51.
 1 SYSTEMPATH\CodeIgniter.php(922): App\Controllers\BaseController->initController(Object(CodeIgniter\HTTP\IncomingRequest), Object(CodeIgniter\HTTP\Response), Object(CodeIgniter\Log\Logger))
 2 SYSTEMPATH\CodeIgniter.php(488): CodeIgniter\CodeIgniter->createController()
 3 SYSTEMPATH\CodeIgniter.php(340): CodeIgniter\CodeIgniter->handleRequest(null, Object(Config\Cache), false)
 4 SYSTEMPATH\Boot.php(417): CodeIgniter\CodeIgniter->run()
 5 SYSTEMPATH\Boot.php(68): CodeIgniter\Boot::runCodeIgniter(Object(CodeIgniter\CodeIgniter))
 6 FCPATH\index.php(59): CodeIgniter\Boot::bootWeb(Object(Config\Paths))
 7 SYSTEMPATH\rewrite.php(44): require_once('C:\\laragon\\data\\kainkita\\public\\index.php')
WARNING - 2026-05-17 04:55:35 --> [DEPRECATED] Creation of dynamic property Modul\Carts\Controllers\Carts::$pager is deprecated in APPPATH\Controllers\BaseController.php on line 52.
 1 SYSTEMPATH\CodeIgniter.php(922): App\Controllers\BaseController->initController(Object(CodeIgniter\HTTP\IncomingRequest), Object(CodeIgniter\HTTP\Response), Object(CodeIgniter\Log\Logger))
 2 SYSTEMPATH\CodeIgniter.php(488): CodeIgniter\CodeIgniter->createController()
 3 SYSTEMPATH\CodeIgniter.php(340): CodeIgniter\CodeIgniter->handleRequest(null, Object(Config\Cache), false)
 4 SYSTEMPATH\Boot.php(417): CodeIgniter\CodeIgniter->run()
 5 SYSTEMPATH\Boot.php(68): CodeIgniter\Boot::runCodeIgniter(Object(CodeIgniter\CodeIgniter))
 6 FCPATH\index.php(59): CodeIgniter\Boot::bootWeb(Object(Config\Paths))
 7 SYSTEMPATH\rewrite.php(44): require_once('C:\\laragon\\data\\kainkita\\public\\index.php')
DEBUG - 2026-05-17 04:55:35 --> Session: Class initialized using 'CodeIgniter\Session\Handlers\FileHandler' driver.
WARNING - 2026-05-17 04:55:35 --> [DEPRECATED] Creation of dynamic property Modul\Wishlists\Controllers\Wishlists::$session is deprecated in APPPATH\Controllers\BaseController.php on line 47.
 1 SYSTEMPATH\CodeIgniter.php(922): App\Controllers\BaseController->initController(Object(CodeIgniter\HTTP\IncomingRequest), Object(CodeIgniter\HTTP\Response), Object(CodeIgniter\Log\Logger))
 2 SYSTEMPATH\CodeIgniter.php(488): CodeIgniter\CodeIgniter->createController()
 3 SYSTEMPATH\CodeIgniter.php(340): CodeIgniter\CodeIgniter->handleRequest(null, Object(Config\Cache), false)
 4 SYSTEMPATH\Boot.php(417): CodeIgniter\CodeIgniter->run()
 5 SYSTEMPATH\Boot.php(68): CodeIgniter\Boot::runCodeIgniter(Object(CodeIgniter\CodeIgniter))
 6 FCPATH\index.php(59): CodeIgniter\Boot::bootWeb(Object(Config\Paths))
 7 SYSTEMPATH\rewrite.php(44): require_once('C:\\laragon\\data\\kainkita\\public\\index.php')
WARNING - 2026-05-17 04:55:35 --> [DEPRECATED] Creation of dynamic property Modul\Wishlists\Controllers\Wishlists::$validation is deprecated in APPPATH\Controllers\BaseController.php on line 48.
 1 SYSTEMPATH\CodeIgniter.php(922): App\Controllers\BaseController->initController(Object(CodeIgniter\HTTP\IncomingRequest), Object(CodeIgniter\HTTP\Response), Object(CodeIgniter\Log\Logger))
 2 SYSTEMPATH\CodeIgniter.php(488): CodeIgniter\CodeIgniter->createController()
 3 SYSTEMPATH\CodeIgniter.php(340): CodeIgniter\CodeIgniter->handleRequest(null, Object(Config\Cache), false)
 4 SYSTEMPATH\Boot.php(417): CodeIgniter\CodeIgniter->run()
 5 SYSTEMPATH\Boot.php(68): CodeIgniter\Boot::runCodeIgniter(Object(CodeIgniter\CodeIgniter))
 6 FCPATH\index.php(59): CodeIgniter\Boot::bootWeb(Object(Config\Paths))
 7 SYSTEMPATH\rewrite.php(44): require_once('C:\\laragon\\data\\kainkita\\public\\index.php')
WARNING - 2026-05-17 04:55:35 --> [DEPRECATED] Creation of dynamic property Modul\Wishlists\Controllers\Wishlists::$db is deprecated in APPPATH\Controllers\BaseController.php on line 50.
 1 SYSTEMPATH\CodeIgniter.php(922): App\Controllers\BaseController->initController(Object(CodeIgniter\HTTP\IncomingRequest), Object(CodeIgniter\HTTP\Response), Object(CodeIgniter\Log\Logger))
 2 SYSTEMPATH\CodeIgniter.php(488): CodeIgniter\CodeIgniter->createController()
 3 SYSTEMPATH\CodeIgniter.php(340): CodeIgniter\CodeIgniter->handleRequest(null, Object(Config\Cache), false)
 4 SYSTEMPATH\Boot.php(417): CodeIgniter\CodeIgniter->run()
 5 SYSTEMPATH\Boot.php(68): CodeIgniter\Boot::runCodeIgniter(Object(CodeIgniter\CodeIgniter))
 6 FCPATH\index.php(59): CodeIgniter\Boot::bootWeb(Object(Config\Paths))
 7 SYSTEMPATH\rewrite.php(44): require_once('C:\\laragon\\data\\kainkita\\public\\index.php')
WARNING - 2026-05-17 04:55:35 --> [DEPRECATED] Creation of dynamic property Modul\Wishlists\Controllers\Wishlists::$uri is deprecated in APPPATH\Controllers\BaseController.php on line 51.
 1 SYSTEMPATH\CodeIgniter.php(922): App\Controllers\BaseController->initController(Object(CodeIgniter\HTTP\IncomingRequest), Object(CodeIgniter\HTTP\Response), Object(CodeIgniter\Log\Logger))
 2 SYSTEMPATH\CodeIgniter.php(488): CodeIgniter\CodeIgniter->createController()
 3 SYSTEMPATH\CodeIgniter.php(340): CodeIgniter\CodeIgniter->handleRequest(null, Object(Config\Cache), false)
 4 SYSTEMPATH\Boot.php(417): CodeIgniter\CodeIgniter->run()
 5 SYSTEMPATH\Boot.php(68): CodeIgniter\Boot::runCodeIgniter(Object(CodeIgniter\CodeIgniter))
 6 FCPATH\index.php(59): CodeIgniter\Boot::bootWeb(Object(Config\Paths))
 7 SYSTEMPATH\rewrite.php(44): require_once('C:\\laragon\\data\\kainkita\\public\\index.php')
WARNING - 2026-05-17 04:55:35 --> [DEPRECATED] Creation of dynamic property Modul\Wishlists\Controllers\Wishlists::$pager is deprecated in APPPATH\Controllers\BaseController.php on line 52.
 1 SYSTEMPATH\CodeIgniter.php(922): App\Controllers\BaseController->initController(Object(CodeIgniter\HTTP\IncomingRequest), Object(CodeIgniter\HTTP\Response), Object(CodeIgniter\Log\Logger))
 2 SYSTEMPATH\CodeIgniter.php(488): CodeIgniter\CodeIgniter->createController()
 3 SYSTEMPATH\CodeIgniter.php(340): CodeIgniter\CodeIgniter->handleRequest(null, Object(Config\Cache), false)
 4 SYSTEMPATH\Boot.php(417): CodeIgniter\CodeIgniter->run()
 5 SYSTEMPATH\Boot.php(68): CodeIgniter\Boot::runCodeIgniter(Object(CodeIgniter\CodeIgniter))
 6 FCPATH\index.php(59): CodeIgniter\Boot::bootWeb(Object(Config\Paths))
 7 SYSTEMPATH\rewrite.php(44): require_once('C:\\laragon\\data\\kainkita\\public\\index.php')
CRITICAL - 2026-05-17 04:59:30 --> Error: Class "Modul\Users\Models\Model_users" not found
[Method: GET, Route: profile]
in ROOTPATH\modul\Profile\Controllers\Profile.php on line 16.
 1 SYSTEMPATH\CodeIgniter.php(921): Modul\Profile\Controllers\Profile->__construct()
 2 SYSTEMPATH\CodeIgniter.php(488): CodeIgniter\CodeIgniter->createController()
 3 SYSTEMPATH\CodeIgniter.php(340): CodeIgniter\CodeIgniter->handleRequest(null, Object(Config\Cache), false)
 4 SYSTEMPATH\Boot.php(417): CodeIgniter\CodeIgniter->run()
 5 SYSTEMPATH\Boot.php(68): CodeIgniter\Boot::runCodeIgniter(Object(CodeIgniter\CodeIgniter))
 6 FCPATH\index.php(59): CodeIgniter\Boot::bootWeb(Object(Config\Paths))
 7 SYSTEMPATH\rewrite.php(44): require_once('C:\\laragon\\data\\kainkita\\public\\index.php')
DEBUG - 2026-05-17 05:00:01 --> Session: Class initialized using 'CodeIgniter\Session\Handlers\FileHandler' driver.
WARNING - 2026-05-17 05:00:01 --> [DEPRECATED] Creation of dynamic property Modul\Profile\Controllers\Profile::$session is deprecated in APPPATH\Controllers\BaseController.php on line 47.
 1 SYSTEMPATH\CodeIgniter.php(922): App\Controllers\BaseController->initController(Object(CodeIgniter\HTTP\IncomingRequest), Object(CodeIgniter\HTTP\Response), Object(CodeIgniter\Log\Logger))
 2 SYSTEMPATH\CodeIgniter.php(488): CodeIgniter\CodeIgniter->createController()
 3 SYSTEMPATH\CodeIgniter.php(340): CodeIgniter\CodeIgniter->handleRequest(null, Object(Config\Cache), false)
 4 SYSTEMPATH\Boot.php(417): CodeIgniter\CodeIgniter->run()
 5 SYSTEMPATH\Boot.php(68): CodeIgniter\Boot::runCodeIgniter(Object(CodeIgniter\CodeIgniter))
 6 FCPATH\index.php(59): CodeIgniter\Boot::bootWeb(Object(Config\Paths))
 7 SYSTEMPATH\rewrite.php(44): require_once('C:\\laragon\\data\\kainkita\\public\\index.php')
WARNING - 2026-05-17 05:00:01 --> [DEPRECATED] Creation of dynamic property Modul\Profile\Controllers\Profile::$validation is deprecated in APPPATH\Controllers\BaseController.php on line 48.
 1 SYSTEMPATH\CodeIgniter.php(922): App\Controllers\BaseController->initController(Object(CodeIgniter\HTTP\IncomingRequest), Object(CodeIgniter\HTTP\Response), Object(CodeIgniter\Log\Logger))
 2 SYSTEMPATH\CodeIgniter.php(488): CodeIgniter\CodeIgniter->createController()
 3 SYSTEMPATH\CodeIgniter.php(340): CodeIgniter\CodeIgniter->handleRequest(null, Object(Config\Cache), false)
 4 SYSTEMPATH\Boot.php(417): CodeIgniter\CodeIgniter->run()
 5 SYSTEMPATH\Boot.php(68): CodeIgniter\Boot::runCodeIgniter(Object(CodeIgniter\CodeIgniter))
 6 FCPATH\index.php(59): CodeIgniter\Boot::bootWeb(Object(Config\Paths))
 7 SYSTEMPATH\rewrite.php(44): require_once('C:\\laragon\\data\\kainkita\\public\\index.php')
WARNING - 2026-05-17 05:00:01 --> [DEPRECATED] Creation of dynamic property Modul\Profile\Controllers\Profile::$db is deprecated in APPPATH\Controllers\BaseController.php on line 50.
 1 SYSTEMPATH\CodeIgniter.php(922): App\Controllers\BaseController->initController(Object(CodeIgniter\HTTP\IncomingRequest), Object(CodeIgniter\HTTP\Response), Object(CodeIgniter\Log\Logger))
 2 SYSTEMPATH\CodeIgniter.php(488): CodeIgniter\CodeIgniter->createController()
 3 SYSTEMPATH\CodeIgniter.php(340): CodeIgniter\CodeIgniter->handleRequest(null, Object(Config\Cache), false)
 4 SYSTEMPATH\Boot.php(417): CodeIgniter\CodeIgniter->run()
 5 SYSTEMPATH\Boot.php(68): CodeIgniter\Boot::runCodeIgniter(Object(CodeIgniter\CodeIgniter))
 6 FCPATH\index.php(59): CodeIgniter\Boot::bootWeb(Object(Config\Paths))
 7 SYSTEMPATH\rewrite.php(44): require_once('C:\\laragon\\data\\kainkita\\public\\index.php')
WARNING - 2026-05-17 05:00:01 --> [DEPRECATED] Creation of dynamic property Modul\Profile\Controllers\Profile::$uri is deprecated in APPPATH\Controllers\BaseController.php on line 51.
 1 SYSTEMPATH\CodeIgniter.php(922): App\Controllers\BaseController->initController(Object(CodeIgniter\HTTP\IncomingRequest), Object(CodeIgniter\HTTP\Response), Object(CodeIgniter\Log\Logger))
 2 SYSTEMPATH\CodeIgniter.php(488): CodeIgniter\CodeIgniter->createController()
 3 SYSTEMPATH\CodeIgniter.php(340): CodeIgniter\CodeIgniter->handleRequest(null, Object(Config\Cache), false)
 4 SYSTEMPATH\Boot.php(417): CodeIgniter\CodeIgniter->run()
 5 SYSTEMPATH\Boot.php(68): CodeIgniter\Boot::runCodeIgniter(Object(CodeIgniter\CodeIgniter))
 6 FCPATH\index.php(59): CodeIgniter\Boot::bootWeb(Object(Config\Paths))
 7 SYSTEMPATH\rewrite.php(44): require_once('C:\\laragon\\data\\kainkita\\public\\index.php')
WARNING - 2026-05-17 05:00:01 --> [DEPRECATED] Creation of dynamic property Modul\Profile\Controllers\Profile::$pager is deprecated in APPPATH\Controllers\BaseController.php on line 52.
 1 SYSTEMPATH\CodeIgniter.php(922): App\Controllers\BaseController->initController(Object(CodeIgniter\HTTP\IncomingRequest), Object(CodeIgniter\HTTP\Response), Object(CodeIgniter\Log\Logger))
 2 SYSTEMPATH\CodeIgniter.php(488): CodeIgniter\CodeIgniter->createController()
 3 SYSTEMPATH\CodeIgniter.php(340): CodeIgniter\CodeIgniter->handleRequest(null, Object(Config\Cache), false)
 4 SYSTEMPATH\Boot.php(417): CodeIgniter\CodeIgniter->run()
 5 SYSTEMPATH\Boot.php(68): CodeIgniter\Boot::runCodeIgniter(Object(CodeIgniter\CodeIgniter))
 6 FCPATH\index.php(59): CodeIgniter\Boot::bootWeb(Object(Config\Paths))
 7 SYSTEMPATH\rewrite.php(44): require_once('C:\\laragon\\data\\kainkita\\public\\index.php')
WARNING - 2026-05-17 05:00:01 --> [DEPRECATED] Creation of dynamic property CodeIgniter\View\View::$db is deprecated in APPPATH\Views\layout\template.php on line 4.
 1 SYSTEMPATH\View\View.php(238): include('C:\\laragon\\data\\kainkita\\app\\Views\\layout\\template.php')
 2 SYSTEMPATH\View\View.php(241): CodeIgniter\View\View->CodeIgniter\View\{closure}()
 3 SYSTEMPATH\View\View.php(254): CodeIgniter\View\View->render('layout/template', [], true)
 4 SYSTEMPATH\Common.php(1250): CodeIgniter\View\View->render('Modul\\Profile\\Views\\viewProfile', [], true)
 5 ROOTPATH\modul\Profile\Controllers\Profile.php(25): view('Modul\\Profile\\Views\\viewProfile', [...])
 6 SYSTEMPATH\CodeIgniter.php(951): Modul\Profile\Controllers\Profile->index()
 7 SYSTEMPATH\CodeIgniter.php(497): CodeIgniter\CodeIgniter->runController(Object(Modul\Profile\Controllers\Profile))
 8 SYSTEMPATH\CodeIgniter.php(340): CodeIgniter\CodeIgniter->handleRequest(null, Object(Config\Cache), false)
 9 SYSTEMPATH\Boot.php(417): CodeIgniter\CodeIgniter->run()
10 SYSTEMPATH\Boot.php(68): CodeIgniter\Boot::runCodeIgniter(Object(CodeIgniter\CodeIgniter))
11 FCPATH\index.php(59): CodeIgniter\Boot::bootWeb(Object(Config\Paths))
12 SYSTEMPATH\rewrite.php(44): require_once('C:\\laragon\\data\\kainkita\\public\\index.php')
DEBUG - 2026-05-17 05:00:02 --> Session: Class initialized using 'CodeIgniter\Session\Handlers\FileHandler' driver.
WARNING - 2026-05-17 05:00:02 --> [DEPRECATED] Creation of dynamic property Modul\Carts\Controllers\Carts::$session is deprecated in APPPATH\Controllers\BaseController.php on line 47.
 1 SYSTEMPATH\CodeIgniter.php(922): App\Controllers\BaseController->initController(Object(CodeIgniter\HTTP\IncomingRequest), Object(CodeIgniter\HTTP\Response), Object(CodeIgniter\Log\Logger))
 2 SYSTEMPATH\CodeIgniter.php(488): CodeIgniter\CodeIgniter->createController()
 3 SYSTEMPATH\CodeIgniter.php(340): CodeIgniter\CodeIgniter->handleRequest(null, Object(Config\Cache), false)
 4 SYSTEMPATH\Boot.php(417): CodeIgniter\CodeIgniter->run()
 5 SYSTEMPATH\Boot.php(68): CodeIgniter\Boot::runCodeIgniter(Object(CodeIgniter\CodeIgniter))
 6 FCPATH\index.php(59): CodeIgniter\Boot::bootWeb(Object(Config\Paths))
 7 SYSTEMPATH\rewrite.php(44): require_once('C:\\laragon\\data\\kainkita\\public\\index.php')
WARNING - 2026-05-17 05:00:02 --> [DEPRECATED] Creation of dynamic property Modul\Carts\Controllers\Carts::$validation is deprecated in APPPATH\Controllers\BaseController.php on line 48.
 1 SYSTEMPATH\CodeIgniter.php(922): App\Controllers\BaseController->initController(Object(CodeIgniter\HTTP\IncomingRequest), Object(CodeIgniter\HTTP\Response), Object(CodeIgniter\Log\Logger))
 2 SYSTEMPATH\CodeIgniter.php(488): CodeIgniter\CodeIgniter->createController()
 3 SYSTEMPATH\CodeIgniter.php(340): CodeIgniter\CodeIgniter->handleRequest(null, Object(Config\Cache), false)
 4 SYSTEMPATH\Boot.php(417): CodeIgniter\CodeIgniter->run()
 5 SYSTEMPATH\Boot.php(68): CodeIgniter\Boot::runCodeIgniter(Object(CodeIgniter\CodeIgniter))
 6 FCPATH\index.php(59): CodeIgniter\Boot::bootWeb(Object(Config\Paths))
 7 SYSTEMPATH\rewrite.php(44): require_once('C:\\laragon\\data\\kainkita\\public\\index.php')
WARNING - 2026-05-17 05:00:02 --> [DEPRECATED] Creation of dynamic property Modul\Carts\Controllers\Carts::$db is deprecated in APPPATH\Controllers\BaseController.php on line 50.
 1 SYSTEMPATH\CodeIgniter.php(922): App\Controllers\BaseController->initController(Object(CodeIgniter\HTTP\IncomingRequest), Object(CodeIgniter\HTTP\Response), Object(CodeIgniter\Log\Logger))
 2 SYSTEMPATH\CodeIgniter.php(488): CodeIgniter\CodeIgniter->createController()
 3 SYSTEMPATH\CodeIgniter.php(340): CodeIgniter\CodeIgniter->handleRequest(null, Object(Config\Cache), false)
 4 SYSTEMPATH\Boot.php(417): CodeIgniter\CodeIgniter->run()
 5 SYSTEMPATH\Boot.php(68): CodeIgniter\Boot::runCodeIgniter(Object(CodeIgniter\CodeIgniter))
 6 FCPATH\index.php(59): CodeIgniter\Boot::bootWeb(Object(Config\Paths))
 7 SYSTEMPATH\rewrite.php(44): require_once('C:\\laragon\\data\\kainkita\\public\\index.php')
WARNING - 2026-05-17 05:00:02 --> [DEPRECATED] Creation of dynamic property Modul\Carts\Controllers\Carts::$uri is deprecated in APPPATH\Controllers\BaseController.php on line 51.
 1 SYSTEMPATH\CodeIgniter.php(922): App\Controllers\BaseController->initController(Object(CodeIgniter\HTTP\IncomingRequest), Object(CodeIgniter\HTTP\Response), Object(CodeIgniter\Log\Logger))
 2 SYSTEMPATH\CodeIgniter.php(488): CodeIgniter\CodeIgniter->createController()
 3 SYSTEMPATH\CodeIgniter.php(340): CodeIgniter\CodeIgniter->handleRequest(null, Object(Config\Cache), false)
 4 SYSTEMPATH\Boot.php(417): CodeIgniter\CodeIgniter->run()
 5 SYSTEMPATH\Boot.php(68): CodeIgniter\Boot::runCodeIgniter(Object(CodeIgniter\CodeIgniter))
 6 FCPATH\index.php(59): CodeIgniter\Boot::bootWeb(Object(Config\Paths))
 7 SYSTEMPATH\rewrite.php(44): require_once('C:\\laragon\\data\\kainkita\\public\\index.php')
WARNING - 2026-05-17 05:00:02 --> [DEPRECATED] Creation of dynamic property Modul\Carts\Controllers\Carts::$pager is deprecated in APPPATH\Controllers\BaseController.php on line 52.
 1 SYSTEMPATH\CodeIgniter.php(922): App\Controllers\BaseController->initController(Object(CodeIgniter\HTTP\IncomingRequest), Object(CodeIgniter\HTTP\Response), Object(CodeIgniter\Log\Logger))
 2 SYSTEMPATH\CodeIgniter.php(488): CodeIgniter\CodeIgniter->createController()
 3 SYSTEMPATH\CodeIgniter.php(340): CodeIgniter\CodeIgniter->handleRequest(null, Object(Config\Cache), false)
 4 SYSTEMPATH\Boot.php(417): CodeIgniter\CodeIgniter->run()
 5 SYSTEMPATH\Boot.php(68): CodeIgniter\Boot::runCodeIgniter(Object(CodeIgniter\CodeIgniter))
 6 FCPATH\index.php(59): CodeIgniter\Boot::bootWeb(Object(Config\Paths))
 7 SYSTEMPATH\rewrite.php(44): require_once('C:\\laragon\\data\\kainkita\\public\\index.php')
DEBUG - 2026-05-17 05:00:02 --> Session: Class initialized using 'CodeIgniter\Session\Handlers\FileHandler' driver.
WARNING - 2026-05-17 05:00:02 --> [DEPRECATED] Creation of dynamic property Modul\Wishlists\Controllers\Wishlists::$session is deprecated in APPPATH\Controllers\BaseController.php on line 47.
 1 SYSTEMPATH\CodeIgniter.php(922): App\Controllers\BaseController->initController(Object(CodeIgniter\HTTP\IncomingRequest), Object(CodeIgniter\HTTP\Response), Object(CodeIgniter\Log\Logger))
 2 SYSTEMPATH\CodeIgniter.php(488): CodeIgniter\CodeIgniter->createController()
 3 SYSTEMPATH\CodeIgniter.php(340): CodeIgniter\CodeIgniter->handleRequest(null, Object(Config\Cache), false)
 4 SYSTEMPATH\Boot.php(417): CodeIgniter\CodeIgniter->run()
 5 SYSTEMPATH\Boot.php(68): CodeIgniter\Boot::runCodeIgniter(Object(CodeIgniter\CodeIgniter))
 6 FCPATH\index.php(59): CodeIgniter\Boot::bootWeb(Object(Config\Paths))
 7 SYSTEMPATH\rewrite.php(44): require_once('C:\\laragon\\data\\kainkita\\public\\index.php')
WARNING - 2026-05-17 05:00:02 --> [DEPRECATED] Creation of dynamic property Modul\Wishlists\Controllers\Wishlists::$validation is deprecated in APPPATH\Controllers\BaseController.php on line 48.
 1 SYSTEMPATH\CodeIgniter.php(922): App\Controllers\BaseController->initController(Object(CodeIgniter\HTTP\IncomingRequest), Object(CodeIgniter\HTTP\Response), Object(CodeIgniter\Log\Logger))
 2 SYSTEMPATH\CodeIgniter.php(488): CodeIgniter\CodeIgniter->createController()
 3 SYSTEMPATH\CodeIgniter.php(340): CodeIgniter\CodeIgniter->handleRequest(null, Object(Config\Cache), false)
 4 SYSTEMPATH\Boot.php(417): CodeIgniter\CodeIgniter->run()
 5 SYSTEMPATH\Boot.php(68): CodeIgniter\Boot::runCodeIgniter(Object(CodeIgniter\CodeIgniter))
 6 FCPATH\index.php(59): CodeIgniter\Boot::bootWeb(Object(Config\Paths))
 7 SYSTEMPATH\rewrite.php(44): require_once('C:\\laragon\\data\\kainkita\\public\\index.php')
WARNING - 2026-05-17 05:00:02 --> [DEPRECATED] Creation of dynamic property Modul\Wishlists\Controllers\Wishlists::$db is deprecated in APPPATH\Controllers\BaseController.php on line 50.
 1 SYSTEMPATH\CodeIgniter.php(922): App\Controllers\BaseController->initController(Object(CodeIgniter\HTTP\IncomingRequest), Object(CodeIgniter\HTTP\Response), Object(CodeIgniter\Log\Logger))
 2 SYSTEMPATH\CodeIgniter.php(488): CodeIgniter\CodeIgniter->createController()
 3 SYSTEMPATH\CodeIgniter.php(340): CodeIgniter\CodeIgniter->handleRequest(null, Object(Config\Cache), false)
 4 SYSTEMPATH\Boot.php(417): CodeIgniter\CodeIgniter->run()
 5 SYSTEMPATH\Boot.php(68): CodeIgniter\Boot::runCodeIgniter(Object(CodeIgniter\CodeIgniter))
 6 FCPATH\index.php(59): CodeIgniter\Boot::bootWeb(Object(Config\Paths))
 7 SYSTEMPATH\rewrite.php(44): require_once('C:\\laragon\\data\\kainkita\\public\\index.php')
WARNING - 2026-05-17 05:00:02 --> [DEPRECATED] Creation of dynamic property Modul\Wishlists\Controllers\Wishlists::$uri is deprecated in APPPATH\Controllers\BaseController.php on line 51.
 1 SYSTEMPATH\CodeIgniter.php(922): App\Controllers\BaseController->initController(Object(CodeIgniter\HTTP\IncomingRequest), Object(CodeIgniter\HTTP\Response), Object(CodeIgniter\Log\Logger))
 2 SYSTEMPATH\CodeIgniter.php(488): CodeIgniter\CodeIgniter->createController()
 3 SYSTEMPATH\CodeIgniter.php(340): CodeIgniter\CodeIgniter->handleRequest(null, Object(Config\Cache), false)
 4 SYSTEMPATH\Boot.php(417): CodeIgniter\CodeIgniter->run()
 5 SYSTEMPATH\Boot.php(68): CodeIgniter\Boot::runCodeIgniter(Object(CodeIgniter\CodeIgniter))
 6 FCPATH\index.php(59): CodeIgniter\Boot::bootWeb(Object(Config\Paths))
 7 SYSTEMPATH\rewrite.php(44): require_once('C:\\laragon\\data\\kainkita\\public\\index.php')
WARNING - 2026-05-17 05:00:02 --> [DEPRECATED] Creation of dynamic property Modul\Wishlists\Controllers\Wishlists::$pager is deprecated in APPPATH\Controllers\BaseController.php on line 52.
 1 SYSTEMPATH\CodeIgniter.php(922): App\Controllers\BaseController->initController(Object(CodeIgniter\HTTP\IncomingRequest), Object(CodeIgniter\HTTP\Response), Object(CodeIgniter\Log\Logger))
 2 SYSTEMPATH\CodeIgniter.php(488): CodeIgniter\CodeIgniter->createController()
 3 SYSTEMPATH\CodeIgniter.php(340): CodeIgniter\CodeIgniter->handleRequest(null, Object(Config\Cache), false)
 4 SYSTEMPATH\Boot.php(417): CodeIgniter\CodeIgniter->run()
 5 SYSTEMPATH\Boot.php(68): CodeIgniter\Boot::runCodeIgniter(Object(CodeIgniter\CodeIgniter))
 6 FCPATH\index.php(59): CodeIgniter\Boot::bootWeb(Object(Config\Paths))
 7 SYSTEMPATH\rewrite.php(44): require_once('C:\\laragon\\data\\kainkita\\public\\index.php')
WARNING - 2026-05-17 05:10:45 --> [DEPRECATED] Creation of dynamic property Modul\Profile\Controllers\Profile::$customers is deprecated in ROOTPATH\modul\Profile\Controllers\Profile.php on line 12.
 1 SYSTEMPATH\CodeIgniter.php(921): Modul\Profile\Controllers\Profile->__construct()
 2 SYSTEMPATH\CodeIgniter.php(488): CodeIgniter\CodeIgniter->createController()
 3 SYSTEMPATH\CodeIgniter.php(340): CodeIgniter\CodeIgniter->handleRequest(null, Object(Config\Cache), false)
 4 SYSTEMPATH\Boot.php(417): CodeIgniter\CodeIgniter->run()
 5 SYSTEMPATH\Boot.php(68): CodeIgniter\Boot::runCodeIgniter(Object(CodeIgniter\CodeIgniter))
 6 FCPATH\index.php(59): CodeIgniter\Boot::bootWeb(Object(Config\Paths))
 7 SYSTEMPATH\rewrite.php(44): require_once('C:\\laragon\\data\\kainkita\\public\\index.php')
DEBUG - 2026-05-17 05:10:45 --> Session: Class initialized using 'CodeIgniter\Session\Handlers\FileHandler' driver.
WARNING - 2026-05-17 05:10:45 --> [DEPRECATED] Creation of dynamic property Modul\Profile\Controllers\Profile::$session is deprecated in APPPATH\Controllers\BaseController.php on line 47.
 1 SYSTEMPATH\CodeIgniter.php(922): App\Controllers\BaseController->initController(Object(CodeIgniter\HTTP\IncomingRequest), Object(CodeIgniter\HTTP\Response), Object(CodeIgniter\Log\Logger))
 2 SYSTEMPATH\CodeIgniter.php(488): CodeIgniter\CodeIgniter->createController()
 3 SYSTEMPATH\CodeIgniter.php(340): CodeIgniter\CodeIgniter->handleRequest(null, Object(Config\Cache), false)
 4 SYSTEMPATH\Boot.php(417): CodeIgniter\CodeIgniter->run()
 5 SYSTEMPATH\Boot.php(68): CodeIgniter\Boot::runCodeIgniter(Object(CodeIgniter\CodeIgniter))
 6 FCPATH\index.php(59): CodeIgniter\Boot::bootWeb(Object(Config\Paths))
 7 SYSTEMPATH\rewrite.php(44): require_once('C:\\laragon\\data\\kainkita\\public\\index.php')
WARNING - 2026-05-17 05:10:45 --> [DEPRECATED] Creation of dynamic property Modul\Profile\Controllers\Profile::$validation is deprecated in APPPATH\Controllers\BaseController.php on line 48.
 1 SYSTEMPATH\CodeIgniter.php(922): App\Controllers\BaseController->initController(Object(CodeIgniter\HTTP\IncomingRequest), Object(CodeIgniter\HTTP\Response), Object(CodeIgniter\Log\Logger))
 2 SYSTEMPATH\CodeIgniter.php(488): CodeIgniter\CodeIgniter->createController()
 3 SYSTEMPATH\CodeIgniter.php(340): CodeIgniter\CodeIgniter->handleRequest(null, Object(Config\Cache), false)
 4 SYSTEMPATH\Boot.php(417): CodeIgniter\CodeIgniter->run()
 5 SYSTEMPATH\Boot.php(68): CodeIgniter\Boot::runCodeIgniter(Object(CodeIgniter\CodeIgniter))
 6 FCPATH\index.php(59): CodeIgniter\Boot::bootWeb(Object(Config\Paths))
 7 SYSTEMPATH\rewrite.php(44): require_once('C:\\laragon\\data\\kainkita\\public\\index.php')
WARNING - 2026-05-17 05:10:45 --> [DEPRECATED] Creation of dynamic property Modul\Profile\Controllers\Profile::$db is deprecated in APPPATH\Controllers\BaseController.php on line 50.
 1 SYSTEMPATH\CodeIgniter.php(922): App\Controllers\BaseController->initController(Object(CodeIgniter\HTTP\IncomingRequest), Object(CodeIgniter\HTTP\Response), Object(CodeIgniter\Log\Logger))
 2 SYSTEMPATH\CodeIgniter.php(488): CodeIgniter\CodeIgniter->createController()
 3 SYSTEMPATH\CodeIgniter.php(340): CodeIgniter\CodeIgniter->handleRequest(null, Object(Config\Cache), false)
 4 SYSTEMPATH\Boot.php(417): CodeIgniter\CodeIgniter->run()
 5 SYSTEMPATH\Boot.php(68): CodeIgniter\Boot::runCodeIgniter(Object(CodeIgniter\CodeIgniter))
 6 FCPATH\index.php(59): CodeIgniter\Boot::bootWeb(Object(Config\Paths))
 7 SYSTEMPATH\rewrite.php(44): require_once('C:\\laragon\\data\\kainkita\\public\\index.php')
WARNING - 2026-05-17 05:10:45 --> [DEPRECATED] Creation of dynamic property Modul\Profile\Controllers\Profile::$uri is deprecated in APPPATH\Controllers\BaseController.php on line 51.
 1 SYSTEMPATH\CodeIgniter.php(922): App\Controllers\BaseController->initController(Object(CodeIgniter\HTTP\IncomingRequest), Object(CodeIgniter\HTTP\Response), Object(CodeIgniter\Log\Logger))
 2 SYSTEMPATH\CodeIgniter.php(488): CodeIgniter\CodeIgniter->createController()
 3 SYSTEMPATH\CodeIgniter.php(340): CodeIgniter\CodeIgniter->handleRequest(null, Object(Config\Cache), false)
 4 SYSTEMPATH\Boot.php(417): CodeIgniter\CodeIgniter->run()
 5 SYSTEMPATH\Boot.php(68): CodeIgniter\Boot::runCodeIgniter(Object(CodeIgniter\CodeIgniter))
 6 FCPATH\index.php(59): CodeIgniter\Boot::bootWeb(Object(Config\Paths))
 7 SYSTEMPATH\rewrite.php(44): require_once('C:\\laragon\\data\\kainkita\\public\\index.php')
WARNING - 2026-05-17 05:10:45 --> [DEPRECATED] Creation of dynamic property Modul\Profile\Controllers\Profile::$pager is deprecated in APPPATH\Controllers\BaseController.php on line 52.
 1 SYSTEMPATH\CodeIgniter.php(922): App\Controllers\BaseController->initController(Object(CodeIgniter\HTTP\IncomingRequest), Object(CodeIgniter\HTTP\Response), Object(CodeIgniter\Log\Logger))
 2 SYSTEMPATH\CodeIgniter.php(488): CodeIgniter\CodeIgniter->createController()
 3 SYSTEMPATH\CodeIgniter.php(340): CodeIgniter\CodeIgniter->handleRequest(null, Object(Config\Cache), false)
 4 SYSTEMPATH\Boot.php(417): CodeIgniter\CodeIgniter->run()
 5 SYSTEMPATH\Boot.php(68): CodeIgniter\Boot::runCodeIgniter(Object(CodeIgniter\CodeIgniter))
 6 FCPATH\index.php(59): CodeIgniter\Boot::bootWeb(Object(Config\Paths))
 7 SYSTEMPATH\rewrite.php(44): require_once('C:\\laragon\\data\\kainkita\\public\\index.php')
DEBUG - 2026-05-17 05:10:45 --> Session: Class initialized using 'CodeIgniter\Session\Handlers\FileHandler' driver.
WARNING - 2026-05-17 05:10:45 --> [DEPRECATED] Creation of dynamic property Modul\Login\Controllers\Login::$session is deprecated in APPPATH\Controllers\BaseController.php on line 47.
 1 SYSTEMPATH\CodeIgniter.php(922): App\Controllers\BaseController->initController(Object(CodeIgniter\HTTP\IncomingRequest), Object(CodeIgniter\HTTP\Response), Object(CodeIgniter\Log\Logger))
 2 SYSTEMPATH\CodeIgniter.php(488): CodeIgniter\CodeIgniter->createController()
 3 SYSTEMPATH\CodeIgniter.php(340): CodeIgniter\CodeIgniter->handleRequest(null, Object(Config\Cache), false)
 4 SYSTEMPATH\Boot.php(417): CodeIgniter\CodeIgniter->run()
 5 SYSTEMPATH\Boot.php(68): CodeIgniter\Boot::runCodeIgniter(Object(CodeIgniter\CodeIgniter))
 6 FCPATH\index.php(59): CodeIgniter\Boot::bootWeb(Object(Config\Paths))
 7 SYSTEMPATH\rewrite.php(44): require_once('C:\\laragon\\data\\kainkita\\public\\index.php')
WARNING - 2026-05-17 05:10:45 --> [DEPRECATED] Creation of dynamic property Modul\Login\Controllers\Login::$validation is deprecated in APPPATH\Controllers\BaseController.php on line 48.
 1 SYSTEMPATH\CodeIgniter.php(922): App\Controllers\BaseController->initController(Object(CodeIgniter\HTTP\IncomingRequest), Object(CodeIgniter\HTTP\Response), Object(CodeIgniter\Log\Logger))
 2 SYSTEMPATH\CodeIgniter.php(488): CodeIgniter\CodeIgniter->createController()
 3 SYSTEMPATH\CodeIgniter.php(340): CodeIgniter\CodeIgniter->handleRequest(null, Object(Config\Cache), false)
 4 SYSTEMPATH\Boot.php(417): CodeIgniter\CodeIgniter->run()
 5 SYSTEMPATH\Boot.php(68): CodeIgniter\Boot::runCodeIgniter(Object(CodeIgniter\CodeIgniter))
 6 FCPATH\index.php(59): CodeIgniter\Boot::bootWeb(Object(Config\Paths))
 7 SYSTEMPATH\rewrite.php(44): require_once('C:\\laragon\\data\\kainkita\\public\\index.php')
WARNING - 2026-05-17 05:10:45 --> [DEPRECATED] Creation of dynamic property Modul\Login\Controllers\Login::$db is deprecated in APPPATH\Controllers\BaseController.php on line 50.
 1 SYSTEMPATH\CodeIgniter.php(922): App\Controllers\BaseController->initController(Object(CodeIgniter\HTTP\IncomingRequest), Object(CodeIgniter\HTTP\Response), Object(CodeIgniter\Log\Logger))
 2 SYSTEMPATH\CodeIgniter.php(488): CodeIgniter\CodeIgniter->createController()
 3 SYSTEMPATH\CodeIgniter.php(340): CodeIgniter\CodeIgniter->handleRequest(null, Object(Config\Cache), false)
 4 SYSTEMPATH\Boot.php(417): CodeIgniter\CodeIgniter->run()
 5 SYSTEMPATH\Boot.php(68): CodeIgniter\Boot::runCodeIgniter(Object(CodeIgniter\CodeIgniter))
 6 FCPATH\index.php(59): CodeIgniter\Boot::bootWeb(Object(Config\Paths))
 7 SYSTEMPATH\rewrite.php(44): require_once('C:\\laragon\\data\\kainkita\\public\\index.php')
WARNING - 2026-05-17 05:10:45 --> [DEPRECATED] Creation of dynamic property Modul\Login\Controllers\Login::$uri is deprecated in APPPATH\Controllers\BaseController.php on line 51.
 1 SYSTEMPATH\CodeIgniter.php(922): App\Controllers\BaseController->initController(Object(CodeIgniter\HTTP\IncomingRequest), Object(CodeIgniter\HTTP\Response), Object(CodeIgniter\Log\Logger))
 2 SYSTEMPATH\CodeIgniter.php(488): CodeIgniter\CodeIgniter->createController()
 3 SYSTEMPATH\CodeIgniter.php(340): CodeIgniter\CodeIgniter->handleRequest(null, Object(Config\Cache), false)
 4 SYSTEMPATH\Boot.php(417): CodeIgniter\CodeIgniter->run()
 5 SYSTEMPATH\Boot.php(68): CodeIgniter\Boot::runCodeIgniter(Object(CodeIgniter\CodeIgniter))
 6 FCPATH\index.php(59): CodeIgniter\Boot::bootWeb(Object(Config\Paths))
 7 SYSTEMPATH\rewrite.php(44): require_once('C:\\laragon\\data\\kainkita\\public\\index.php')
WARNING - 2026-05-17 05:10:45 --> [DEPRECATED] Creation of dynamic property Modul\Login\Controllers\Login::$pager is deprecated in APPPATH\Controllers\BaseController.php on line 52.
 1 SYSTEMPATH\CodeIgniter.php(922): App\Controllers\BaseController->initController(Object(CodeIgniter\HTTP\IncomingRequest), Object(CodeIgniter\HTTP\Response), Object(CodeIgniter\Log\Logger))
 2 SYSTEMPATH\CodeIgniter.php(488): CodeIgniter\CodeIgniter->createController()
 3 SYSTEMPATH\CodeIgniter.php(340): CodeIgniter\CodeIgniter->handleRequest(null, Object(Config\Cache), false)
 4 SYSTEMPATH\Boot.php(417): CodeIgniter\CodeIgniter->run()
 5 SYSTEMPATH\Boot.php(68): CodeIgniter\Boot::runCodeIgniter(Object(CodeIgniter\CodeIgniter))
 6 FCPATH\index.php(59): CodeIgniter\Boot::bootWeb(Object(Config\Paths))
 7 SYSTEMPATH\rewrite.php(44): require_once('C:\\laragon\\data\\kainkita\\public\\index.php')
WARNING - 2026-05-17 05:10:45 --> [DEPRECATED] Creation of dynamic property CodeIgniter\View\View::$db is deprecated in ROOTPATH\modul\Login\Views\viewLogin.php on line 4.
 1 SYSTEMPATH\View\View.php(238): include('C:\\laragon\\data\\kainkita\\modul\\Login\\Views\\viewLogin.php')
 2 SYSTEMPATH\View\View.php(241): CodeIgniter\View\View->CodeIgniter\View\{closure}()
 3 SYSTEMPATH\Common.php(1250): CodeIgniter\View\View->render('Modul\\Login\\Views\\viewLogin', [], true)
 4 ROOTPATH\modul\Login\Controllers\Login.php(25): view('Modul\\Login\\Views\\viewLogin', [...])
 5 SYSTEMPATH\CodeIgniter.php(951): Modul\Login\Controllers\Login->index()
 6 SYSTEMPATH\CodeIgniter.php(497): CodeIgniter\CodeIgniter->runController(Object(Modul\Login\Controllers\Login))
 7 SYSTEMPATH\CodeIgniter.php(340): CodeIgniter\CodeIgniter->handleRequest(null, Object(Config\Cache), false)
 8 SYSTEMPATH\Boot.php(417): CodeIgniter\CodeIgniter->run()
 9 SYSTEMPATH\Boot.php(68): CodeIgniter\Boot::runCodeIgniter(Object(CodeIgniter\CodeIgniter))
10 FCPATH\index.php(59): CodeIgniter\Boot::bootWeb(Object(Config\Paths))
11 SYSTEMPATH\rewrite.php(44): require_once('C:\\laragon\\data\\kainkita\\public\\index.php')
DEBUG - 2026-05-17 05:10:48 --> Session: Class initialized using 'CodeIgniter\Session\Handlers\FileHandler' driver.
WARNING - 2026-05-17 05:10:48 --> [DEPRECATED] Creation of dynamic property Modul\Login\Controllers\Login::$session is deprecated in APPPATH\Controllers\BaseController.php on line 47.
 1 SYSTEMPATH\CodeIgniter.php(922): App\Controllers\BaseController->initController(Object(CodeIgniter\HTTP\IncomingRequest), Object(CodeIgniter\HTTP\Response), Object(CodeIgniter\Log\Logger))
 2 SYSTEMPATH\CodeIgniter.php(488): CodeIgniter\CodeIgniter->createController()
 3 SYSTEMPATH\CodeIgniter.php(340): CodeIgniter\CodeIgniter->handleRequest(null, Object(Config\Cache), false)
 4 SYSTEMPATH\Boot.php(417): CodeIgniter\CodeIgniter->run()
 5 SYSTEMPATH\Boot.php(68): CodeIgniter\Boot::runCodeIgniter(Object(CodeIgniter\CodeIgniter))
 6 FCPATH\index.php(59): CodeIgniter\Boot::bootWeb(Object(Config\Paths))
 7 SYSTEMPATH\rewrite.php(44): require_once('C:\\laragon\\data\\kainkita\\public\\index.php')
WARNING - 2026-05-17 05:10:48 --> [DEPRECATED] Creation of dynamic property Modul\Login\Controllers\Login::$validation is deprecated in APPPATH\Controllers\BaseController.php on line 48.
 1 SYSTEMPATH\CodeIgniter.php(922): App\Controllers\BaseController->initController(Object(CodeIgniter\HTTP\IncomingRequest), Object(CodeIgniter\HTTP\Response), Object(CodeIgniter\Log\Logger))
 2 SYSTEMPATH\CodeIgniter.php(488): CodeIgniter\CodeIgniter->createController()
 3 SYSTEMPATH\CodeIgniter.php(340): CodeIgniter\CodeIgniter->handleRequest(null, Object(Config\Cache), false)
 4 SYSTEMPATH\Boot.php(417): CodeIgniter\CodeIgniter->run()
 5 SYSTEMPATH\Boot.php(68): CodeIgniter\Boot::runCodeIgniter(Object(CodeIgniter\CodeIgniter))
 6 FCPATH\index.php(59): CodeIgniter\Boot::bootWeb(Object(Config\Paths))
 7 SYSTEMPATH\rewrite.php(44): require_once('C:\\laragon\\data\\kainkita\\public\\index.php')
WARNING - 2026-05-17 05:10:48 --> [DEPRECATED] Creation of dynamic property Modul\Login\Controllers\Login::$db is deprecated in APPPATH\Controllers\BaseController.php on line 50.
 1 SYSTEMPATH\CodeIgniter.php(922): App\Controllers\BaseController->initController(Object(CodeIgniter\HTTP\IncomingRequest), Object(CodeIgniter\HTTP\Response), Object(CodeIgniter\Log\Logger))
 2 SYSTEMPATH\CodeIgniter.php(488): CodeIgniter\CodeIgniter->createController()
 3 SYSTEMPATH\CodeIgniter.php(340): CodeIgniter\CodeIgniter->handleRequest(null, Object(Config\Cache), false)
 4 SYSTEMPATH\Boot.php(417): CodeIgniter\CodeIgniter->run()
 5 SYSTEMPATH\Boot.php(68): CodeIgniter\Boot::runCodeIgniter(Object(CodeIgniter\CodeIgniter))
 6 FCPATH\index.php(59): CodeIgniter\Boot::bootWeb(Object(Config\Paths))
 7 SYSTEMPATH\rewrite.php(44): require_once('C:\\laragon\\data\\kainkita\\public\\index.php')
WARNING - 2026-05-17 05:10:48 --> [DEPRECATED] Creation of dynamic property Modul\Login\Controllers\Login::$uri is deprecated in APPPATH\Controllers\BaseController.php on line 51.
 1 SYSTEMPATH\CodeIgniter.php(922): App\Controllers\BaseController->initController(Object(CodeIgniter\HTTP\IncomingRequest), Object(CodeIgniter\HTTP\Response), Object(CodeIgniter\Log\Logger))
 2 SYSTEMPATH\CodeIgniter.php(488): CodeIgniter\CodeIgniter->createController()
 3 SYSTEMPATH\CodeIgniter.php(340): CodeIgniter\CodeIgniter->handleRequest(null, Object(Config\Cache), false)
 4 SYSTEMPATH\Boot.php(417): CodeIgniter\CodeIgniter->run()
 5 SYSTEMPATH\Boot.php(68): CodeIgniter\Boot::runCodeIgniter(Object(CodeIgniter\CodeIgniter))
 6 FCPATH\index.php(59): CodeIgniter\Boot::bootWeb(Object(Config\Paths))
 7 SYSTEMPATH\rewrite.php(44): require_once('C:\\laragon\\data\\kainkita\\public\\index.php')
WARNING - 2026-05-17 05:10:48 --> [DEPRECATED] Creation of dynamic property Modul\Login\Controllers\Login::$pager is deprecated in APPPATH\Controllers\BaseController.php on line 52.
 1 SYSTEMPATH\CodeIgniter.php(922): App\Controllers\BaseController->initController(Object(CodeIgniter\HTTP\IncomingRequest), Object(CodeIgniter\HTTP\Response), Object(CodeIgniter\Log\Logger))
 2 SYSTEMPATH\CodeIgniter.php(488): CodeIgniter\CodeIgniter->createController()
 3 SYSTEMPATH\CodeIgniter.php(340): CodeIgniter\CodeIgniter->handleRequest(null, Object(Config\Cache), false)
 4 SYSTEMPATH\Boot.php(417): CodeIgniter\CodeIgniter->run()
 5 SYSTEMPATH\Boot.php(68): CodeIgniter\Boot::runCodeIgniter(Object(CodeIgniter\CodeIgniter))
 6 FCPATH\index.php(59): CodeIgniter\Boot::bootWeb(Object(Config\Paths))
 7 SYSTEMPATH\rewrite.php(44): require_once('C:\\laragon\\data\\kainkita\\public\\index.php')
DEBUG - 2026-05-17 05:10:54 --> Session: Class initialized using 'CodeIgniter\Session\Handlers\FileHandler' driver.
WARNING - 2026-05-17 05:10:54 --> [DEPRECATED] Creation of dynamic property Modul\Login\Controllers\Login::$session is deprecated in APPPATH\Controllers\BaseController.php on line 47.
 1 SYSTEMPATH\CodeIgniter.php(922): App\Controllers\BaseController->initController(Object(CodeIgniter\HTTP\IncomingRequest), Object(CodeIgniter\HTTP\Response), Object(CodeIgniter\Log\Logger))
 2 SYSTEMPATH\CodeIgniter.php(488): CodeIgniter\CodeIgniter->createController()
 3 SYSTEMPATH\CodeIgniter.php(340): CodeIgniter\CodeIgniter->handleRequest(null, Object(Config\Cache), false)
 4 SYSTEMPATH\Boot.php(417): CodeIgniter\CodeIgniter->run()
 5 SYSTEMPATH\Boot.php(68): CodeIgniter\Boot::runCodeIgniter(Object(CodeIgniter\CodeIgniter))
 6 FCPATH\index.php(59): CodeIgniter\Boot::bootWeb(Object(Config\Paths))
 7 SYSTEMPATH\rewrite.php(44): require_once('C:\\laragon\\data\\kainkita\\public\\index.php')
WARNING - 2026-05-17 05:10:54 --> [DEPRECATED] Creation of dynamic property Modul\Login\Controllers\Login::$validation is deprecated in APPPATH\Controllers\BaseController.php on line 48.
 1 SYSTEMPATH\CodeIgniter.php(922): App\Controllers\BaseController->initController(Object(CodeIgniter\HTTP\IncomingRequest), Object(CodeIgniter\HTTP\Response), Object(CodeIgniter\Log\Logger))
 2 SYSTEMPATH\CodeIgniter.php(488): CodeIgniter\CodeIgniter->createController()
 3 SYSTEMPATH\CodeIgniter.php(340): CodeIgniter\CodeIgniter->handleRequest(null, Object(Config\Cache), false)
 4 SYSTEMPATH\Boot.php(417): CodeIgniter\CodeIgniter->run()
 5 SYSTEMPATH\Boot.php(68): CodeIgniter\Boot::runCodeIgniter(Object(CodeIgniter\CodeIgniter))
 6 FCPATH\index.php(59): CodeIgniter\Boot::bootWeb(Object(Config\Paths))
 7 SYSTEMPATH\rewrite.php(44): require_once('C:\\laragon\\data\\kainkita\\public\\index.php')
WARNING - 2026-05-17 05:10:54 --> [DEPRECATED] Creation of dynamic property Modul\Login\Controllers\Login::$db is deprecated in APPPATH\Controllers\BaseController.php on line 50.
 1 SYSTEMPATH\CodeIgniter.php(922): App\Controllers\BaseController->initController(Object(CodeIgniter\HTTP\IncomingRequest), Object(CodeIgniter\HTTP\Response), Object(CodeIgniter\Log\Logger))
 2 SYSTEMPATH\CodeIgniter.php(488): CodeIgniter\CodeIgniter->createController()
 3 SYSTEMPATH\CodeIgniter.php(340): CodeIgniter\CodeIgniter->handleRequest(null, Object(Config\Cache), false)
 4 SYSTEMPATH\Boot.php(417): CodeIgniter\CodeIgniter->run()
 5 SYSTEMPATH\Boot.php(68): CodeIgniter\Boot::runCodeIgniter(Object(CodeIgniter\CodeIgniter))
 6 FCPATH\index.php(59): CodeIgniter\Boot::bootWeb(Object(Config\Paths))
 7 SYSTEMPATH\rewrite.php(44): require_once('C:\\laragon\\data\\kainkita\\public\\index.php')
WARNING - 2026-05-17 05:10:54 --> [DEPRECATED] Creation of dynamic property Modul\Login\Controllers\Login::$uri is deprecated in APPPATH\Controllers\BaseController.php on line 51.
 1 SYSTEMPATH\CodeIgniter.php(922): App\Controllers\BaseController->initController(Object(CodeIgniter\HTTP\IncomingRequest), Object(CodeIgniter\HTTP\Response), Object(CodeIgniter\Log\Logger))
 2 SYSTEMPATH\CodeIgniter.php(488): CodeIgniter\CodeIgniter->createController()
 3 SYSTEMPATH\CodeIgniter.php(340): CodeIgniter\CodeIgniter->handleRequest(null, Object(Config\Cache), false)
 4 SYSTEMPATH\Boot.php(417): CodeIgniter\CodeIgniter->run()
 5 SYSTEMPATH\Boot.php(68): CodeIgniter\Boot::runCodeIgniter(Object(CodeIgniter\CodeIgniter))
 6 FCPATH\index.php(59): CodeIgniter\Boot::bootWeb(Object(Config\Paths))
 7 SYSTEMPATH\rewrite.php(44): require_once('C:\\laragon\\data\\kainkita\\public\\index.php')
WARNING - 2026-05-17 05:10:54 --> [DEPRECATED] Creation of dynamic property Modul\Login\Controllers\Login::$pager is deprecated in APPPATH\Controllers\BaseController.php on line 52.
 1 SYSTEMPATH\CodeIgniter.php(922): App\Controllers\BaseController->initController(Object(CodeIgniter\HTTP\IncomingRequest), Object(CodeIgniter\HTTP\Response), Object(CodeIgniter\Log\Logger))
 2 SYSTEMPATH\CodeIgniter.php(488): CodeIgniter\CodeIgniter->createController()
 3 SYSTEMPATH\CodeIgniter.php(340): CodeIgniter\CodeIgniter->handleRequest(null, Object(Config\Cache), false)
 4 SYSTEMPATH\Boot.php(417): CodeIgniter\CodeIgniter->run()
 5 SYSTEMPATH\Boot.php(68): CodeIgniter\Boot::runCodeIgniter(Object(CodeIgniter\CodeIgniter))
 6 FCPATH\index.php(59): CodeIgniter\Boot::bootWeb(Object(Config\Paths))
 7 SYSTEMPATH\rewrite.php(44): require_once('C:\\laragon\\data\\kainkita\\public\\index.php')
ERROR - 2026-05-17 05:11:02 --> Unknown column 'avatar' in 'field list'
in SYSTEMPATH\Database\MySQLi\Connection.php on line 300.
 1 SYSTEMPATH\Database\MySQLi\Connection.php(300): mysqli->query('UPDATE `auth_users` SET `google_id` = \'108953988178283617672\', `name` = \'Bayu Slamet\', `avatar` = \'https://lh3.googleusercontent.com/a/ACg8ocKQ2meSYExD8zKkfmoHeq38GJ7WPnLMVCZd5lx_EiQNXQ5pNXY=s96-c\', `status` = 1
WHERE `id` = \'3\'', 0)
 2 SYSTEMPATH\Database\BaseConnection.php(769): CodeIgniter\Database\MySQLi\Connection->execute('UPDATE `auth_users` SET `google_id` = \'108953988178283617672\', `name` = \'Bayu Slamet\', `avatar` = \'https://lh3.googleusercontent.com/a/ACg8ocKQ2meSYExD8zKkfmoHeq38GJ7WPnLMVCZd5lx_EiQNXQ5pNXY=s96-c\', `status` = 1
WHERE `id` = \'3\'')
 3 SYSTEMPATH\Database\BaseConnection.php(686): CodeIgniter\Database\BaseConnection->simpleQuery('UPDATE `auth_users` SET `google_id` = \'108953988178283617672\', `name` = \'Bayu Slamet\', `avatar` = \'https://lh3.googleusercontent.com/a/ACg8ocKQ2meSYExD8zKkfmoHeq38GJ7WPnLMVCZd5lx_EiQNXQ5pNXY=s96-c\', `status` = 1
WHERE `id` = \'3\'')
 4 SYSTEMPATH\Database\BaseBuilder.php(2521): CodeIgniter\Database\BaseConnection->query('UPDATE `auth_users` SET `google_id` = :google_id:, `name` = :name:, `avatar` = :avatar:, `status` = :status:
WHERE `id` = :id:', [...], false)
 5 ROOTPATH\modul\Login\Controllers\Login.php(320): CodeIgniter\Database\BaseBuilder->update([...])
 6 SYSTEMPATH\CodeIgniter.php(951): Modul\Login\Controllers\Login->googleCallback()
 7 SYSTEMPATH\CodeIgniter.php(497): CodeIgniter\CodeIgniter->runController(Object(Modul\Login\Controllers\Login))
 8 SYSTEMPATH\CodeIgniter.php(340): CodeIgniter\CodeIgniter->handleRequest(null, Object(Config\Cache), false)
 9 SYSTEMPATH\Boot.php(417): CodeIgniter\CodeIgniter->run()
10 SYSTEMPATH\Boot.php(68): CodeIgniter\Boot::runCodeIgniter(Object(CodeIgniter\CodeIgniter))
11 FCPATH\index.php(59): CodeIgniter\Boot::bootWeb(Object(Config\Paths))
12 SYSTEMPATH\rewrite.php(44): require_once('C:\\laragon\\data\\kainkita\\public\\index.php')
DEBUG - 2026-05-17 05:11:32 --> Session: Class initialized using 'CodeIgniter\Session\Handlers\FileHandler' driver.
WARNING - 2026-05-17 05:11:32 --> [DEPRECATED] Creation of dynamic property Modul\Login\Controllers\Login::$session is deprecated in APPPATH\Controllers\BaseController.php on line 47.
 1 SYSTEMPATH\CodeIgniter.php(922): App\Controllers\BaseController->initController(Object(CodeIgniter\HTTP\IncomingRequest), Object(CodeIgniter\HTTP\Response), Object(CodeIgniter\Log\Logger))
 2 SYSTEMPATH\CodeIgniter.php(488): CodeIgniter\CodeIgniter->createController()
 3 SYSTEMPATH\CodeIgniter.php(340): CodeIgniter\CodeIgniter->handleRequest(null, Object(Config\Cache), false)
 4 SYSTEMPATH\Boot.php(417): CodeIgniter\CodeIgniter->run()
 5 SYSTEMPATH\Boot.php(68): CodeIgniter\Boot::runCodeIgniter(Object(CodeIgniter\CodeIgniter))
 6 FCPATH\index.php(59): CodeIgniter\Boot::bootWeb(Object(Config\Paths))
 7 SYSTEMPATH\rewrite.php(44): require_once('C:\\laragon\\data\\kainkita\\public\\index.php')
WARNING - 2026-05-17 05:11:32 --> [DEPRECATED] Creation of dynamic property Modul\Login\Controllers\Login::$validation is deprecated in APPPATH\Controllers\BaseController.php on line 48.
 1 SYSTEMPATH\CodeIgniter.php(922): App\Controllers\BaseController->initController(Object(CodeIgniter\HTTP\IncomingRequest), Object(CodeIgniter\HTTP\Response), Object(CodeIgniter\Log\Logger))
 2 SYSTEMPATH\CodeIgniter.php(488): CodeIgniter\CodeIgniter->createController()
 3 SYSTEMPATH\CodeIgniter.php(340): CodeIgniter\CodeIgniter->handleRequest(null, Object(Config\Cache), false)
 4 SYSTEMPATH\Boot.php(417): CodeIgniter\CodeIgniter->run()
 5 SYSTEMPATH\Boot.php(68): CodeIgniter\Boot::runCodeIgniter(Object(CodeIgniter\CodeIgniter))
 6 FCPATH\index.php(59): CodeIgniter\Boot::bootWeb(Object(Config\Paths))
 7 SYSTEMPATH\rewrite.php(44): require_once('C:\\laragon\\data\\kainkita\\public\\index.php')
WARNING - 2026-05-17 05:11:32 --> [DEPRECATED] Creation of dynamic property Modul\Login\Controllers\Login::$db is deprecated in APPPATH\Controllers\BaseController.php on line 50.
 1 SYSTEMPATH\CodeIgniter.php(922): App\Controllers\BaseController->initController(Object(CodeIgniter\HTTP\IncomingRequest), Object(CodeIgniter\HTTP\Response), Object(CodeIgniter\Log\Logger))
 2 SYSTEMPATH\CodeIgniter.php(488): CodeIgniter\CodeIgniter->createController()
 3 SYSTEMPATH\CodeIgniter.php(340): CodeIgniter\CodeIgniter->handleRequest(null, Object(Config\Cache), false)
 4 SYSTEMPATH\Boot.php(417): CodeIgniter\CodeIgniter->run()
 5 SYSTEMPATH\Boot.php(68): CodeIgniter\Boot::runCodeIgniter(Object(CodeIgniter\CodeIgniter))
 6 FCPATH\index.php(59): CodeIgniter\Boot::bootWeb(Object(Config\Paths))
 7 SYSTEMPATH\rewrite.php(44): require_once('C:\\laragon\\data\\kainkita\\public\\index.php')
WARNING - 2026-05-17 05:11:32 --> [DEPRECATED] Creation of dynamic property Modul\Login\Controllers\Login::$uri is deprecated in APPPATH\Controllers\BaseController.php on line 51.
 1 SYSTEMPATH\CodeIgniter.php(922): App\Controllers\BaseController->initController(Object(CodeIgniter\HTTP\IncomingRequest), Object(CodeIgniter\HTTP\Response), Object(CodeIgniter\Log\Logger))
 2 SYSTEMPATH\CodeIgniter.php(488): CodeIgniter\CodeIgniter->createController()
 3 SYSTEMPATH\CodeIgniter.php(340): CodeIgniter\CodeIgniter->handleRequest(null, Object(Config\Cache), false)
 4 SYSTEMPATH\Boot.php(417): CodeIgniter\CodeIgniter->run()
 5 SYSTEMPATH\Boot.php(68): CodeIgniter\Boot::runCodeIgniter(Object(CodeIgniter\CodeIgniter))
 6 FCPATH\index.php(59): CodeIgniter\Boot::bootWeb(Object(Config\Paths))
 7 SYSTEMPATH\rewrite.php(44): require_once('C:\\laragon\\data\\kainkita\\public\\index.php')
WARNING - 2026-05-17 05:11:32 --> [DEPRECATED] Creation of dynamic property Modul\Login\Controllers\Login::$pager is deprecated in APPPATH\Controllers\BaseController.php on line 52.
 1 SYSTEMPATH\CodeIgniter.php(922): App\Controllers\BaseController->initController(Object(CodeIgniter\HTTP\IncomingRequest), Object(CodeIgniter\HTTP\Response), Object(CodeIgniter\Log\Logger))
 2 SYSTEMPATH\CodeIgniter.php(488): CodeIgniter\CodeIgniter->createController()
 3 SYSTEMPATH\CodeIgniter.php(340): CodeIgniter\CodeIgniter->handleRequest(null, Object(Config\Cache), false)
 4 SYSTEMPATH\Boot.php(417): CodeIgniter\CodeIgniter->run()
 5 SYSTEMPATH\Boot.php(68): CodeIgniter\Boot::runCodeIgniter(Object(CodeIgniter\CodeIgniter))
 6 FCPATH\index.php(59): CodeIgniter\Boot::bootWeb(Object(Config\Paths))
 7 SYSTEMPATH\rewrite.php(44): require_once('C:\\laragon\\data\\kainkita\\public\\index.php')
DEBUG - 2026-05-17 05:11:33 --> Session: Class initialized using 'CodeIgniter\Session\Handlers\FileHandler' driver.
WARNING - 2026-05-17 05:11:33 --> [DEPRECATED] Creation of dynamic property Modul\Home\Controllers\Home::$session is deprecated in APPPATH\Controllers\BaseController.php on line 47.
 1 SYSTEMPATH\CodeIgniter.php(922): App\Controllers\BaseController->initController(Object(CodeIgniter\HTTP\IncomingRequest), Object(CodeIgniter\HTTP\Response), Object(CodeIgniter\Log\Logger))
 2 SYSTEMPATH\CodeIgniter.php(488): CodeIgniter\CodeIgniter->createController()
 3 SYSTEMPATH\CodeIgniter.php(340): CodeIgniter\CodeIgniter->handleRequest(null, Object(Config\Cache), false)
 4 SYSTEMPATH\Boot.php(417): CodeIgniter\CodeIgniter->run()
 5 SYSTEMPATH\Boot.php(68): CodeIgniter\Boot::runCodeIgniter(Object(CodeIgniter\CodeIgniter))
 6 FCPATH\index.php(59): CodeIgniter\Boot::bootWeb(Object(Config\Paths))
 7 SYSTEMPATH\rewrite.php(44): require_once('C:\\laragon\\data\\kainkita\\public\\index.php')
WARNING - 2026-05-17 05:11:33 --> [DEPRECATED] Creation of dynamic property Modul\Home\Controllers\Home::$validation is deprecated in APPPATH\Controllers\BaseController.php on line 48.
 1 SYSTEMPATH\CodeIgniter.php(922): App\Controllers\BaseController->initController(Object(CodeIgniter\HTTP\IncomingRequest), Object(CodeIgniter\HTTP\Response), Object(CodeIgniter\Log\Logger))
 2 SYSTEMPATH\CodeIgniter.php(488): CodeIgniter\CodeIgniter->createController()
 3 SYSTEMPATH\CodeIgniter.php(340): CodeIgniter\CodeIgniter->handleRequest(null, Object(Config\Cache), false)
 4 SYSTEMPATH\Boot.php(417): CodeIgniter\CodeIgniter->run()
 5 SYSTEMPATH\Boot.php(68): CodeIgniter\Boot::runCodeIgniter(Object(CodeIgniter\CodeIgniter))
 6 FCPATH\index.php(59): CodeIgniter\Boot::bootWeb(Object(Config\Paths))
 7 SYSTEMPATH\rewrite.php(44): require_once('C:\\laragon\\data\\kainkita\\public\\index.php')
WARNING - 2026-05-17 05:11:33 --> [DEPRECATED] Creation of dynamic property Modul\Home\Controllers\Home::$db is deprecated in APPPATH\Controllers\BaseController.php on line 50.
 1 SYSTEMPATH\CodeIgniter.php(922): App\Controllers\BaseController->initController(Object(CodeIgniter\HTTP\IncomingRequest), Object(CodeIgniter\HTTP\Response), Object(CodeIgniter\Log\Logger))
 2 SYSTEMPATH\CodeIgniter.php(488): CodeIgniter\CodeIgniter->createController()
 3 SYSTEMPATH\CodeIgniter.php(340): CodeIgniter\CodeIgniter->handleRequest(null, Object(Config\Cache), false)
 4 SYSTEMPATH\Boot.php(417): CodeIgniter\CodeIgniter->run()
 5 SYSTEMPATH\Boot.php(68): CodeIgniter\Boot::runCodeIgniter(Object(CodeIgniter\CodeIgniter))
 6 FCPATH\index.php(59): CodeIgniter\Boot::bootWeb(Object(Config\Paths))
 7 SYSTEMPATH\rewrite.php(44): require_once('C:\\laragon\\data\\kainkita\\public\\index.php')
WARNING - 2026-05-17 05:11:33 --> [DEPRECATED] Creation of dynamic property Modul\Home\Controllers\Home::$uri is deprecated in APPPATH\Controllers\BaseController.php on line 51.
 1 SYSTEMPATH\CodeIgniter.php(922): App\Controllers\BaseController->initController(Object(CodeIgniter\HTTP\IncomingRequest), Object(CodeIgniter\HTTP\Response), Object(CodeIgniter\Log\Logger))
 2 SYSTEMPATH\CodeIgniter.php(488): CodeIgniter\CodeIgniter->createController()
 3 SYSTEMPATH\CodeIgniter.php(340): CodeIgniter\CodeIgniter->handleRequest(null, Object(Config\Cache), false)
 4 SYSTEMPATH\Boot.php(417): CodeIgniter\CodeIgniter->run()
 5 SYSTEMPATH\Boot.php(68): CodeIgniter\Boot::runCodeIgniter(Object(CodeIgniter\CodeIgniter))
 6 FCPATH\index.php(59): CodeIgniter\Boot::bootWeb(Object(Config\Paths))
 7 SYSTEMPATH\rewrite.php(44): require_once('C:\\laragon\\data\\kainkita\\public\\index.php')
WARNING - 2026-05-17 05:11:33 --> [DEPRECATED] Creation of dynamic property Modul\Home\Controllers\Home::$pager is deprecated in APPPATH\Controllers\BaseController.php on line 52.
 1 SYSTEMPATH\CodeIgniter.php(922): App\Controllers\BaseController->initController(Object(CodeIgniter\HTTP\IncomingRequest), Object(CodeIgniter\HTTP\Response), Object(CodeIgniter\Log\Logger))
 2 SYSTEMPATH\CodeIgniter.php(488): CodeIgniter\CodeIgniter->createController()
 3 SYSTEMPATH\CodeIgniter.php(340): CodeIgniter\CodeIgniter->handleRequest(null, Object(Config\Cache), false)
 4 SYSTEMPATH\Boot.php(417): CodeIgniter\CodeIgniter->run()
 5 SYSTEMPATH\Boot.php(68): CodeIgniter\Boot::runCodeIgniter(Object(CodeIgniter\CodeIgniter))
 6 FCPATH\index.php(59): CodeIgniter\Boot::bootWeb(Object(Config\Paths))
 7 SYSTEMPATH\rewrite.php(44): require_once('C:\\laragon\\data\\kainkita\\public\\index.php')
WARNING - 2026-05-17 05:11:33 --> [DEPRECATED] Creation of dynamic property CodeIgniter\View\View::$db is deprecated in APPPATH\Views\layout\template.php on line 4.
 1 SYSTEMPATH\View\View.php(238): include('C:\\laragon\\data\\kainkita\\app\\Views\\layout\\template.php')
 2 SYSTEMPATH\View\View.php(241): CodeIgniter\View\View->CodeIgniter\View\{closure}()
 3 SYSTEMPATH\View\View.php(254): CodeIgniter\View\View->render('layout/template', [], true)
 4 SYSTEMPATH\Common.php(1250): CodeIgniter\View\View->render('Modul\\Home\\Views\\viewHome', [], true)
 5 ROOTPATH\modul\Home\Controllers\Home.php(71): view('Modul\\Home\\Views\\viewHome', [...])
 6 SYSTEMPATH\CodeIgniter.php(951): Modul\Home\Controllers\Home->index()
 7 SYSTEMPATH\CodeIgniter.php(497): CodeIgniter\CodeIgniter->runController(Object(Modul\Home\Controllers\Home))
 8 SYSTEMPATH\CodeIgniter.php(340): CodeIgniter\CodeIgniter->handleRequest(null, Object(Config\Cache), false)
 9 SYSTEMPATH\Boot.php(417): CodeIgniter\CodeIgniter->run()
10 SYSTEMPATH\Boot.php(68): CodeIgniter\Boot::runCodeIgniter(Object(CodeIgniter\CodeIgniter))
11 FCPATH\index.php(59): CodeIgniter\Boot::bootWeb(Object(Config\Paths))
12 SYSTEMPATH\rewrite.php(44): require_once('C:\\laragon\\data\\kainkita\\public\\index.php')
DEBUG - 2026-05-17 05:11:35 --> Session: Class initialized using 'CodeIgniter\Session\Handlers\FileHandler' driver.
WARNING - 2026-05-17 05:11:35 --> [DEPRECATED] Creation of dynamic property Modul\Carts\Controllers\Carts::$session is deprecated in APPPATH\Controllers\BaseController.php on line 47.
 1 SYSTEMPATH\CodeIgniter.php(922): App\Controllers\BaseController->initController(Object(CodeIgniter\HTTP\IncomingRequest), Object(CodeIgniter\HTTP\Response), Object(CodeIgniter\Log\Logger))
 2 SYSTEMPATH\CodeIgniter.php(488): CodeIgniter\CodeIgniter->createController()
 3 SYSTEMPATH\CodeIgniter.php(340): CodeIgniter\CodeIgniter->handleRequest(null, Object(Config\Cache), false)
 4 SYSTEMPATH\Boot.php(417): CodeIgniter\CodeIgniter->run()
 5 SYSTEMPATH\Boot.php(68): CodeIgniter\Boot::runCodeIgniter(Object(CodeIgniter\CodeIgniter))
 6 FCPATH\index.php(59): CodeIgniter\Boot::bootWeb(Object(Config\Paths))
 7 SYSTEMPATH\rewrite.php(44): require_once('C:\\laragon\\data\\kainkita\\public\\index.php')
WARNING - 2026-05-17 05:11:35 --> [DEPRECATED] Creation of dynamic property Modul\Carts\Controllers\Carts::$validation is deprecated in APPPATH\Controllers\BaseController.php on line 48.
 1 SYSTEMPATH\CodeIgniter.php(922): App\Controllers\BaseController->initController(Object(CodeIgniter\HTTP\IncomingRequest), Object(CodeIgniter\HTTP\Response), Object(CodeIgniter\Log\Logger))
 2 SYSTEMPATH\CodeIgniter.php(488): CodeIgniter\CodeIgniter->createController()
 3 SYSTEMPATH\CodeIgniter.php(340): CodeIgniter\CodeIgniter->handleRequest(null, Object(Config\Cache), false)
 4 SYSTEMPATH\Boot.php(417): CodeIgniter\CodeIgniter->run()
 5 SYSTEMPATH\Boot.php(68): CodeIgniter\Boot::runCodeIgniter(Object(CodeIgniter\CodeIgniter))
 6 FCPATH\index.php(59): CodeIgniter\Boot::bootWeb(Object(Config\Paths))
 7 SYSTEMPATH\rewrite.php(44): require_once('C:\\laragon\\data\\kainkita\\public\\index.php')
WARNING - 2026-05-17 05:11:35 --> [DEPRECATED] Creation of dynamic property Modul\Carts\Controllers\Carts::$db is deprecated in APPPATH\Controllers\BaseController.php on line 50.
 1 SYSTEMPATH\CodeIgniter.php(922): App\Controllers\BaseController->initController(Object(CodeIgniter\HTTP\IncomingRequest), Object(CodeIgniter\HTTP\Response), Object(CodeIgniter\Log\Logger))
 2 SYSTEMPATH\CodeIgniter.php(488): CodeIgniter\CodeIgniter->createController()
 3 SYSTEMPATH\CodeIgniter.php(340): CodeIgniter\CodeIgniter->handleRequest(null, Object(Config\Cache), false)
 4 SYSTEMPATH\Boot.php(417): CodeIgniter\CodeIgniter->run()
 5 SYSTEMPATH\Boot.php(68): CodeIgniter\Boot::runCodeIgniter(Object(CodeIgniter\CodeIgniter))
 6 FCPATH\index.php(59): CodeIgniter\Boot::bootWeb(Object(Config\Paths))
 7 SYSTEMPATH\rewrite.php(44): require_once('C:\\laragon\\data\\kainkita\\public\\index.php')
WARNING - 2026-05-17 05:11:35 --> [DEPRECATED] Creation of dynamic property Modul\Carts\Controllers\Carts::$uri is deprecated in APPPATH\Controllers\BaseController.php on line 51.
 1 SYSTEMPATH\CodeIgniter.php(922): App\Controllers\BaseController->initController(Object(CodeIgniter\HTTP\IncomingRequest), Object(CodeIgniter\HTTP\Response), Object(CodeIgniter\Log\Logger))
 2 SYSTEMPATH\CodeIgniter.php(488): CodeIgniter\CodeIgniter->createController()
 3 SYSTEMPATH\CodeIgniter.php(340): CodeIgniter\CodeIgniter->handleRequest(null, Object(Config\Cache), false)
 4 SYSTEMPATH\Boot.php(417): CodeIgniter\CodeIgniter->run()
 5 SYSTEMPATH\Boot.php(68): CodeIgniter\Boot::runCodeIgniter(Object(CodeIgniter\CodeIgniter))
 6 FCPATH\index.php(59): CodeIgniter\Boot::bootWeb(Object(Config\Paths))
 7 SYSTEMPATH\rewrite.php(44): require_once('C:\\laragon\\data\\kainkita\\public\\index.php')
WARNING - 2026-05-17 05:11:35 --> [DEPRECATED] Creation of dynamic property Modul\Carts\Controllers\Carts::$pager is deprecated in APPPATH\Controllers\BaseController.php on line 52.
 1 SYSTEMPATH\CodeIgniter.php(922): App\Controllers\BaseController->initController(Object(CodeIgniter\HTTP\IncomingRequest), Object(CodeIgniter\HTTP\Response), Object(CodeIgniter\Log\Logger))
 2 SYSTEMPATH\CodeIgniter.php(488): CodeIgniter\CodeIgniter->createController()
 3 SYSTEMPATH\CodeIgniter.php(340): CodeIgniter\CodeIgniter->handleRequest(null, Object(Config\Cache), false)
 4 SYSTEMPATH\Boot.php(417): CodeIgniter\CodeIgniter->run()
 5 SYSTEMPATH\Boot.php(68): CodeIgniter\Boot::runCodeIgniter(Object(CodeIgniter\CodeIgniter))
 6 FCPATH\index.php(59): CodeIgniter\Boot::bootWeb(Object(Config\Paths))
 7 SYSTEMPATH\rewrite.php(44): require_once('C:\\laragon\\data\\kainkita\\public\\index.php')
DEBUG - 2026-05-17 05:11:35 --> Session: Class initialized using 'CodeIgniter\Session\Handlers\FileHandler' driver.
WARNING - 2026-05-17 05:11:35 --> [DEPRECATED] Creation of dynamic property Modul\Wishlists\Controllers\Wishlists::$session is deprecated in APPPATH\Controllers\BaseController.php on line 47.
 1 SYSTEMPATH\CodeIgniter.php(922): App\Controllers\BaseController->initController(Object(CodeIgniter\HTTP\IncomingRequest), Object(CodeIgniter\HTTP\Response), Object(CodeIgniter\Log\Logger))
 2 SYSTEMPATH\CodeIgniter.php(488): CodeIgniter\CodeIgniter->createController()
 3 SYSTEMPATH\CodeIgniter.php(340): CodeIgniter\CodeIgniter->handleRequest(null, Object(Config\Cache), false)
 4 SYSTEMPATH\Boot.php(417): CodeIgniter\CodeIgniter->run()
 5 SYSTEMPATH\Boot.php(68): CodeIgniter\Boot::runCodeIgniter(Object(CodeIgniter\CodeIgniter))
 6 FCPATH\index.php(59): CodeIgniter\Boot::bootWeb(Object(Config\Paths))
 7 SYSTEMPATH\rewrite.php(44): require_once('C:\\laragon\\data\\kainkita\\public\\index.php')
WARNING - 2026-05-17 05:11:35 --> [DEPRECATED] Creation of dynamic property Modul\Wishlists\Controllers\Wishlists::$validation is deprecated in APPPATH\Controllers\BaseController.php on line 48.
 1 SYSTEMPATH\CodeIgniter.php(922): App\Controllers\BaseController->initController(Object(CodeIgniter\HTTP\IncomingRequest), Object(CodeIgniter\HTTP\Response), Object(CodeIgniter\Log\Logger))
 2 SYSTEMPATH\CodeIgniter.php(488): CodeIgniter\CodeIgniter->createController()
 3 SYSTEMPATH\CodeIgniter.php(340): CodeIgniter\CodeIgniter->handleRequest(null, Object(Config\Cache), false)
 4 SYSTEMPATH\Boot.php(417): CodeIgniter\CodeIgniter->run()
 5 SYSTEMPATH\Boot.php(68): CodeIgniter\Boot::runCodeIgniter(Object(CodeIgniter\CodeIgniter))
 6 FCPATH\index.php(59): CodeIgniter\Boot::bootWeb(Object(Config\Paths))
 7 SYSTEMPATH\rewrite.php(44): require_once('C:\\laragon\\data\\kainkita\\public\\index.php')
WARNING - 2026-05-17 05:11:35 --> [DEPRECATED] Creation of dynamic property Modul\Wishlists\Controllers\Wishlists::$db is deprecated in APPPATH\Controllers\BaseController.php on line 50.
 1 SYSTEMPATH\CodeIgniter.php(922): App\Controllers\BaseController->initController(Object(CodeIgniter\HTTP\IncomingRequest), Object(CodeIgniter\HTTP\Response), Object(CodeIgniter\Log\Logger))
 2 SYSTEMPATH\CodeIgniter.php(488): CodeIgniter\CodeIgniter->createController()
 3 SYSTEMPATH\CodeIgniter.php(340): CodeIgniter\CodeIgniter->handleRequest(null, Object(Config\Cache), false)
 4 SYSTEMPATH\Boot.php(417): CodeIgniter\CodeIgniter->run()
 5 SYSTEMPATH\Boot.php(68): CodeIgniter\Boot::runCodeIgniter(Object(CodeIgniter\CodeIgniter))
 6 FCPATH\index.php(59): CodeIgniter\Boot::bootWeb(Object(Config\Paths))
 7 SYSTEMPATH\rewrite.php(44): require_once('C:\\laragon\\data\\kainkita\\public\\index.php')
WARNING - 2026-05-17 05:11:35 --> [DEPRECATED] Creation of dynamic property Modul\Wishlists\Controllers\Wishlists::$uri is deprecated in APPPATH\Controllers\BaseController.php on line 51.
 1 SYSTEMPATH\CodeIgniter.php(922): App\Controllers\BaseController->initController(Object(CodeIgniter\HTTP\IncomingRequest), Object(CodeIgniter\HTTP\Response), Object(CodeIgniter\Log\Logger))
 2 SYSTEMPATH\CodeIgniter.php(488): CodeIgniter\CodeIgniter->createController()
 3 SYSTEMPATH\CodeIgniter.php(340): CodeIgniter\CodeIgniter->handleRequest(null, Object(Config\Cache), false)
 4 SYSTEMPATH\Boot.php(417): CodeIgniter\CodeIgniter->run()
 5 SYSTEMPATH\Boot.php(68): CodeIgniter\Boot::runCodeIgniter(Object(CodeIgniter\CodeIgniter))
 6 FCPATH\index.php(59): CodeIgniter\Boot::bootWeb(Object(Config\Paths))
 7 SYSTEMPATH\rewrite.php(44): require_once('C:\\laragon\\data\\kainkita\\public\\index.php')
WARNING - 2026-05-17 05:11:35 --> [DEPRECATED] Creation of dynamic property Modul\Wishlists\Controllers\Wishlists::$pager is deprecated in APPPATH\Controllers\BaseController.php on line 52.
 1 SYSTEMPATH\CodeIgniter.php(922): App\Controllers\BaseController->initController(Object(CodeIgniter\HTTP\IncomingRequest), Object(CodeIgniter\HTTP\Response), Object(CodeIgniter\Log\Logger))
 2 SYSTEMPATH\CodeIgniter.php(488): CodeIgniter\CodeIgniter->createController()
 3 SYSTEMPATH\CodeIgniter.php(340): CodeIgniter\CodeIgniter->handleRequest(null, Object(Config\Cache), false)
 4 SYSTEMPATH\Boot.php(417): CodeIgniter\CodeIgniter->run()
 5 SYSTEMPATH\Boot.php(68): CodeIgniter\Boot::runCodeIgniter(Object(CodeIgniter\CodeIgniter))
 6 FCPATH\index.php(59): CodeIgniter\Boot::bootWeb(Object(Config\Paths))
 7 SYSTEMPATH\rewrite.php(44): require_once('C:\\laragon\\data\\kainkita\\public\\index.php')
WARNING - 2026-05-17 05:11:38 --> [DEPRECATED] Creation of dynamic property Modul\Profile\Controllers\Profile::$customers is deprecated in ROOTPATH\modul\Profile\Controllers\Profile.php on line 12.
 1 SYSTEMPATH\CodeIgniter.php(921): Modul\Profile\Controllers\Profile->__construct()
 2 SYSTEMPATH\CodeIgniter.php(488): CodeIgniter\CodeIgniter->createController()
 3 SYSTEMPATH\CodeIgniter.php(340): CodeIgniter\CodeIgniter->handleRequest(null, Object(Config\Cache), false)
 4 SYSTEMPATH\Boot.php(417): CodeIgniter\CodeIgniter->run()
 5 SYSTEMPATH\Boot.php(68): CodeIgniter\Boot::runCodeIgniter(Object(CodeIgniter\CodeIgniter))
 6 FCPATH\index.php(59): CodeIgniter\Boot::bootWeb(Object(Config\Paths))
 7 SYSTEMPATH\rewrite.php(44): require_once('C:\\laragon\\data\\kainkita\\public\\index.php')
DEBUG - 2026-05-17 05:11:38 --> Session: Class initialized using 'CodeIgniter\Session\Handlers\FileHandler' driver.
WARNING - 2026-05-17 05:11:38 --> [DEPRECATED] Creation of dynamic property Modul\Profile\Controllers\Profile::$session is deprecated in APPPATH\Controllers\BaseController.php on line 47.
 1 SYSTEMPATH\CodeIgniter.php(922): App\Controllers\BaseController->initController(Object(CodeIgniter\HTTP\IncomingRequest), Object(CodeIgniter\HTTP\Response), Object(CodeIgniter\Log\Logger))
 2 SYSTEMPATH\CodeIgniter.php(488): CodeIgniter\CodeIgniter->createController()
 3 SYSTEMPATH\CodeIgniter.php(340): CodeIgniter\CodeIgniter->handleRequest(null, Object(Config\Cache), false)
 4 SYSTEMPATH\Boot.php(417): CodeIgniter\CodeIgniter->run()
 5 SYSTEMPATH\Boot.php(68): CodeIgniter\Boot::runCodeIgniter(Object(CodeIgniter\CodeIgniter))
 6 FCPATH\index.php(59): CodeIgniter\Boot::bootWeb(Object(Config\Paths))
 7 SYSTEMPATH\rewrite.php(44): require_once('C:\\laragon\\data\\kainkita\\public\\index.php')
WARNING - 2026-05-17 05:11:38 --> [DEPRECATED] Creation of dynamic property Modul\Profile\Controllers\Profile::$validation is deprecated in APPPATH\Controllers\BaseController.php on line 48.
 1 SYSTEMPATH\CodeIgniter.php(922): App\Controllers\BaseController->initController(Object(CodeIgniter\HTTP\IncomingRequest), Object(CodeIgniter\HTTP\Response), Object(CodeIgniter\Log\Logger))
 2 SYSTEMPATH\CodeIgniter.php(488): CodeIgniter\CodeIgniter->createController()
 3 SYSTEMPATH\CodeIgniter.php(340): CodeIgniter\CodeIgniter->handleRequest(null, Object(Config\Cache), false)
 4 SYSTEMPATH\Boot.php(417): CodeIgniter\CodeIgniter->run()
 5 SYSTEMPATH\Boot.php(68): CodeIgniter\Boot::runCodeIgniter(Object(CodeIgniter\CodeIgniter))
 6 FCPATH\index.php(59): CodeIgniter\Boot::bootWeb(Object(Config\Paths))
 7 SYSTEMPATH\rewrite.php(44): require_once('C:\\laragon\\data\\kainkita\\public\\index.php')
WARNING - 2026-05-17 05:11:38 --> [DEPRECATED] Creation of dynamic property Modul\Profile\Controllers\Profile::$db is deprecated in APPPATH\Controllers\BaseController.php on line 50.
 1 SYSTEMPATH\CodeIgniter.php(922): App\Controllers\BaseController->initController(Object(CodeIgniter\HTTP\IncomingRequest), Object(CodeIgniter\HTTP\Response), Object(CodeIgniter\Log\Logger))
 2 SYSTEMPATH\CodeIgniter.php(488): CodeIgniter\CodeIgniter->createController()
 3 SYSTEMPATH\CodeIgniter.php(340): CodeIgniter\CodeIgniter->handleRequest(null, Object(Config\Cache), false)
 4 SYSTEMPATH\Boot.php(417): CodeIgniter\CodeIgniter->run()
 5 SYSTEMPATH\Boot.php(68): CodeIgniter\Boot::runCodeIgniter(Object(CodeIgniter\CodeIgniter))
 6 FCPATH\index.php(59): CodeIgniter\Boot::bootWeb(Object(Config\Paths))
 7 SYSTEMPATH\rewrite.php(44): require_once('C:\\laragon\\data\\kainkita\\public\\index.php')
WARNING - 2026-05-17 05:11:38 --> [DEPRECATED] Creation of dynamic property Modul\Profile\Controllers\Profile::$uri is deprecated in APPPATH\Controllers\BaseController.php on line 51.
 1 SYSTEMPATH\CodeIgniter.php(922): App\Controllers\BaseController->initController(Object(CodeIgniter\HTTP\IncomingRequest), Object(CodeIgniter\HTTP\Response), Object(CodeIgniter\Log\Logger))
 2 SYSTEMPATH\CodeIgniter.php(488): CodeIgniter\CodeIgniter->createController()
 3 SYSTEMPATH\CodeIgniter.php(340): CodeIgniter\CodeIgniter->handleRequest(null, Object(Config\Cache), false)
 4 SYSTEMPATH\Boot.php(417): CodeIgniter\CodeIgniter->run()
 5 SYSTEMPATH\Boot.php(68): CodeIgniter\Boot::runCodeIgniter(Object(CodeIgniter\CodeIgniter))
 6 FCPATH\index.php(59): CodeIgniter\Boot::bootWeb(Object(Config\Paths))
 7 SYSTEMPATH\rewrite.php(44): require_once('C:\\laragon\\data\\kainkita\\public\\index.php')
WARNING - 2026-05-17 05:11:38 --> [DEPRECATED] Creation of dynamic property Modul\Profile\Controllers\Profile::$pager is deprecated in APPPATH\Controllers\BaseController.php on line 52.
 1 SYSTEMPATH\CodeIgniter.php(922): App\Controllers\BaseController->initController(Object(CodeIgniter\HTTP\IncomingRequest), Object(CodeIgniter\HTTP\Response), Object(CodeIgniter\Log\Logger))
 2 SYSTEMPATH\CodeIgniter.php(488): CodeIgniter\CodeIgniter->createController()
 3 SYSTEMPATH\CodeIgniter.php(340): CodeIgniter\CodeIgniter->handleRequest(null, Object(Config\Cache), false)
 4 SYSTEMPATH\Boot.php(417): CodeIgniter\CodeIgniter->run()
 5 SYSTEMPATH\Boot.php(68): CodeIgniter\Boot::runCodeIgniter(Object(CodeIgniter\CodeIgniter))
 6 FCPATH\index.php(59): CodeIgniter\Boot::bootWeb(Object(Config\Paths))
 7 SYSTEMPATH\rewrite.php(44): require_once('C:\\laragon\\data\\kainkita\\public\\index.php')
ERROR - 2026-05-17 05:11:38 --> Unknown column 'c.name' in 'field list'
in SYSTEMPATH\Database\MySQLi\Connection.php on line 300.
 1 SYSTEMPATH\Database\MySQLi\Connection.php(300): mysqli->query('SELECT `a`.*, `b`.`name` as `user_name`, `b`.`email`, `b`.`role`, `b`.`status`, `c`.`name` as `province_name`, `d`.`name` as `city_name`, `e`.`name` as `subdistrict_name`
FROM `customers` `a`
LEFT JOIN `auth_users` `b` ON `b`.`id` = `a`.`user_id`
LEFT JOIN `provinces` `c` ON `c`.`id` = `a`.`province_id`
LEFT JOIN `cities` `d` ON `d`.`id` = `a`.`city_id`
LEFT JOIN `subdistricts` `e` ON `e`.`id` = `a`.`subdistrict_id`
WHERE `a`.`user_id` = \'3\'', 0)
 2 SYSTEMPATH\Database\BaseConnection.php(769): CodeIgniter\Database\MySQLi\Connection->execute('SELECT `a`.*, `b`.`name` as `user_name`, `b`.`email`, `b`.`role`, `b`.`status`, `c`.`name` as `province_name`, `d`.`name` as `city_name`, `e`.`name` as `subdistrict_name`
FROM `customers` `a`
LEFT JOIN `auth_users` `b` ON `b`.`id` = `a`.`user_id`
LEFT JOIN `provinces` `c` ON `c`.`id` = `a`.`province_id`
LEFT JOIN `cities` `d` ON `d`.`id` = `a`.`city_id`
LEFT JOIN `subdistricts` `e` ON `e`.`id` = `a`.`subdistrict_id`
WHERE `a`.`user_id` = \'3\'')
 3 SYSTEMPATH\Database\BaseConnection.php(686): CodeIgniter\Database\BaseConnection->simpleQuery('SELECT `a`.*, `b`.`name` as `user_name`, `b`.`email`, `b`.`role`, `b`.`status`, `c`.`name` as `province_name`, `d`.`name` as `city_name`, `e`.`name` as `subdistrict_name`
FROM `customers` `a`
LEFT JOIN `auth_users` `b` ON `b`.`id` = `a`.`user_id`
LEFT JOIN `provinces` `c` ON `c`.`id` = `a`.`province_id`
LEFT JOIN `cities` `d` ON `d`.`id` = `a`.`city_id`
LEFT JOIN `subdistricts` `e` ON `e`.`id` = `a`.`subdistrict_id`
WHERE `a`.`user_id` = \'3\'')
 4 SYSTEMPATH\Database\BaseBuilder.php(1649): CodeIgniter\Database\BaseConnection->query('SELECT `a`.*, `b`.`name` as `user_name`, `b`.`email`, `b`.`role`, `b`.`status`, `c`.`name` as `province_name`, `d`.`name` as `city_name`, `e`.`name` as `subdistrict_name`
FROM `customers` `a`
LEFT JOIN `auth_users` `b` ON `b`.`id` = `a`.`user_id`
LEFT JOIN `provinces` `c` ON `c`.`id` = `a`.`province_id`
LEFT JOIN `cities` `d` ON `d`.`id` = `a`.`city_id`
LEFT JOIN `subdistricts` `e` ON `e`.`id` = `a`.`subdistrict_id`
WHERE `a`.`user_id` = :a.user_id:', [...], false)
 5 ROOTPATH\modul\Customers\Models\Model_customers.php(56): CodeIgniter\Database\BaseBuilder->get()
 6 ROOTPATH\modul\Profile\Controllers\Profile.php(29): Modul\Customers\Models\Model_customers->getProfile('3')
 7 SYSTEMPATH\CodeIgniter.php(951): Modul\Profile\Controllers\Profile->index()
 8 SYSTEMPATH\CodeIgniter.php(497): CodeIgniter\CodeIgniter->runController(Object(Modul\Profile\Controllers\Profile))
 9 SYSTEMPATH\CodeIgniter.php(340): CodeIgniter\CodeIgniter->handleRequest(null, Object(Config\Cache), false)
10 SYSTEMPATH\Boot.php(417): CodeIgniter\CodeIgniter->run()
11 SYSTEMPATH\Boot.php(68): CodeIgniter\Boot::runCodeIgniter(Object(CodeIgniter\CodeIgniter))
12 FCPATH\index.php(59): CodeIgniter\Boot::bootWeb(Object(Config\Paths))
13 SYSTEMPATH\rewrite.php(44): require_once('C:\\laragon\\data\\kainkita\\public\\index.php')
CRITICAL - 2026-05-17 05:11:38 --> CodeIgniter\Database\Exceptions\DatabaseException: Unknown column 'c.name' in 'field list'
[Method: GET, Route: profile]
in SYSTEMPATH\Database\BaseConnection.php on line 724.
 1 SYSTEMPATH\Database\BaseBuilder.php(1649): CodeIgniter\Database\BaseConnection->query('SELECT `a`.*, `b`.`name` as `user_name`, `b`.`email`, `b`.`role`, `b`.`status`, `c`.`name` as `province_name`, `d`.`name` as `city_name`, `e`.`name` as `subdistrict_name`
FROM `customers` `a`
LEFT JOIN `auth_users` `b` ON `b`.`id` = `a`.`user_id`
LEFT JOIN `provinces` `c` ON `c`.`id` = `a`.`province_id`
LEFT JOIN `cities` `d` ON `d`.`id` = `a`.`city_id`
LEFT JOIN `subdistricts` `e` ON `e`.`id` = `a`.`subdistrict_id`
WHERE `a`.`user_id` = :a.user_id:', [...], false)
 2 ROOTPATH\modul\Customers\Models\Model_customers.php(56): CodeIgniter\Database\BaseBuilder->get()
 3 ROOTPATH\modul\Profile\Controllers\Profile.php(29): Modul\Customers\Models\Model_customers->getProfile('3')
 4 SYSTEMPATH\CodeIgniter.php(951): Modul\Profile\Controllers\Profile->index()
 5 SYSTEMPATH\CodeIgniter.php(497): CodeIgniter\CodeIgniter->runController(Object(Modul\Profile\Controllers\Profile))
 6 SYSTEMPATH\CodeIgniter.php(340): CodeIgniter\CodeIgniter->handleRequest(null, Object(Config\Cache), false)
 7 SYSTEMPATH\Boot.php(417): CodeIgniter\CodeIgniter->run()
 8 SYSTEMPATH\Boot.php(68): CodeIgniter\Boot::runCodeIgniter(Object(CodeIgniter\CodeIgniter))
 9 FCPATH\index.php(59): CodeIgniter\Boot::bootWeb(Object(Config\Paths))
10 SYSTEMPATH\rewrite.php(44): require_once('C:\\laragon\\data\\kainkita\\public\\index.php')
CRITICAL - 2026-05-17 05:11:38 --> [Caused by] CodeIgniter\Database\Exceptions\DatabaseException: Unknown column 'c.name' in 'field list'
in SYSTEMPATH\Database\MySQLi\Connection.php on line 310.
 1 SYSTEMPATH\Database\BaseConnection.php(769): CodeIgniter\Database\MySQLi\Connection->execute('SELECT `a`.*, `b`.`name` as `user_name`, `b`.`email`, `b`.`role`, `b`.`status`, `c`.`name` as `province_name`, `d`.`name` as `city_name`, `e`.`name` as `subdistrict_name`
FROM `customers` `a`
LEFT JOIN `auth_users` `b` ON `b`.`id` = `a`.`user_id`
LEFT JOIN `provinces` `c` ON `c`.`id` = `a`.`province_id`
LEFT JOIN `cities` `d` ON `d`.`id` = `a`.`city_id`
LEFT JOIN `subdistricts` `e` ON `e`.`id` = `a`.`subdistrict_id`
WHERE `a`.`user_id` = \'3\'')
 2 SYSTEMPATH\Database\BaseConnection.php(686): CodeIgniter\Database\BaseConnection->simpleQuery('SELECT `a`.*, `b`.`name` as `user_name`, `b`.`email`, `b`.`role`, `b`.`status`, `c`.`name` as `province_name`, `d`.`name` as `city_name`, `e`.`name` as `subdistrict_name`
FROM `customers` `a`
LEFT JOIN `auth_users` `b` ON `b`.`id` = `a`.`user_id`
LEFT JOIN `provinces` `c` ON `c`.`id` = `a`.`province_id`
LEFT JOIN `cities` `d` ON `d`.`id` = `a`.`city_id`
LEFT JOIN `subdistricts` `e` ON `e`.`id` = `a`.`subdistrict_id`
WHERE `a`.`user_id` = \'3\'')
 3 SYSTEMPATH\Database\BaseBuilder.php(1649): CodeIgniter\Database\BaseConnection->query('SELECT `a`.*, `b`.`name` as `user_name`, `b`.`email`, `b`.`role`, `b`.`status`, `c`.`name` as `province_name`, `d`.`name` as `city_name`, `e`.`name` as `subdistrict_name`
FROM `customers` `a`
LEFT JOIN `auth_users` `b` ON `b`.`id` = `a`.`user_id`
LEFT JOIN `provinces` `c` ON `c`.`id` = `a`.`province_id`
LEFT JOIN `cities` `d` ON `d`.`id` = `a`.`city_id`
LEFT JOIN `subdistricts` `e` ON `e`.`id` = `a`.`subdistrict_id`
WHERE `a`.`user_id` = :a.user_id:', [...], false)
 4 ROOTPATH\modul\Customers\Models\Model_customers.php(56): CodeIgniter\Database\BaseBuilder->get()
 5 ROOTPATH\modul\Profile\Controllers\Profile.php(29): Modul\Customers\Models\Model_customers->getProfile('3')
 6 SYSTEMPATH\CodeIgniter.php(951): Modul\Profile\Controllers\Profile->index()
 7 SYSTEMPATH\CodeIgniter.php(497): CodeIgniter\CodeIgniter->runController(Object(Modul\Profile\Controllers\Profile))
 8 SYSTEMPATH\CodeIgniter.php(340): CodeIgniter\CodeIgniter->handleRequest(null, Object(Config\Cache), false)
 9 SYSTEMPATH\Boot.php(417): CodeIgniter\CodeIgniter->run()
10 SYSTEMPATH\Boot.php(68): CodeIgniter\Boot::runCodeIgniter(Object(CodeIgniter\CodeIgniter))
11 FCPATH\index.php(59): CodeIgniter\Boot::bootWeb(Object(Config\Paths))
12 SYSTEMPATH\rewrite.php(44): require_once('C:\\laragon\\data\\kainkita\\public\\index.php')
CRITICAL - 2026-05-17 05:11:38 --> [Caused by] mysqli_sql_exception: Unknown column 'c.name' in 'field list'
in SYSTEMPATH\Database\MySQLi\Connection.php on line 300.
 1 SYSTEMPATH\Database\MySQLi\Connection.php(300): mysqli->query('SELECT `a`.*, `b`.`name` as `user_name`, `b`.`email`, `b`.`role`, `b`.`status`, `c`.`name` as `province_name`, `d`.`name` as `city_name`, `e`.`name` as `subdistrict_name`
FROM `customers` `a`
LEFT JOIN `auth_users` `b` ON `b`.`id` = `a`.`user_id`
LEFT JOIN `provinces` `c` ON `c`.`id` = `a`.`province_id`
LEFT JOIN `cities` `d` ON `d`.`id` = `a`.`city_id`
LEFT JOIN `subdistricts` `e` ON `e`.`id` = `a`.`subdistrict_id`
WHERE `a`.`user_id` = \'3\'', 0)
 2 SYSTEMPATH\Database\BaseConnection.php(769): CodeIgniter\Database\MySQLi\Connection->execute('SELECT `a`.*, `b`.`name` as `user_name`, `b`.`email`, `b`.`role`, `b`.`status`, `c`.`name` as `province_name`, `d`.`name` as `city_name`, `e`.`name` as `subdistrict_name`
FROM `customers` `a`
LEFT JOIN `auth_users` `b` ON `b`.`id` = `a`.`user_id`
LEFT JOIN `provinces` `c` ON `c`.`id` = `a`.`province_id`
LEFT JOIN `cities` `d` ON `d`.`id` = `a`.`city_id`
LEFT JOIN `subdistricts` `e` ON `e`.`id` = `a`.`subdistrict_id`
WHERE `a`.`user_id` = \'3\'')
 3 SYSTEMPATH\Database\BaseConnection.php(686): CodeIgniter\Database\BaseConnection->simpleQuery('SELECT `a`.*, `b`.`name` as `user_name`, `b`.`email`, `b`.`role`, `b`.`status`, `c`.`name` as `province_name`, `d`.`name` as `city_name`, `e`.`name` as `subdistrict_name`
FROM `customers` `a`
LEFT JOIN `auth_users` `b` ON `b`.`id` = `a`.`user_id`
LEFT JOIN `provinces` `c` ON `c`.`id` = `a`.`province_id`
LEFT JOIN `cities` `d` ON `d`.`id` = `a`.`city_id`
LEFT JOIN `subdistricts` `e` ON `e`.`id` = `a`.`subdistrict_id`
WHERE `a`.`user_id` = \'3\'')
 4 SYSTEMPATH\Database\BaseBuilder.php(1649): CodeIgniter\Database\BaseConnection->query('SELECT `a`.*, `b`.`name` as `user_name`, `b`.`email`, `b`.`role`, `b`.`status`, `c`.`name` as `province_name`, `d`.`name` as `city_name`, `e`.`name` as `subdistrict_name`
FROM `customers` `a`
LEFT JOIN `auth_users` `b` ON `b`.`id` = `a`.`user_id`
LEFT JOIN `provinces` `c` ON `c`.`id` = `a`.`province_id`
LEFT JOIN `cities` `d` ON `d`.`id` = `a`.`city_id`
LEFT JOIN `subdistricts` `e` ON `e`.`id` = `a`.`subdistrict_id`
WHERE `a`.`user_id` = :a.user_id:', [...], false)
 5 ROOTPATH\modul\Customers\Models\Model_customers.php(56): CodeIgniter\Database\BaseBuilder->get()
 6 ROOTPATH\modul\Profile\Controllers\Profile.php(29): Modul\Customers\Models\Model_customers->getProfile('3')
 7 SYSTEMPATH\CodeIgniter.php(951): Modul\Profile\Controllers\Profile->index()
 8 SYSTEMPATH\CodeIgniter.php(497): CodeIgniter\CodeIgniter->runController(Object(Modul\Profile\Controllers\Profile))
 9 SYSTEMPATH\CodeIgniter.php(340): CodeIgniter\CodeIgniter->handleRequest(null, Object(Config\Cache), false)
10 SYSTEMPATH\Boot.php(417): CodeIgniter\CodeIgniter->run()
11 SYSTEMPATH\Boot.php(68): CodeIgniter\Boot::runCodeIgniter(Object(CodeIgniter\CodeIgniter))
12 FCPATH\index.php(59): CodeIgniter\Boot::bootWeb(Object(Config\Paths))
13 SYSTEMPATH\rewrite.php(44): require_once('C:\\laragon\\data\\kainkita\\public\\index.php')
WARNING - 2026-05-17 05:12:27 --> [DEPRECATED] Creation of dynamic property Modul\Profile\Controllers\Profile::$customers is deprecated in ROOTPATH\modul\Profile\Controllers\Profile.php on line 12.
 1 SYSTEMPATH\CodeIgniter.php(921): Modul\Profile\Controllers\Profile->__construct()
 2 SYSTEMPATH\CodeIgniter.php(488): CodeIgniter\CodeIgniter->createController()
 3 SYSTEMPATH\CodeIgniter.php(340): CodeIgniter\CodeIgniter->handleRequest(null, Object(Config\Cache), false)
 4 SYSTEMPATH\Boot.php(417): CodeIgniter\CodeIgniter->run()
 5 SYSTEMPATH\Boot.php(68): CodeIgniter\Boot::runCodeIgniter(Object(CodeIgniter\CodeIgniter))
 6 FCPATH\index.php(59): CodeIgniter\Boot::bootWeb(Object(Config\Paths))
 7 SYSTEMPATH\rewrite.php(44): require_once('C:\\laragon\\data\\kainkita\\public\\index.php')
DEBUG - 2026-05-17 05:12:27 --> Session: Class initialized using 'CodeIgniter\Session\Handlers\FileHandler' driver.
WARNING - 2026-05-17 05:12:27 --> [DEPRECATED] Creation of dynamic property Modul\Profile\Controllers\Profile::$session is deprecated in APPPATH\Controllers\BaseController.php on line 47.
 1 SYSTEMPATH\CodeIgniter.php(922): App\Controllers\BaseController->initController(Object(CodeIgniter\HTTP\IncomingRequest), Object(CodeIgniter\HTTP\Response), Object(CodeIgniter\Log\Logger))
 2 SYSTEMPATH\CodeIgniter.php(488): CodeIgniter\CodeIgniter->createController()
 3 SYSTEMPATH\CodeIgniter.php(340): CodeIgniter\CodeIgniter->handleRequest(null, Object(Config\Cache), false)
 4 SYSTEMPATH\Boot.php(417): CodeIgniter\CodeIgniter->run()
 5 SYSTEMPATH\Boot.php(68): CodeIgniter\Boot::runCodeIgniter(Object(CodeIgniter\CodeIgniter))
 6 FCPATH\index.php(59): CodeIgniter\Boot::bootWeb(Object(Config\Paths))
 7 SYSTEMPATH\rewrite.php(44): require_once('C:\\laragon\\data\\kainkita\\public\\index.php')
WARNING - 2026-05-17 05:12:27 --> [DEPRECATED] Creation of dynamic property Modul\Profile\Controllers\Profile::$validation is deprecated in APPPATH\Controllers\BaseController.php on line 48.
 1 SYSTEMPATH\CodeIgniter.php(922): App\Controllers\BaseController->initController(Object(CodeIgniter\HTTP\IncomingRequest), Object(CodeIgniter\HTTP\Response), Object(CodeIgniter\Log\Logger))
 2 SYSTEMPATH\CodeIgniter.php(488): CodeIgniter\CodeIgniter->createController()
 3 SYSTEMPATH\CodeIgniter.php(340): CodeIgniter\CodeIgniter->handleRequest(null, Object(Config\Cache), false)
 4 SYSTEMPATH\Boot.php(417): CodeIgniter\CodeIgniter->run()
 5 SYSTEMPATH\Boot.php(68): CodeIgniter\Boot::runCodeIgniter(Object(CodeIgniter\CodeIgniter))
 6 FCPATH\index.php(59): CodeIgniter\Boot::bootWeb(Object(Config\Paths))
 7 SYSTEMPATH\rewrite.php(44): require_once('C:\\laragon\\data\\kainkita\\public\\index.php')
WARNING - 2026-05-17 05:12:27 --> [DEPRECATED] Creation of dynamic property Modul\Profile\Controllers\Profile::$db is deprecated in APPPATH\Controllers\BaseController.php on line 50.
 1 SYSTEMPATH\CodeIgniter.php(922): App\Controllers\BaseController->initController(Object(CodeIgniter\HTTP\IncomingRequest), Object(CodeIgniter\HTTP\Response), Object(CodeIgniter\Log\Logger))
 2 SYSTEMPATH\CodeIgniter.php(488): CodeIgniter\CodeIgniter->createController()
 3 SYSTEMPATH\CodeIgniter.php(340): CodeIgniter\CodeIgniter->handleRequest(null, Object(Config\Cache), false)
 4 SYSTEMPATH\Boot.php(417): CodeIgniter\CodeIgniter->run()
 5 SYSTEMPATH\Boot.php(68): CodeIgniter\Boot::runCodeIgniter(Object(CodeIgniter\CodeIgniter))
 6 FCPATH\index.php(59): CodeIgniter\Boot::bootWeb(Object(Config\Paths))
 7 SYSTEMPATH\rewrite.php(44): require_once('C:\\laragon\\data\\kainkita\\public\\index.php')
WARNING - 2026-05-17 05:12:27 --> [DEPRECATED] Creation of dynamic property Modul\Profile\Controllers\Profile::$uri is deprecated in APPPATH\Controllers\BaseController.php on line 51.
 1 SYSTEMPATH\CodeIgniter.php(922): App\Controllers\BaseController->initController(Object(CodeIgniter\HTTP\IncomingRequest), Object(CodeIgniter\HTTP\Response), Object(CodeIgniter\Log\Logger))
 2 SYSTEMPATH\CodeIgniter.php(488): CodeIgniter\CodeIgniter->createController()
 3 SYSTEMPATH\CodeIgniter.php(340): CodeIgniter\CodeIgniter->handleRequest(null, Object(Config\Cache), false)
 4 SYSTEMPATH\Boot.php(417): CodeIgniter\CodeIgniter->run()
 5 SYSTEMPATH\Boot.php(68): CodeIgniter\Boot::runCodeIgniter(Object(CodeIgniter\CodeIgniter))
 6 FCPATH\index.php(59): CodeIgniter\Boot::bootWeb(Object(Config\Paths))
 7 SYSTEMPATH\rewrite.php(44): require_once('C:\\laragon\\data\\kainkita\\public\\index.php')
WARNING - 2026-05-17 05:12:27 --> [DEPRECATED] Creation of dynamic property Modul\Profile\Controllers\Profile::$pager is deprecated in APPPATH\Controllers\BaseController.php on line 52.
 1 SYSTEMPATH\CodeIgniter.php(922): App\Controllers\BaseController->initController(Object(CodeIgniter\HTTP\IncomingRequest), Object(CodeIgniter\HTTP\Response), Object(CodeIgniter\Log\Logger))
 2 SYSTEMPATH\CodeIgniter.php(488): CodeIgniter\CodeIgniter->createController()
 3 SYSTEMPATH\CodeIgniter.php(340): CodeIgniter\CodeIgniter->handleRequest(null, Object(Config\Cache), false)
 4 SYSTEMPATH\Boot.php(417): CodeIgniter\CodeIgniter->run()
 5 SYSTEMPATH\Boot.php(68): CodeIgniter\Boot::runCodeIgniter(Object(CodeIgniter\CodeIgniter))
 6 FCPATH\index.php(59): CodeIgniter\Boot::bootWeb(Object(Config\Paths))
 7 SYSTEMPATH\rewrite.php(44): require_once('C:\\laragon\\data\\kainkita\\public\\index.php')
ERROR - 2026-05-17 05:12:27 --> Unknown column 'e.id' in 'on clause'
in SYSTEMPATH\Database\MySQLi\Connection.php on line 300.
 1 SYSTEMPATH\Database\MySQLi\Connection.php(300): mysqli->query('SELECT `a`.*, `b`.`name` as `user_name`, `b`.`email`, `b`.`role`, `b`.`status`, `c`.`province_name` as `province_name`, `d`.`city_name` as `city_name`, `e`.`subdistrict_name` as `subdistrict_name`
FROM `customers` `a`
LEFT JOIN `auth_users` `b` ON `b`.`id` = `a`.`user_id`
LEFT JOIN `provinces` `c` ON `c`.`id` = `a`.`province_id`
LEFT JOIN `cities` `d` ON `d`.`id` = `a`.`city_id`
LEFT JOIN `subdistricts` `e` ON `e`.`id` = `a`.`subdistrict_id`
WHERE `a`.`user_id` = \'3\'', 0)
 2 SYSTEMPATH\Database\BaseConnection.php(769): CodeIgniter\Database\MySQLi\Connection->execute('SELECT `a`.*, `b`.`name` as `user_name`, `b`.`email`, `b`.`role`, `b`.`status`, `c`.`province_name` as `province_name`, `d`.`city_name` as `city_name`, `e`.`subdistrict_name` as `subdistrict_name`
FROM `customers` `a`
LEFT JOIN `auth_users` `b` ON `b`.`id` = `a`.`user_id`
LEFT JOIN `provinces` `c` ON `c`.`id` = `a`.`province_id`
LEFT JOIN `cities` `d` ON `d`.`id` = `a`.`city_id`
LEFT JOIN `subdistricts` `e` ON `e`.`id` = `a`.`subdistrict_id`
WHERE `a`.`user_id` = \'3\'')
 3 SYSTEMPATH\Database\BaseConnection.php(686): CodeIgniter\Database\BaseConnection->simpleQuery('SELECT `a`.*, `b`.`name` as `user_name`, `b`.`email`, `b`.`role`, `b`.`status`, `c`.`province_name` as `province_name`, `d`.`city_name` as `city_name`, `e`.`subdistrict_name` as `subdistrict_name`
FROM `customers` `a`
LEFT JOIN `auth_users` `b` ON `b`.`id` = `a`.`user_id`
LEFT JOIN `provinces` `c` ON `c`.`id` = `a`.`province_id`
LEFT JOIN `cities` `d` ON `d`.`id` = `a`.`city_id`
LEFT JOIN `subdistricts` `e` ON `e`.`id` = `a`.`subdistrict_id`
WHERE `a`.`user_id` = \'3\'')
 4 SYSTEMPATH\Database\BaseBuilder.php(1649): CodeIgniter\Database\BaseConnection->query('SELECT `a`.*, `b`.`name` as `user_name`, `b`.`email`, `b`.`role`, `b`.`status`, `c`.`province_name` as `province_name`, `d`.`city_name` as `city_name`, `e`.`subdistrict_name` as `subdistrict_name`
FROM `customers` `a`
LEFT JOIN `auth_users` `b` ON `b`.`id` = `a`.`user_id`
LEFT JOIN `provinces` `c` ON `c`.`id` = `a`.`province_id`
LEFT JOIN `cities` `d` ON `d`.`id` = `a`.`city_id`
LEFT JOIN `subdistricts` `e` ON `e`.`id` = `a`.`subdistrict_id`
WHERE `a`.`user_id` = :a.user_id:', [...], false)
 5 ROOTPATH\modul\Customers\Models\Model_customers.php(56): CodeIgniter\Database\BaseBuilder->get()
 6 ROOTPATH\modul\Profile\Controllers\Profile.php(29): Modul\Customers\Models\Model_customers->getProfile('3')
 7 SYSTEMPATH\CodeIgniter.php(951): Modul\Profile\Controllers\Profile->index()
 8 SYSTEMPATH\CodeIgniter.php(497): CodeIgniter\CodeIgniter->runController(Object(Modul\Profile\Controllers\Profile))
 9 SYSTEMPATH\CodeIgniter.php(340): CodeIgniter\CodeIgniter->handleRequest(null, Object(Config\Cache), false)
10 SYSTEMPATH\Boot.php(417): CodeIgniter\CodeIgniter->run()
11 SYSTEMPATH\Boot.php(68): CodeIgniter\Boot::runCodeIgniter(Object(CodeIgniter\CodeIgniter))
12 FCPATH\index.php(59): CodeIgniter\Boot::bootWeb(Object(Config\Paths))
13 SYSTEMPATH\rewrite.php(44): require_once('C:\\laragon\\data\\kainkita\\public\\index.php')
CRITICAL - 2026-05-17 05:12:27 --> CodeIgniter\Database\Exceptions\DatabaseException: Unknown column 'e.id' in 'on clause'
[Method: GET, Route: profile]
in SYSTEMPATH\Database\BaseConnection.php on line 724.
 1 SYSTEMPATH\Database\BaseBuilder.php(1649): CodeIgniter\Database\BaseConnection->query('SELECT `a`.*, `b`.`name` as `user_name`, `b`.`email`, `b`.`role`, `b`.`status`, `c`.`province_name` as `province_name`, `d`.`city_name` as `city_name`, `e`.`subdistrict_name` as `subdistrict_name`
FROM `customers` `a`
LEFT JOIN `auth_users` `b` ON `b`.`id` = `a`.`user_id`
LEFT JOIN `provinces` `c` ON `c`.`id` = `a`.`province_id`
LEFT JOIN `cities` `d` ON `d`.`id` = `a`.`city_id`
LEFT JOIN `subdistricts` `e` ON `e`.`id` = `a`.`subdistrict_id`
WHERE `a`.`user_id` = :a.user_id:', [...], false)
 2 ROOTPATH\modul\Customers\Models\Model_customers.php(56): CodeIgniter\Database\BaseBuilder->get()
 3 ROOTPATH\modul\Profile\Controllers\Profile.php(29): Modul\Customers\Models\Model_customers->getProfile('3')
 4 SYSTEMPATH\CodeIgniter.php(951): Modul\Profile\Controllers\Profile->index()
 5 SYSTEMPATH\CodeIgniter.php(497): CodeIgniter\CodeIgniter->runController(Object(Modul\Profile\Controllers\Profile))
 6 SYSTEMPATH\CodeIgniter.php(340): CodeIgniter\CodeIgniter->handleRequest(null, Object(Config\Cache), false)
 7 SYSTEMPATH\Boot.php(417): CodeIgniter\CodeIgniter->run()
 8 SYSTEMPATH\Boot.php(68): CodeIgniter\Boot::runCodeIgniter(Object(CodeIgniter\CodeIgniter))
 9 FCPATH\index.php(59): CodeIgniter\Boot::bootWeb(Object(Config\Paths))
10 SYSTEMPATH\rewrite.php(44): require_once('C:\\laragon\\data\\kainkita\\public\\index.php')
CRITICAL - 2026-05-17 05:12:27 --> [Caused by] CodeIgniter\Database\Exceptions\DatabaseException: Unknown column 'e.id' in 'on clause'
in SYSTEMPATH\Database\MySQLi\Connection.php on line 310.
 1 SYSTEMPATH\Database\BaseConnection.php(769): CodeIgniter\Database\MySQLi\Connection->execute('SELECT `a`.*, `b`.`name` as `user_name`, `b`.`email`, `b`.`role`, `b`.`status`, `c`.`province_name` as `province_name`, `d`.`city_name` as `city_name`, `e`.`subdistrict_name` as `subdistrict_name`
FROM `customers` `a`
LEFT JOIN `auth_users` `b` ON `b`.`id` = `a`.`user_id`
LEFT JOIN `provinces` `c` ON `c`.`id` = `a`.`province_id`
LEFT JOIN `cities` `d` ON `d`.`id` = `a`.`city_id`
LEFT JOIN `subdistricts` `e` ON `e`.`id` = `a`.`subdistrict_id`
WHERE `a`.`user_id` = \'3\'')
 2 SYSTEMPATH\Database\BaseConnection.php(686): CodeIgniter\Database\BaseConnection->simpleQuery('SELECT `a`.*, `b`.`name` as `user_name`, `b`.`email`, `b`.`role`, `b`.`status`, `c`.`province_name` as `province_name`, `d`.`city_name` as `city_name`, `e`.`subdistrict_name` as `subdistrict_name`
FROM `customers` `a`
LEFT JOIN `auth_users` `b` ON `b`.`id` = `a`.`user_id`
LEFT JOIN `provinces` `c` ON `c`.`id` = `a`.`province_id`
LEFT JOIN `cities` `d` ON `d`.`id` = `a`.`city_id`
LEFT JOIN `subdistricts` `e` ON `e`.`id` = `a`.`subdistrict_id`
WHERE `a`.`user_id` = \'3\'')
 3 SYSTEMPATH\Database\BaseBuilder.php(1649): CodeIgniter\Database\BaseConnection->query('SELECT `a`.*, `b`.`name` as `user_name`, `b`.`email`, `b`.`role`, `b`.`status`, `c`.`province_name` as `province_name`, `d`.`city_name` as `city_name`, `e`.`subdistrict_name` as `subdistrict_name`
FROM `customers` `a`
LEFT JOIN `auth_users` `b` ON `b`.`id` = `a`.`user_id`
LEFT JOIN `provinces` `c` ON `c`.`id` = `a`.`province_id`
LEFT JOIN `cities` `d` ON `d`.`id` = `a`.`city_id`
LEFT JOIN `subdistricts` `e` ON `e`.`id` = `a`.`subdistrict_id`
WHERE `a`.`user_id` = :a.user_id:', [...], false)
 4 ROOTPATH\modul\Customers\Models\Model_customers.php(56): CodeIgniter\Database\BaseBuilder->get()
 5 ROOTPATH\modul\Profile\Controllers\Profile.php(29): Modul\Customers\Models\Model_customers->getProfile('3')
 6 SYSTEMPATH\CodeIgniter.php(951): Modul\Profile\Controllers\Profile->index()
 7 SYSTEMPATH\CodeIgniter.php(497): CodeIgniter\CodeIgniter->runController(Object(Modul\Profile\Controllers\Profile))
 8 SYSTEMPATH\CodeIgniter.php(340): CodeIgniter\CodeIgniter->handleRequest(null, Object(Config\Cache), false)
 9 SYSTEMPATH\Boot.php(417): CodeIgniter\CodeIgniter->run()
10 SYSTEMPATH\Boot.php(68): CodeIgniter\Boot::runCodeIgniter(Object(CodeIgniter\CodeIgniter))
11 FCPATH\index.php(59): CodeIgniter\Boot::bootWeb(Object(Config\Paths))
12 SYSTEMPATH\rewrite.php(44): require_once('C:\\laragon\\data\\kainkita\\public\\index.php')
CRITICAL - 2026-05-17 05:12:27 --> [Caused by] mysqli_sql_exception: Unknown column 'e.id' in 'on clause'
in SYSTEMPATH\Database\MySQLi\Connection.php on line 300.
 1 SYSTEMPATH\Database\MySQLi\Connection.php(300): mysqli->query('SELECT `a`.*, `b`.`name` as `user_name`, `b`.`email`, `b`.`role`, `b`.`status`, `c`.`province_name` as `province_name`, `d`.`city_name` as `city_name`, `e`.`subdistrict_name` as `subdistrict_name`
FROM `customers` `a`
LEFT JOIN `auth_users` `b` ON `b`.`id` = `a`.`user_id`
LEFT JOIN `provinces` `c` ON `c`.`id` = `a`.`province_id`
LEFT JOIN `cities` `d` ON `d`.`id` = `a`.`city_id`
LEFT JOIN `subdistricts` `e` ON `e`.`id` = `a`.`subdistrict_id`
WHERE `a`.`user_id` = \'3\'', 0)
 2 SYSTEMPATH\Database\BaseConnection.php(769): CodeIgniter\Database\MySQLi\Connection->execute('SELECT `a`.*, `b`.`name` as `user_name`, `b`.`email`, `b`.`role`, `b`.`status`, `c`.`province_name` as `province_name`, `d`.`city_name` as `city_name`, `e`.`subdistrict_name` as `subdistrict_name`
FROM `customers` `a`
LEFT JOIN `auth_users` `b` ON `b`.`id` = `a`.`user_id`
LEFT JOIN `provinces` `c` ON `c`.`id` = `a`.`province_id`
LEFT JOIN `cities` `d` ON `d`.`id` = `a`.`city_id`
LEFT JOIN `subdistricts` `e` ON `e`.`id` = `a`.`subdistrict_id`
WHERE `a`.`user_id` = \'3\'')
 3 SYSTEMPATH\Database\BaseConnection.php(686): CodeIgniter\Database\BaseConnection->simpleQuery('SELECT `a`.*, `b`.`name` as `user_name`, `b`.`email`, `b`.`role`, `b`.`status`, `c`.`province_name` as `province_name`, `d`.`city_name` as `city_name`, `e`.`subdistrict_name` as `subdistrict_name`
FROM `customers` `a`
LEFT JOIN `auth_users` `b` ON `b`.`id` = `a`.`user_id`
LEFT JOIN `provinces` `c` ON `c`.`id` = `a`.`province_id`
LEFT JOIN `cities` `d` ON `d`.`id` = `a`.`city_id`
LEFT JOIN `subdistricts` `e` ON `e`.`id` = `a`.`subdistrict_id`
WHERE `a`.`user_id` = \'3\'')
 4 SYSTEMPATH\Database\BaseBuilder.php(1649): CodeIgniter\Database\BaseConnection->query('SELECT `a`.*, `b`.`name` as `user_name`, `b`.`email`, `b`.`role`, `b`.`status`, `c`.`province_name` as `province_name`, `d`.`city_name` as `city_name`, `e`.`subdistrict_name` as `subdistrict_name`
FROM `customers` `a`
LEFT JOIN `auth_users` `b` ON `b`.`id` = `a`.`user_id`
LEFT JOIN `provinces` `c` ON `c`.`id` = `a`.`province_id`
LEFT JOIN `cities` `d` ON `d`.`id` = `a`.`city_id`
LEFT JOIN `subdistricts` `e` ON `e`.`id` = `a`.`subdistrict_id`
WHERE `a`.`user_id` = :a.user_id:', [...], false)
 5 ROOTPATH\modul\Customers\Models\Model_customers.php(56): CodeIgniter\Database\BaseBuilder->get()
 6 ROOTPATH\modul\Profile\Controllers\Profile.php(29): Modul\Customers\Models\Model_customers->getProfile('3')
 7 SYSTEMPATH\CodeIgniter.php(951): Modul\Profile\Controllers\Profile->index()
 8 SYSTEMPATH\CodeIgniter.php(497): CodeIgniter\CodeIgniter->runController(Object(Modul\Profile\Controllers\Profile))
 9 SYSTEMPATH\CodeIgniter.php(340): CodeIgniter\CodeIgniter->handleRequest(null, Object(Config\Cache), false)
10 SYSTEMPATH\Boot.php(417): CodeIgniter\CodeIgniter->run()
11 SYSTEMPATH\Boot.php(68): CodeIgniter\Boot::runCodeIgniter(Object(CodeIgniter\CodeIgniter))
12 FCPATH\index.php(59): CodeIgniter\Boot::bootWeb(Object(Config\Paths))
13 SYSTEMPATH\rewrite.php(44): require_once('C:\\laragon\\data\\kainkita\\public\\index.php')
WARNING - 2026-05-17 05:12:44 --> [DEPRECATED] Creation of dynamic property Modul\Profile\Controllers\Profile::$customers is deprecated in ROOTPATH\modul\Profile\Controllers\Profile.php on line 12.
 1 SYSTEMPATH\CodeIgniter.php(921): Modul\Profile\Controllers\Profile->__construct()
 2 SYSTEMPATH\CodeIgniter.php(488): CodeIgniter\CodeIgniter->createController()
 3 SYSTEMPATH\CodeIgniter.php(340): CodeIgniter\CodeIgniter->handleRequest(null, Object(Config\Cache), false)
 4 SYSTEMPATH\Boot.php(417): CodeIgniter\CodeIgniter->run()
 5 SYSTEMPATH\Boot.php(68): CodeIgniter\Boot::runCodeIgniter(Object(CodeIgniter\CodeIgniter))
 6 FCPATH\index.php(59): CodeIgniter\Boot::bootWeb(Object(Config\Paths))
 7 SYSTEMPATH\rewrite.php(44): require_once('C:\\laragon\\data\\kainkita\\public\\index.php')
DEBUG - 2026-05-17 05:12:44 --> Session: Class initialized using 'CodeIgniter\Session\Handlers\FileHandler' driver.
WARNING - 2026-05-17 05:12:44 --> [DEPRECATED] Creation of dynamic property Modul\Profile\Controllers\Profile::$session is deprecated in APPPATH\Controllers\BaseController.php on line 47.
 1 SYSTEMPATH\CodeIgniter.php(922): App\Controllers\BaseController->initController(Object(CodeIgniter\HTTP\IncomingRequest), Object(CodeIgniter\HTTP\Response), Object(CodeIgniter\Log\Logger))
 2 SYSTEMPATH\CodeIgniter.php(488): CodeIgniter\CodeIgniter->createController()
 3 SYSTEMPATH\CodeIgniter.php(340): CodeIgniter\CodeIgniter->handleRequest(null, Object(Config\Cache), false)
 4 SYSTEMPATH\Boot.php(417): CodeIgniter\CodeIgniter->run()
 5 SYSTEMPATH\Boot.php(68): CodeIgniter\Boot::runCodeIgniter(Object(CodeIgniter\CodeIgniter))
 6 FCPATH\index.php(59): CodeIgniter\Boot::bootWeb(Object(Config\Paths))
 7 SYSTEMPATH\rewrite.php(44): require_once('C:\\laragon\\data\\kainkita\\public\\index.php')
WARNING - 2026-05-17 05:12:45 --> [DEPRECATED] Creation of dynamic property Modul\Profile\Controllers\Profile::$validation is deprecated in APPPATH\Controllers\BaseController.php on line 48.
 1 SYSTEMPATH\CodeIgniter.php(922): App\Controllers\BaseController->initController(Object(CodeIgniter\HTTP\IncomingRequest), Object(CodeIgniter\HTTP\Response), Object(CodeIgniter\Log\Logger))
 2 SYSTEMPATH\CodeIgniter.php(488): CodeIgniter\CodeIgniter->createController()
 3 SYSTEMPATH\CodeIgniter.php(340): CodeIgniter\CodeIgniter->handleRequest(null, Object(Config\Cache), false)
 4 SYSTEMPATH\Boot.php(417): CodeIgniter\CodeIgniter->run()
 5 SYSTEMPATH\Boot.php(68): CodeIgniter\Boot::runCodeIgniter(Object(CodeIgniter\CodeIgniter))
 6 FCPATH\index.php(59): CodeIgniter\Boot::bootWeb(Object(Config\Paths))
 7 SYSTEMPATH\rewrite.php(44): require_once('C:\\laragon\\data\\kainkita\\public\\index.php')
WARNING - 2026-05-17 05:12:45 --> [DEPRECATED] Creation of dynamic property Modul\Profile\Controllers\Profile::$db is deprecated in APPPATH\Controllers\BaseController.php on line 50.
 1 SYSTEMPATH\CodeIgniter.php(922): App\Controllers\BaseController->initController(Object(CodeIgniter\HTTP\IncomingRequest), Object(CodeIgniter\HTTP\Response), Object(CodeIgniter\Log\Logger))
 2 SYSTEMPATH\CodeIgniter.php(488): CodeIgniter\CodeIgniter->createController()
 3 SYSTEMPATH\CodeIgniter.php(340): CodeIgniter\CodeIgniter->handleRequest(null, Object(Config\Cache), false)
 4 SYSTEMPATH\Boot.php(417): CodeIgniter\CodeIgniter->run()
 5 SYSTEMPATH\Boot.php(68): CodeIgniter\Boot::runCodeIgniter(Object(CodeIgniter\CodeIgniter))
 6 FCPATH\index.php(59): CodeIgniter\Boot::bootWeb(Object(Config\Paths))
 7 SYSTEMPATH\rewrite.php(44): require_once('C:\\laragon\\data\\kainkita\\public\\index.php')
WARNING - 2026-05-17 05:12:45 --> [DEPRECATED] Creation of dynamic property Modul\Profile\Controllers\Profile::$uri is deprecated in APPPATH\Controllers\BaseController.php on line 51.
 1 SYSTEMPATH\CodeIgniter.php(922): App\Controllers\BaseController->initController(Object(CodeIgniter\HTTP\IncomingRequest), Object(CodeIgniter\HTTP\Response), Object(CodeIgniter\Log\Logger))
 2 SYSTEMPATH\CodeIgniter.php(488): CodeIgniter\CodeIgniter->createController()
 3 SYSTEMPATH\CodeIgniter.php(340): CodeIgniter\CodeIgniter->handleRequest(null, Object(Config\Cache), false)
 4 SYSTEMPATH\Boot.php(417): CodeIgniter\CodeIgniter->run()
 5 SYSTEMPATH\Boot.php(68): CodeIgniter\Boot::runCodeIgniter(Object(CodeIgniter\CodeIgniter))
 6 FCPATH\index.php(59): CodeIgniter\Boot::bootWeb(Object(Config\Paths))
 7 SYSTEMPATH\rewrite.php(44): require_once('C:\\laragon\\data\\kainkita\\public\\index.php')
WARNING - 2026-05-17 05:12:45 --> [DEPRECATED] Creation of dynamic property Modul\Profile\Controllers\Profile::$pager is deprecated in APPPATH\Controllers\BaseController.php on line 52.
 1 SYSTEMPATH\CodeIgniter.php(922): App\Controllers\BaseController->initController(Object(CodeIgniter\HTTP\IncomingRequest), Object(CodeIgniter\HTTP\Response), Object(CodeIgniter\Log\Logger))
 2 SYSTEMPATH\CodeIgniter.php(488): CodeIgniter\CodeIgniter->createController()
 3 SYSTEMPATH\CodeIgniter.php(340): CodeIgniter\CodeIgniter->handleRequest(null, Object(Config\Cache), false)
 4 SYSTEMPATH\Boot.php(417): CodeIgniter\CodeIgniter->run()
 5 SYSTEMPATH\Boot.php(68): CodeIgniter\Boot::runCodeIgniter(Object(CodeIgniter\CodeIgniter))
 6 FCPATH\index.php(59): CodeIgniter\Boot::bootWeb(Object(Config\Paths))
 7 SYSTEMPATH\rewrite.php(44): require_once('C:\\laragon\\data\\kainkita\\public\\index.php')
ERROR - 2026-05-17 05:12:45 --> Unknown column 'd.id' in 'on clause'
in SYSTEMPATH\Database\MySQLi\Connection.php on line 300.
 1 SYSTEMPATH\Database\MySQLi\Connection.php(300): mysqli->query('SELECT `a`.*, `b`.`name` as `user_name`, `b`.`email`, `b`.`role`, `b`.`status`, `c`.`province_name` as `province_name`, `d`.`city_name` as `city_name`, `e`.`subdistrict_name` as `subdistrict_name`
FROM `customers` `a`
LEFT JOIN `auth_users` `b` ON `b`.`id` = `a`.`user_id`
LEFT JOIN `provinces` `c` ON `c`.`id` = `a`.`province_id`
LEFT JOIN `cities` `d` ON `d`.`id` = `a`.`city_id`
LEFT JOIN `subdistricts` `e` ON `e`.`subdistrict_id` = `a`.`subdistrict_id`
WHERE `a`.`user_id` = \'3\'', 0)
 2 SYSTEMPATH\Database\BaseConnection.php(769): CodeIgniter\Database\MySQLi\Connection->execute('SELECT `a`.*, `b`.`name` as `user_name`, `b`.`email`, `b`.`role`, `b`.`status`, `c`.`province_name` as `province_name`, `d`.`city_name` as `city_name`, `e`.`subdistrict_name` as `subdistrict_name`
FROM `customers` `a`
LEFT JOIN `auth_users` `b` ON `b`.`id` = `a`.`user_id`
LEFT JOIN `provinces` `c` ON `c`.`id` = `a`.`province_id`
LEFT JOIN `cities` `d` ON `d`.`id` = `a`.`city_id`
LEFT JOIN `subdistricts` `e` ON `e`.`subdistrict_id` = `a`.`subdistrict_id`
WHERE `a`.`user_id` = \'3\'')
 3 SYSTEMPATH\Database\BaseConnection.php(686): CodeIgniter\Database\BaseConnection->simpleQuery('SELECT `a`.*, `b`.`name` as `user_name`, `b`.`email`, `b`.`role`, `b`.`status`, `c`.`province_name` as `province_name`, `d`.`city_name` as `city_name`, `e`.`subdistrict_name` as `subdistrict_name`
FROM `customers` `a`
LEFT JOIN `auth_users` `b` ON `b`.`id` = `a`.`user_id`
LEFT JOIN `provinces` `c` ON `c`.`id` = `a`.`province_id`
LEFT JOIN `cities` `d` ON `d`.`id` = `a`.`city_id`
LEFT JOIN `subdistricts` `e` ON `e`.`subdistrict_id` = `a`.`subdistrict_id`
WHERE `a`.`user_id` = \'3\'')
 4 SYSTEMPATH\Database\BaseBuilder.php(1649): CodeIgniter\Database\BaseConnection->query('SELECT `a`.*, `b`.`name` as `user_name`, `b`.`email`, `b`.`role`, `b`.`status`, `c`.`province_name` as `province_name`, `d`.`city_name` as `city_name`, `e`.`subdistrict_name` as `subdistrict_name`
FROM `customers` `a`
LEFT JOIN `auth_users` `b` ON `b`.`id` = `a`.`user_id`
LEFT JOIN `provinces` `c` ON `c`.`id` = `a`.`province_id`
LEFT JOIN `cities` `d` ON `d`.`id` = `a`.`city_id`
LEFT JOIN `subdistricts` `e` ON `e`.`subdistrict_id` = `a`.`subdistrict_id`
WHERE `a`.`user_id` = :a.user_id:', [...], false)
 5 ROOTPATH\modul\Customers\Models\Model_customers.php(56): CodeIgniter\Database\BaseBuilder->get()
 6 ROOTPATH\modul\Profile\Controllers\Profile.php(29): Modul\Customers\Models\Model_customers->getProfile('3')
 7 SYSTEMPATH\CodeIgniter.php(951): Modul\Profile\Controllers\Profile->index()
 8 SYSTEMPATH\CodeIgniter.php(497): CodeIgniter\CodeIgniter->runController(Object(Modul\Profile\Controllers\Profile))
 9 SYSTEMPATH\CodeIgniter.php(340): CodeIgniter\CodeIgniter->handleRequest(null, Object(Config\Cache), false)
10 SYSTEMPATH\Boot.php(417): CodeIgniter\CodeIgniter->run()
11 SYSTEMPATH\Boot.php(68): CodeIgniter\Boot::runCodeIgniter(Object(CodeIgniter\CodeIgniter))
12 FCPATH\index.php(59): CodeIgniter\Boot::bootWeb(Object(Config\Paths))
13 SYSTEMPATH\rewrite.php(44): require_once('C:\\laragon\\data\\kainkita\\public\\index.php')
CRITICAL - 2026-05-17 05:12:45 --> CodeIgniter\Database\Exceptions\DatabaseException: Unknown column 'd.id' in 'on clause'
[Method: GET, Route: profile]
in SYSTEMPATH\Database\BaseConnection.php on line 724.
 1 SYSTEMPATH\Database\BaseBuilder.php(1649): CodeIgniter\Database\BaseConnection->query('SELECT `a`.*, `b`.`name` as `user_name`, `b`.`email`, `b`.`role`, `b`.`status`, `c`.`province_name` as `province_name`, `d`.`city_name` as `city_name`, `e`.`subdistrict_name` as `subdistrict_name`
FROM `customers` `a`
LEFT JOIN `auth_users` `b` ON `b`.`id` = `a`.`user_id`
LEFT JOIN `provinces` `c` ON `c`.`id` = `a`.`province_id`
LEFT JOIN `cities` `d` ON `d`.`id` = `a`.`city_id`
LEFT JOIN `subdistricts` `e` ON `e`.`subdistrict_id` = `a`.`subdistrict_id`
WHERE `a`.`user_id` = :a.user_id:', [...], false)
 2 ROOTPATH\modul\Customers\Models\Model_customers.php(56): CodeIgniter\Database\BaseBuilder->get()
 3 ROOTPATH\modul\Profile\Controllers\Profile.php(29): Modul\Customers\Models\Model_customers->getProfile('3')
 4 SYSTEMPATH\CodeIgniter.php(951): Modul\Profile\Controllers\Profile->index()
 5 SYSTEMPATH\CodeIgniter.php(497): CodeIgniter\CodeIgniter->runController(Object(Modul\Profile\Controllers\Profile))
 6 SYSTEMPATH\CodeIgniter.php(340): CodeIgniter\CodeIgniter->handleRequest(null, Object(Config\Cache), false)
 7 SYSTEMPATH\Boot.php(417): CodeIgniter\CodeIgniter->run()
 8 SYSTEMPATH\Boot.php(68): CodeIgniter\Boot::runCodeIgniter(Object(CodeIgniter\CodeIgniter))
 9 FCPATH\index.php(59): CodeIgniter\Boot::bootWeb(Object(Config\Paths))
10 SYSTEMPATH\rewrite.php(44): require_once('C:\\laragon\\data\\kainkita\\public\\index.php')
CRITICAL - 2026-05-17 05:12:45 --> [Caused by] CodeIgniter\Database\Exceptions\DatabaseException: Unknown column 'd.id' in 'on clause'
in SYSTEMPATH\Database\MySQLi\Connection.php on line 310.
 1 SYSTEMPATH\Database\BaseConnection.php(769): CodeIgniter\Database\MySQLi\Connection->execute('SELECT `a`.*, `b`.`name` as `user_name`, `b`.`email`, `b`.`role`, `b`.`status`, `c`.`province_name` as `province_name`, `d`.`city_name` as `city_name`, `e`.`subdistrict_name` as `subdistrict_name`
FROM `customers` `a`
LEFT JOIN `auth_users` `b` ON `b`.`id` = `a`.`user_id`
LEFT JOIN `provinces` `c` ON `c`.`id` = `a`.`province_id`
LEFT JOIN `cities` `d` ON `d`.`id` = `a`.`city_id`
LEFT JOIN `subdistricts` `e` ON `e`.`subdistrict_id` = `a`.`subdistrict_id`
WHERE `a`.`user_id` = \'3\'')
 2 SYSTEMPATH\Database\BaseConnection.php(686): CodeIgniter\Database\BaseConnection->simpleQuery('SELECT `a`.*, `b`.`name` as `user_name`, `b`.`email`, `b`.`role`, `b`.`status`, `c`.`province_name` as `province_name`, `d`.`city_name` as `city_name`, `e`.`subdistrict_name` as `subdistrict_name`
FROM `customers` `a`
LEFT JOIN `auth_users` `b` ON `b`.`id` = `a`.`user_id`
LEFT JOIN `provinces` `c` ON `c`.`id` = `a`.`province_id`
LEFT JOIN `cities` `d` ON `d`.`id` = `a`.`city_id`
LEFT JOIN `subdistricts` `e` ON `e`.`subdistrict_id` = `a`.`subdistrict_id`
WHERE `a`.`user_id` = \'3\'')
 3 SYSTEMPATH\Database\BaseBuilder.php(1649): CodeIgniter\Database\BaseConnection->query('SELECT `a`.*, `b`.`name` as `user_name`, `b`.`email`, `b`.`role`, `b`.`status`, `c`.`province_name` as `province_name`, `d`.`city_name` as `city_name`, `e`.`subdistrict_name` as `subdistrict_name`
FROM `customers` `a`
LEFT JOIN `auth_users` `b` ON `b`.`id` = `a`.`user_id`
LEFT JOIN `provinces` `c` ON `c`.`id` = `a`.`province_id`
LEFT JOIN `cities` `d` ON `d`.`id` = `a`.`city_id`
LEFT JOIN `subdistricts` `e` ON `e`.`subdistrict_id` = `a`.`subdistrict_id`
WHERE `a`.`user_id` = :a.user_id:', [...], false)
 4 ROOTPATH\modul\Customers\Models\Model_customers.php(56): CodeIgniter\Database\BaseBuilder->get()
 5 ROOTPATH\modul\Profile\Controllers\Profile.php(29): Modul\Customers\Models\Model_customers->getProfile('3')
 6 SYSTEMPATH\CodeIgniter.php(951): Modul\Profile\Controllers\Profile->index()
 7 SYSTEMPATH\CodeIgniter.php(497): CodeIgniter\CodeIgniter->runController(Object(Modul\Profile\Controllers\Profile))
 8 SYSTEMPATH\CodeIgniter.php(340): CodeIgniter\CodeIgniter->handleRequest(null, Object(Config\Cache), false)
 9 SYSTEMPATH\Boot.php(417): CodeIgniter\CodeIgniter->run()
10 SYSTEMPATH\Boot.php(68): CodeIgniter\Boot::runCodeIgniter(Object(CodeIgniter\CodeIgniter))
11 FCPATH\index.php(59): CodeIgniter\Boot::bootWeb(Object(Config\Paths))
12 SYSTEMPATH\rewrite.php(44): require_once('C:\\laragon\\data\\kainkita\\public\\index.php')
CRITICAL - 2026-05-17 05:12:45 --> [Caused by] mysqli_sql_exception: Unknown column 'd.id' in 'on clause'
in SYSTEMPATH\Database\MySQLi\Connection.php on line 300.
 1 SYSTEMPATH\Database\MySQLi\Connection.php(300): mysqli->query('SELECT `a`.*, `b`.`name` as `user_name`, `b`.`email`, `b`.`role`, `b`.`status`, `c`.`province_name` as `province_name`, `d`.`city_name` as `city_name`, `e`.`subdistrict_name` as `subdistrict_name`
FROM `customers` `a`
LEFT JOIN `auth_users` `b` ON `b`.`id` = `a`.`user_id`
LEFT JOIN `provinces` `c` ON `c`.`id` = `a`.`province_id`
LEFT JOIN `cities` `d` ON `d`.`id` = `a`.`city_id`
LEFT JOIN `subdistricts` `e` ON `e`.`subdistrict_id` = `a`.`subdistrict_id`
WHERE `a`.`user_id` = \'3\'', 0)
 2 SYSTEMPATH\Database\BaseConnection.php(769): CodeIgniter\Database\MySQLi\Connection->execute('SELECT `a`.*, `b`.`name` as `user_name`, `b`.`email`, `b`.`role`, `b`.`status`, `c`.`province_name` as `province_name`, `d`.`city_name` as `city_name`, `e`.`subdistrict_name` as `subdistrict_name`
FROM `customers` `a`
LEFT JOIN `auth_users` `b` ON `b`.`id` = `a`.`user_id`
LEFT JOIN `provinces` `c` ON `c`.`id` = `a`.`province_id`
LEFT JOIN `cities` `d` ON `d`.`id` = `a`.`city_id`
LEFT JOIN `subdistricts` `e` ON `e`.`subdistrict_id` = `a`.`subdistrict_id`
WHERE `a`.`user_id` = \'3\'')
 3 SYSTEMPATH\Database\BaseConnection.php(686): CodeIgniter\Database\BaseConnection->simpleQuery('SELECT `a`.*, `b`.`name` as `user_name`, `b`.`email`, `b`.`role`, `b`.`status`, `c`.`province_name` as `province_name`, `d`.`city_name` as `city_name`, `e`.`subdistrict_name` as `subdistrict_name`
FROM `customers` `a`
LEFT JOIN `auth_users` `b` ON `b`.`id` = `a`.`user_id`
LEFT JOIN `provinces` `c` ON `c`.`id` = `a`.`province_id`
LEFT JOIN `cities` `d` ON `d`.`id` = `a`.`city_id`
LEFT JOIN `subdistricts` `e` ON `e`.`subdistrict_id` = `a`.`subdistrict_id`
WHERE `a`.`user_id` = \'3\'')
 4 SYSTEMPATH\Database\BaseBuilder.php(1649): CodeIgniter\Database\BaseConnection->query('SELECT `a`.*, `b`.`name` as `user_name`, `b`.`email`, `b`.`role`, `b`.`status`, `c`.`province_name` as `province_name`, `d`.`city_name` as `city_name`, `e`.`subdistrict_name` as `subdistrict_name`
FROM `customers` `a`
LEFT JOIN `auth_users` `b` ON `b`.`id` = `a`.`user_id`
LEFT JOIN `provinces` `c` ON `c`.`id` = `a`.`province_id`
LEFT JOIN `cities` `d` ON `d`.`id` = `a`.`city_id`
LEFT JOIN `subdistricts` `e` ON `e`.`subdistrict_id` = `a`.`subdistrict_id`
WHERE `a`.`user_id` = :a.user_id:', [...], false)
 5 ROOTPATH\modul\Customers\Models\Model_customers.php(56): CodeIgniter\Database\BaseBuilder->get()
 6 ROOTPATH\modul\Profile\Controllers\Profile.php(29): Modul\Customers\Models\Model_customers->getProfile('3')
 7 SYSTEMPATH\CodeIgniter.php(951): Modul\Profile\Controllers\Profile->index()
 8 SYSTEMPATH\CodeIgniter.php(497): CodeIgniter\CodeIgniter->runController(Object(Modul\Profile\Controllers\Profile))
 9 SYSTEMPATH\CodeIgniter.php(340): CodeIgniter\CodeIgniter->handleRequest(null, Object(Config\Cache), false)
10 SYSTEMPATH\Boot.php(417): CodeIgniter\CodeIgniter->run()
11 SYSTEMPATH\Boot.php(68): CodeIgniter\Boot::runCodeIgniter(Object(CodeIgniter\CodeIgniter))
12 FCPATH\index.php(59): CodeIgniter\Boot::bootWeb(Object(Config\Paths))
13 SYSTEMPATH\rewrite.php(44): require_once('C:\\laragon\\data\\kainkita\\public\\index.php')
WARNING - 2026-05-17 05:12:55 --> [DEPRECATED] Creation of dynamic property Modul\Profile\Controllers\Profile::$customers is deprecated in ROOTPATH\modul\Profile\Controllers\Profile.php on line 12.
 1 SYSTEMPATH\CodeIgniter.php(921): Modul\Profile\Controllers\Profile->__construct()
 2 SYSTEMPATH\CodeIgniter.php(488): CodeIgniter\CodeIgniter->createController()
 3 SYSTEMPATH\CodeIgniter.php(340): CodeIgniter\CodeIgniter->handleRequest(null, Object(Config\Cache), false)
 4 SYSTEMPATH\Boot.php(417): CodeIgniter\CodeIgniter->run()
 5 SYSTEMPATH\Boot.php(68): CodeIgniter\Boot::runCodeIgniter(Object(CodeIgniter\CodeIgniter))
 6 FCPATH\index.php(59): CodeIgniter\Boot::bootWeb(Object(Config\Paths))
 7 SYSTEMPATH\rewrite.php(44): require_once('C:\\laragon\\data\\kainkita\\public\\index.php')
DEBUG - 2026-05-17 05:12:55 --> Session: Class initialized using 'CodeIgniter\Session\Handlers\FileHandler' driver.
WARNING - 2026-05-17 05:12:55 --> [DEPRECATED] Creation of dynamic property Modul\Profile\Controllers\Profile::$session is deprecated in APPPATH\Controllers\BaseController.php on line 47.
 1 SYSTEMPATH\CodeIgniter.php(922): App\Controllers\BaseController->initController(Object(CodeIgniter\HTTP\IncomingRequest), Object(CodeIgniter\HTTP\Response), Object(CodeIgniter\Log\Logger))
 2 SYSTEMPATH\CodeIgniter.php(488): CodeIgniter\CodeIgniter->createController()
 3 SYSTEMPATH\CodeIgniter.php(340): CodeIgniter\CodeIgniter->handleRequest(null, Object(Config\Cache), false)
 4 SYSTEMPATH\Boot.php(417): CodeIgniter\CodeIgniter->run()
 5 SYSTEMPATH\Boot.php(68): CodeIgniter\Boot::runCodeIgniter(Object(CodeIgniter\CodeIgniter))
 6 FCPATH\index.php(59): CodeIgniter\Boot::bootWeb(Object(Config\Paths))
 7 SYSTEMPATH\rewrite.php(44): require_once('C:\\laragon\\data\\kainkita\\public\\index.php')
WARNING - 2026-05-17 05:12:55 --> [DEPRECATED] Creation of dynamic property Modul\Profile\Controllers\Profile::$validation is deprecated in APPPATH\Controllers\BaseController.php on line 48.
 1 SYSTEMPATH\CodeIgniter.php(922): App\Controllers\BaseController->initController(Object(CodeIgniter\HTTP\IncomingRequest), Object(CodeIgniter\HTTP\Response), Object(CodeIgniter\Log\Logger))
 2 SYSTEMPATH\CodeIgniter.php(488): CodeIgniter\CodeIgniter->createController()
 3 SYSTEMPATH\CodeIgniter.php(340): CodeIgniter\CodeIgniter->handleRequest(null, Object(Config\Cache), false)
 4 SYSTEMPATH\Boot.php(417): CodeIgniter\CodeIgniter->run()
 5 SYSTEMPATH\Boot.php(68): CodeIgniter\Boot::runCodeIgniter(Object(CodeIgniter\CodeIgniter))
 6 FCPATH\index.php(59): CodeIgniter\Boot::bootWeb(Object(Config\Paths))
 7 SYSTEMPATH\rewrite.php(44): require_once('C:\\laragon\\data\\kainkita\\public\\index.php')
WARNING - 2026-05-17 05:12:55 --> [DEPRECATED] Creation of dynamic property Modul\Profile\Controllers\Profile::$db is deprecated in APPPATH\Controllers\BaseController.php on line 50.
 1 SYSTEMPATH\CodeIgniter.php(922): App\Controllers\BaseController->initController(Object(CodeIgniter\HTTP\IncomingRequest), Object(CodeIgniter\HTTP\Response), Object(CodeIgniter\Log\Logger))
 2 SYSTEMPATH\CodeIgniter.php(488): CodeIgniter\CodeIgniter->createController()
 3 SYSTEMPATH\CodeIgniter.php(340): CodeIgniter\CodeIgniter->handleRequest(null, Object(Config\Cache), false)
 4 SYSTEMPATH\Boot.php(417): CodeIgniter\CodeIgniter->run()
 5 SYSTEMPATH\Boot.php(68): CodeIgniter\Boot::runCodeIgniter(Object(CodeIgniter\CodeIgniter))
 6 FCPATH\index.php(59): CodeIgniter\Boot::bootWeb(Object(Config\Paths))
 7 SYSTEMPATH\rewrite.php(44): require_once('C:\\laragon\\data\\kainkita\\public\\index.php')
WARNING - 2026-05-17 05:12:55 --> [DEPRECATED] Creation of dynamic property Modul\Profile\Controllers\Profile::$uri is deprecated in APPPATH\Controllers\BaseController.php on line 51.
 1 SYSTEMPATH\CodeIgniter.php(922): App\Controllers\BaseController->initController(Object(CodeIgniter\HTTP\IncomingRequest), Object(CodeIgniter\HTTP\Response), Object(CodeIgniter\Log\Logger))
 2 SYSTEMPATH\CodeIgniter.php(488): CodeIgniter\CodeIgniter->createController()
 3 SYSTEMPATH\CodeIgniter.php(340): CodeIgniter\CodeIgniter->handleRequest(null, Object(Config\Cache), false)
 4 SYSTEMPATH\Boot.php(417): CodeIgniter\CodeIgniter->run()
 5 SYSTEMPATH\Boot.php(68): CodeIgniter\Boot::runCodeIgniter(Object(CodeIgniter\CodeIgniter))
 6 FCPATH\index.php(59): CodeIgniter\Boot::bootWeb(Object(Config\Paths))
 7 SYSTEMPATH\rewrite.php(44): require_once('C:\\laragon\\data\\kainkita\\public\\index.php')
WARNING - 2026-05-17 05:12:55 --> [DEPRECATED] Creation of dynamic property Modul\Profile\Controllers\Profile::$pager is deprecated in APPPATH\Controllers\BaseController.php on line 52.
 1 SYSTEMPATH\CodeIgniter.php(922): App\Controllers\BaseController->initController(Object(CodeIgniter\HTTP\IncomingRequest), Object(CodeIgniter\HTTP\Response), Object(CodeIgniter\Log\Logger))
 2 SYSTEMPATH\CodeIgniter.php(488): CodeIgniter\CodeIgniter->createController()
 3 SYSTEMPATH\CodeIgniter.php(340): CodeIgniter\CodeIgniter->handleRequest(null, Object(Config\Cache), false)
 4 SYSTEMPATH\Boot.php(417): CodeIgniter\CodeIgniter->run()
 5 SYSTEMPATH\Boot.php(68): CodeIgniter\Boot::runCodeIgniter(Object(CodeIgniter\CodeIgniter))
 6 FCPATH\index.php(59): CodeIgniter\Boot::bootWeb(Object(Config\Paths))
 7 SYSTEMPATH\rewrite.php(44): require_once('C:\\laragon\\data\\kainkita\\public\\index.php')
ERROR - 2026-05-17 05:12:55 --> Unknown column 'name' in 'order clause'
in SYSTEMPATH\Database\MySQLi\Connection.php on line 300.
 1 SYSTEMPATH\Database\MySQLi\Connection.php(300): mysqli->query('SELECT *
FROM `provinces`
ORDER BY `name` ASC', 0)
 2 SYSTEMPATH\Database\BaseConnection.php(769): CodeIgniter\Database\MySQLi\Connection->execute('SELECT *
FROM `provinces`
ORDER BY `name` ASC')
 3 SYSTEMPATH\Database\BaseConnection.php(686): CodeIgniter\Database\BaseConnection->simpleQuery('SELECT *
FROM `provinces`
ORDER BY `name` ASC')
 4 SYSTEMPATH\Database\BaseBuilder.php(1649): CodeIgniter\Database\BaseConnection->query('SELECT *
FROM `provinces`
ORDER BY `name` ASC', [], false)
 5 ROOTPATH\modul\Profile\Controllers\Profile.php(51): CodeIgniter\Database\BaseBuilder->get()
 6 SYSTEMPATH\CodeIgniter.php(951): Modul\Profile\Controllers\Profile->index()
 7 SYSTEMPATH\CodeIgniter.php(497): CodeIgniter\CodeIgniter->runController(Object(Modul\Profile\Controllers\Profile))
 8 SYSTEMPATH\CodeIgniter.php(340): CodeIgniter\CodeIgniter->handleRequest(null, Object(Config\Cache), false)
 9 SYSTEMPATH\Boot.php(417): CodeIgniter\CodeIgniter->run()
10 SYSTEMPATH\Boot.php(68): CodeIgniter\Boot::runCodeIgniter(Object(CodeIgniter\CodeIgniter))
11 FCPATH\index.php(59): CodeIgniter\Boot::bootWeb(Object(Config\Paths))
12 SYSTEMPATH\rewrite.php(44): require_once('C:\\laragon\\data\\kainkita\\public\\index.php')
CRITICAL - 2026-05-17 05:12:55 --> CodeIgniter\Database\Exceptions\DatabaseException: Unknown column 'name' in 'order clause'
[Method: GET, Route: profile]
in SYSTEMPATH\Database\BaseConnection.php on line 724.
 1 SYSTEMPATH\Database\BaseBuilder.php(1649): CodeIgniter\Database\BaseConnection->query('SELECT *
FROM `provinces`
ORDER BY `name` ASC', [], false)
 2 ROOTPATH\modul\Profile\Controllers\Profile.php(51): CodeIgniter\Database\BaseBuilder->get()
 3 SYSTEMPATH\CodeIgniter.php(951): Modul\Profile\Controllers\Profile->index()
 4 SYSTEMPATH\CodeIgniter.php(497): CodeIgniter\CodeIgniter->runController(Object(Modul\Profile\Controllers\Profile))
 5 SYSTEMPATH\CodeIgniter.php(340): CodeIgniter\CodeIgniter->handleRequest(null, Object(Config\Cache), false)
 6 SYSTEMPATH\Boot.php(417): CodeIgniter\CodeIgniter->run()
 7 SYSTEMPATH\Boot.php(68): CodeIgniter\Boot::runCodeIgniter(Object(CodeIgniter\CodeIgniter))
 8 FCPATH\index.php(59): CodeIgniter\Boot::bootWeb(Object(Config\Paths))
 9 SYSTEMPATH\rewrite.php(44): require_once('C:\\laragon\\data\\kainkita\\public\\index.php')
CRITICAL - 2026-05-17 05:12:55 --> [Caused by] CodeIgniter\Database\Exceptions\DatabaseException: Unknown column 'name' in 'order clause'
in SYSTEMPATH\Database\MySQLi\Connection.php on line 310.
 1 SYSTEMPATH\Database\BaseConnection.php(769): CodeIgniter\Database\MySQLi\Connection->execute('SELECT *
FROM `provinces`
ORDER BY `name` ASC')
 2 SYSTEMPATH\Database\BaseConnection.php(686): CodeIgniter\Database\BaseConnection->simpleQuery('SELECT *
FROM `provinces`
ORDER BY `name` ASC')
 3 SYSTEMPATH\Database\BaseBuilder.php(1649): CodeIgniter\Database\BaseConnection->query('SELECT *
FROM `provinces`
ORDER BY `name` ASC', [], false)
 4 ROOTPATH\modul\Profile\Controllers\Profile.php(51): CodeIgniter\Database\BaseBuilder->get()
 5 SYSTEMPATH\CodeIgniter.php(951): Modul\Profile\Controllers\Profile->index()
 6 SYSTEMPATH\CodeIgniter.php(497): CodeIgniter\CodeIgniter->runController(Object(Modul\Profile\Controllers\Profile))
 7 SYSTEMPATH\CodeIgniter.php(340): CodeIgniter\CodeIgniter->handleRequest(null, Object(Config\Cache), false)
 8 SYSTEMPATH\Boot.php(417): CodeIgniter\CodeIgniter->run()
 9 SYSTEMPATH\Boot.php(68): CodeIgniter\Boot::runCodeIgniter(Object(CodeIgniter\CodeIgniter))
10 FCPATH\index.php(59): CodeIgniter\Boot::bootWeb(Object(Config\Paths))
11 SYSTEMPATH\rewrite.php(44): require_once('C:\\laragon\\data\\kainkita\\public\\index.php')
CRITICAL - 2026-05-17 05:12:55 --> [Caused by] mysqli_sql_exception: Unknown column 'name' in 'order clause'
in SYSTEMPATH\Database\MySQLi\Connection.php on line 300.
 1 SYSTEMPATH\Database\MySQLi\Connection.php(300): mysqli->query('SELECT *
FROM `provinces`
ORDER BY `name` ASC', 0)
 2 SYSTEMPATH\Database\BaseConnection.php(769): CodeIgniter\Database\MySQLi\Connection->execute('SELECT *
FROM `provinces`
ORDER BY `name` ASC')
 3 SYSTEMPATH\Database\BaseConnection.php(686): CodeIgniter\Database\BaseConnection->simpleQuery('SELECT *
FROM `provinces`
ORDER BY `name` ASC')
 4 SYSTEMPATH\Database\BaseBuilder.php(1649): CodeIgniter\Database\BaseConnection->query('SELECT *
FROM `provinces`
ORDER BY `name` ASC', [], false)
 5 ROOTPATH\modul\Profile\Controllers\Profile.php(51): CodeIgniter\Database\BaseBuilder->get()
 6 SYSTEMPATH\CodeIgniter.php(951): Modul\Profile\Controllers\Profile->index()
 7 SYSTEMPATH\CodeIgniter.php(497): CodeIgniter\CodeIgniter->runController(Object(Modul\Profile\Controllers\Profile))
 8 SYSTEMPATH\CodeIgniter.php(340): CodeIgniter\CodeIgniter->handleRequest(null, Object(Config\Cache), false)
 9 SYSTEMPATH\Boot.php(417): CodeIgniter\CodeIgniter->run()
10 SYSTEMPATH\Boot.php(68): CodeIgniter\Boot::runCodeIgniter(Object(CodeIgniter\CodeIgniter))
11 FCPATH\index.php(59): CodeIgniter\Boot::bootWeb(Object(Config\Paths))
12 SYSTEMPATH\rewrite.php(44): require_once('C:\\laragon\\data\\kainkita\\public\\index.php')
WARNING - 2026-05-17 05:13:36 --> [DEPRECATED] Creation of dynamic property Modul\Profile\Controllers\Profile::$customers is deprecated in ROOTPATH\modul\Profile\Controllers\Profile.php on line 12.
 1 SYSTEMPATH\CodeIgniter.php(921): Modul\Profile\Controllers\Profile->__construct()
 2 SYSTEMPATH\CodeIgniter.php(488): CodeIgniter\CodeIgniter->createController()
 3 SYSTEMPATH\CodeIgniter.php(340): CodeIgniter\CodeIgniter->handleRequest(null, Object(Config\Cache), false)
 4 SYSTEMPATH\Boot.php(417): CodeIgniter\CodeIgniter->run()
 5 SYSTEMPATH\Boot.php(68): CodeIgniter\Boot::runCodeIgniter(Object(CodeIgniter\CodeIgniter))
 6 FCPATH\index.php(59): CodeIgniter\Boot::bootWeb(Object(Config\Paths))
 7 SYSTEMPATH\rewrite.php(44): require_once('C:\\laragon\\data\\kainkita\\public\\index.php')
DEBUG - 2026-05-17 05:13:36 --> Session: Class initialized using 'CodeIgniter\Session\Handlers\FileHandler' driver.
WARNING - 2026-05-17 05:13:36 --> [DEPRECATED] Creation of dynamic property Modul\Profile\Controllers\Profile::$session is deprecated in APPPATH\Controllers\BaseController.php on line 47.
 1 SYSTEMPATH\CodeIgniter.php(922): App\Controllers\BaseController->initController(Object(CodeIgniter\HTTP\IncomingRequest), Object(CodeIgniter\HTTP\Response), Object(CodeIgniter\Log\Logger))
 2 SYSTEMPATH\CodeIgniter.php(488): CodeIgniter\CodeIgniter->createController()
 3 SYSTEMPATH\CodeIgniter.php(340): CodeIgniter\CodeIgniter->handleRequest(null, Object(Config\Cache), false)
 4 SYSTEMPATH\Boot.php(417): CodeIgniter\CodeIgniter->run()
 5 SYSTEMPATH\Boot.php(68): CodeIgniter\Boot::runCodeIgniter(Object(CodeIgniter\CodeIgniter))
 6 FCPATH\index.php(59): CodeIgniter\Boot::bootWeb(Object(Config\Paths))
 7 SYSTEMPATH\rewrite.php(44): require_once('C:\\laragon\\data\\kainkita\\public\\index.php')
WARNING - 2026-05-17 05:13:36 --> [DEPRECATED] Creation of dynamic property Modul\Profile\Controllers\Profile::$validation is deprecated in APPPATH\Controllers\BaseController.php on line 48.
 1 SYSTEMPATH\CodeIgniter.php(922): App\Controllers\BaseController->initController(Object(CodeIgniter\HTTP\IncomingRequest), Object(CodeIgniter\HTTP\Response), Object(CodeIgniter\Log\Logger))
 2 SYSTEMPATH\CodeIgniter.php(488): CodeIgniter\CodeIgniter->createController()
 3 SYSTEMPATH\CodeIgniter.php(340): CodeIgniter\CodeIgniter->handleRequest(null, Object(Config\Cache), false)
 4 SYSTEMPATH\Boot.php(417): CodeIgniter\CodeIgniter->run()
 5 SYSTEMPATH\Boot.php(68): CodeIgniter\Boot::runCodeIgniter(Object(CodeIgniter\CodeIgniter))
 6 FCPATH\index.php(59): CodeIgniter\Boot::bootWeb(Object(Config\Paths))
 7 SYSTEMPATH\rewrite.php(44): require_once('C:\\laragon\\data\\kainkita\\public\\index.php')
WARNING - 2026-05-17 05:13:36 --> [DEPRECATED] Creation of dynamic property Modul\Profile\Controllers\Profile::$db is deprecated in APPPATH\Controllers\BaseController.php on line 50.
 1 SYSTEMPATH\CodeIgniter.php(922): App\Controllers\BaseController->initController(Object(CodeIgniter\HTTP\IncomingRequest), Object(CodeIgniter\HTTP\Response), Object(CodeIgniter\Log\Logger))
 2 SYSTEMPATH\CodeIgniter.php(488): CodeIgniter\CodeIgniter->createController()
 3 SYSTEMPATH\CodeIgniter.php(340): CodeIgniter\CodeIgniter->handleRequest(null, Object(Config\Cache), false)
 4 SYSTEMPATH\Boot.php(417): CodeIgniter\CodeIgniter->run()
 5 SYSTEMPATH\Boot.php(68): CodeIgniter\Boot::runCodeIgniter(Object(CodeIgniter\CodeIgniter))
 6 FCPATH\index.php(59): CodeIgniter\Boot::bootWeb(Object(Config\Paths))
 7 SYSTEMPATH\rewrite.php(44): require_once('C:\\laragon\\data\\kainkita\\public\\index.php')
WARNING - 2026-05-17 05:13:36 --> [DEPRECATED] Creation of dynamic property Modul\Profile\Controllers\Profile::$uri is deprecated in APPPATH\Controllers\BaseController.php on line 51.
 1 SYSTEMPATH\CodeIgniter.php(922): App\Controllers\BaseController->initController(Object(CodeIgniter\HTTP\IncomingRequest), Object(CodeIgniter\HTTP\Response), Object(CodeIgniter\Log\Logger))
 2 SYSTEMPATH\CodeIgniter.php(488): CodeIgniter\CodeIgniter->createController()
 3 SYSTEMPATH\CodeIgniter.php(340): CodeIgniter\CodeIgniter->handleRequest(null, Object(Config\Cache), false)
 4 SYSTEMPATH\Boot.php(417): CodeIgniter\CodeIgniter->run()
 5 SYSTEMPATH\Boot.php(68): CodeIgniter\Boot::runCodeIgniter(Object(CodeIgniter\CodeIgniter))
 6 FCPATH\index.php(59): CodeIgniter\Boot::bootWeb(Object(Config\Paths))
 7 SYSTEMPATH\rewrite.php(44): require_once('C:\\laragon\\data\\kainkita\\public\\index.php')
WARNING - 2026-05-17 05:13:36 --> [DEPRECATED] Creation of dynamic property Modul\Profile\Controllers\Profile::$pager is deprecated in APPPATH\Controllers\BaseController.php on line 52.
 1 SYSTEMPATH\CodeIgniter.php(922): App\Controllers\BaseController->initController(Object(CodeIgniter\HTTP\IncomingRequest), Object(CodeIgniter\HTTP\Response), Object(CodeIgniter\Log\Logger))
 2 SYSTEMPATH\CodeIgniter.php(488): CodeIgniter\CodeIgniter->createController()
 3 SYSTEMPATH\CodeIgniter.php(340): CodeIgniter\CodeIgniter->handleRequest(null, Object(Config\Cache), false)
 4 SYSTEMPATH\Boot.php(417): CodeIgniter\CodeIgniter->run()
 5 SYSTEMPATH\Boot.php(68): CodeIgniter\Boot::runCodeIgniter(Object(CodeIgniter\CodeIgniter))
 6 FCPATH\index.php(59): CodeIgniter\Boot::bootWeb(Object(Config\Paths))
 7 SYSTEMPATH\rewrite.php(44): require_once('C:\\laragon\\data\\kainkita\\public\\index.php')
CRITICAL - 2026-05-17 05:13:36 --> ErrorException: Undefined property: stdClass::$id
[Method: GET, Route: profile]
in ROOTPATH\modul\Profile\Views\viewProfile.php on line 123.
 1 ROOTPATH\modul\Profile\Views\viewProfile.php(123): CodeIgniter\Debug\Exceptions->errorHandler(2, 'Undefined property: stdClass::$id', 'C:\\laragon\\data\\kainkita\\modul\\Profile\\Views\\viewProfile.php', 123)
 2 SYSTEMPATH\View\View.php(238): include('C:\\laragon\\data\\kainkita\\modul\\Profile\\Views\\viewProfile.php')
 3 SYSTEMPATH\View\View.php(241): CodeIgniter\View\View->CodeIgniter\View\{closure}()
 4 SYSTEMPATH\Common.php(1250): CodeIgniter\View\View->render('Modul\\Profile\\Views\\viewProfile', [], true)
 5 ROOTPATH\modul\Profile\Controllers\Profile.php(56): view('Modul\\Profile\\Views\\viewProfile', [...])
 6 SYSTEMPATH\CodeIgniter.php(951): Modul\Profile\Controllers\Profile->index()
 7 SYSTEMPATH\CodeIgniter.php(497): CodeIgniter\CodeIgniter->runController(Object(Modul\Profile\Controllers\Profile))
 8 SYSTEMPATH\CodeIgniter.php(340): CodeIgniter\CodeIgniter->handleRequest(null, Object(Config\Cache), false)
 9 SYSTEMPATH\Boot.php(417): CodeIgniter\CodeIgniter->run()
10 SYSTEMPATH\Boot.php(68): CodeIgniter\Boot::runCodeIgniter(Object(CodeIgniter\CodeIgniter))
11 FCPATH\index.php(59): CodeIgniter\Boot::bootWeb(Object(Config\Paths))
12 SYSTEMPATH\rewrite.php(44): require_once('C:\\laragon\\data\\kainkita\\public\\index.php')
WARNING - 2026-05-17 05:14:06 --> [DEPRECATED] Creation of dynamic property Modul\Profile\Controllers\Profile::$customers is deprecated in ROOTPATH\modul\Profile\Controllers\Profile.php on line 12.
 1 SYSTEMPATH\CodeIgniter.php(921): Modul\Profile\Controllers\Profile->__construct()
 2 SYSTEMPATH\CodeIgniter.php(488): CodeIgniter\CodeIgniter->createController()
 3 SYSTEMPATH\CodeIgniter.php(340): CodeIgniter\CodeIgniter->handleRequest(null, Object(Config\Cache), false)
 4 SYSTEMPATH\Boot.php(417): CodeIgniter\CodeIgniter->run()
 5 SYSTEMPATH\Boot.php(68): CodeIgniter\Boot::runCodeIgniter(Object(CodeIgniter\CodeIgniter))
 6 FCPATH\index.php(59): CodeIgniter\Boot::bootWeb(Object(Config\Paths))
 7 SYSTEMPATH\rewrite.php(44): require_once('C:\\laragon\\data\\kainkita\\public\\index.php')
DEBUG - 2026-05-17 05:14:06 --> Session: Class initialized using 'CodeIgniter\Session\Handlers\FileHandler' driver.
WARNING - 2026-05-17 05:14:06 --> [DEPRECATED] Creation of dynamic property Modul\Profile\Controllers\Profile::$session is deprecated in APPPATH\Controllers\BaseController.php on line 47.
 1 SYSTEMPATH\CodeIgniter.php(922): App\Controllers\BaseController->initController(Object(CodeIgniter\HTTP\IncomingRequest), Object(CodeIgniter\HTTP\Response), Object(CodeIgniter\Log\Logger))
 2 SYSTEMPATH\CodeIgniter.php(488): CodeIgniter\CodeIgniter->createController()
 3 SYSTEMPATH\CodeIgniter.php(340): CodeIgniter\CodeIgniter->handleRequest(null, Object(Config\Cache), false)
 4 SYSTEMPATH\Boot.php(417): CodeIgniter\CodeIgniter->run()
 5 SYSTEMPATH\Boot.php(68): CodeIgniter\Boot::runCodeIgniter(Object(CodeIgniter\CodeIgniter))
 6 FCPATH\index.php(59): CodeIgniter\Boot::bootWeb(Object(Config\Paths))
 7 SYSTEMPATH\rewrite.php(44): require_once('C:\\laragon\\data\\kainkita\\public\\index.php')
WARNING - 2026-05-17 05:14:06 --> [DEPRECATED] Creation of dynamic property Modul\Profile\Controllers\Profile::$validation is deprecated in APPPATH\Controllers\BaseController.php on line 48.
 1 SYSTEMPATH\CodeIgniter.php(922): App\Controllers\BaseController->initController(Object(CodeIgniter\HTTP\IncomingRequest), Object(CodeIgniter\HTTP\Response), Object(CodeIgniter\Log\Logger))
 2 SYSTEMPATH\CodeIgniter.php(488): CodeIgniter\CodeIgniter->createController()
 3 SYSTEMPATH\CodeIgniter.php(340): CodeIgniter\CodeIgniter->handleRequest(null, Object(Config\Cache), false)
 4 SYSTEMPATH\Boot.php(417): CodeIgniter\CodeIgniter->run()
 5 SYSTEMPATH\Boot.php(68): CodeIgniter\Boot::runCodeIgniter(Object(CodeIgniter\CodeIgniter))
 6 FCPATH\index.php(59): CodeIgniter\Boot::bootWeb(Object(Config\Paths))
 7 SYSTEMPATH\rewrite.php(44): require_once('C:\\laragon\\data\\kainkita\\public\\index.php')
WARNING - 2026-05-17 05:14:06 --> [DEPRECATED] Creation of dynamic property Modul\Profile\Controllers\Profile::$db is deprecated in APPPATH\Controllers\BaseController.php on line 50.
 1 SYSTEMPATH\CodeIgniter.php(922): App\Controllers\BaseController->initController(Object(CodeIgniter\HTTP\IncomingRequest), Object(CodeIgniter\HTTP\Response), Object(CodeIgniter\Log\Logger))
 2 SYSTEMPATH\CodeIgniter.php(488): CodeIgniter\CodeIgniter->createController()
 3 SYSTEMPATH\CodeIgniter.php(340): CodeIgniter\CodeIgniter->handleRequest(null, Object(Config\Cache), false)
 4 SYSTEMPATH\Boot.php(417): CodeIgniter\CodeIgniter->run()
 5 SYSTEMPATH\Boot.php(68): CodeIgniter\Boot::runCodeIgniter(Object(CodeIgniter\CodeIgniter))
 6 FCPATH\index.php(59): CodeIgniter\Boot::bootWeb(Object(Config\Paths))
 7 SYSTEMPATH\rewrite.php(44): require_once('C:\\laragon\\data\\kainkita\\public\\index.php')
WARNING - 2026-05-17 05:14:06 --> [DEPRECATED] Creation of dynamic property Modul\Profile\Controllers\Profile::$uri is deprecated in APPPATH\Controllers\BaseController.php on line 51.
 1 SYSTEMPATH\CodeIgniter.php(922): App\Controllers\BaseController->initController(Object(CodeIgniter\HTTP\IncomingRequest), Object(CodeIgniter\HTTP\Response), Object(CodeIgniter\Log\Logger))
 2 SYSTEMPATH\CodeIgniter.php(488): CodeIgniter\CodeIgniter->createController()
 3 SYSTEMPATH\CodeIgniter.php(340): CodeIgniter\CodeIgniter->handleRequest(null, Object(Config\Cache), false)
 4 SYSTEMPATH\Boot.php(417): CodeIgniter\CodeIgniter->run()
 5 SYSTEMPATH\Boot.php(68): CodeIgniter\Boot::runCodeIgniter(Object(CodeIgniter\CodeIgniter))
 6 FCPATH\index.php(59): CodeIgniter\Boot::bootWeb(Object(Config\Paths))
 7 SYSTEMPATH\rewrite.php(44): require_once('C:\\laragon\\data\\kainkita\\public\\index.php')
WARNING - 2026-05-17 05:14:06 --> [DEPRECATED] Creation of dynamic property Modul\Profile\Controllers\Profile::$pager is deprecated in APPPATH\Controllers\BaseController.php on line 52.
 1 SYSTEMPATH\CodeIgniter.php(922): App\Controllers\BaseController->initController(Object(CodeIgniter\HTTP\IncomingRequest), Object(CodeIgniter\HTTP\Response), Object(CodeIgniter\Log\Logger))
 2 SYSTEMPATH\CodeIgniter.php(488): CodeIgniter\CodeIgniter->createController()
 3 SYSTEMPATH\CodeIgniter.php(340): CodeIgniter\CodeIgniter->handleRequest(null, Object(Config\Cache), false)
 4 SYSTEMPATH\Boot.php(417): CodeIgniter\CodeIgniter->run()
 5 SYSTEMPATH\Boot.php(68): CodeIgniter\Boot::runCodeIgniter(Object(CodeIgniter\CodeIgniter))
 6 FCPATH\index.php(59): CodeIgniter\Boot::bootWeb(Object(Config\Paths))
 7 SYSTEMPATH\rewrite.php(44): require_once('C:\\laragon\\data\\kainkita\\public\\index.php')
WARNING - 2026-05-17 05:14:06 --> [DEPRECATED] Creation of dynamic property CodeIgniter\View\View::$db is deprecated in APPPATH\Views\layout\template.php on line 4.
 1 SYSTEMPATH\View\View.php(238): include('C:\\laragon\\data\\kainkita\\app\\Views\\layout\\template.php')
 2 SYSTEMPATH\View\View.php(241): CodeIgniter\View\View->CodeIgniter\View\{closure}()
 3 SYSTEMPATH\View\View.php(254): CodeIgniter\View\View->render('layout/template', [], true)
 4 SYSTEMPATH\Common.php(1250): CodeIgniter\View\View->render('Modul\\Profile\\Views\\viewProfile', [], true)
 5 ROOTPATH\modul\Profile\Controllers\Profile.php(56): view('Modul\\Profile\\Views\\viewProfile', [...])
 6 SYSTEMPATH\CodeIgniter.php(951): Modul\Profile\Controllers\Profile->index()
 7 SYSTEMPATH\CodeIgniter.php(497): CodeIgniter\CodeIgniter->runController(Object(Modul\Profile\Controllers\Profile))
 8 SYSTEMPATH\CodeIgniter.php(340): CodeIgniter\CodeIgniter->handleRequest(null, Object(Config\Cache), false)
 9 SYSTEMPATH\Boot.php(417): CodeIgniter\CodeIgniter->run()
10 SYSTEMPATH\Boot.php(68): CodeIgniter\Boot::runCodeIgniter(Object(CodeIgniter\CodeIgniter))
11 FCPATH\index.php(59): CodeIgniter\Boot::bootWeb(Object(Config\Paths))
12 SYSTEMPATH\rewrite.php(44): require_once('C:\\laragon\\data\\kainkita\\public\\index.php')
DEBUG - 2026-05-17 05:14:07 --> Session: Class initialized using 'CodeIgniter\Session\Handlers\FileHandler' driver.
WARNING - 2026-05-17 05:14:07 --> [DEPRECATED] Creation of dynamic property Modul\Carts\Controllers\Carts::$session is deprecated in APPPATH\Controllers\BaseController.php on line 47.
 1 SYSTEMPATH\CodeIgniter.php(922): App\Controllers\BaseController->initController(Object(CodeIgniter\HTTP\IncomingRequest), Object(CodeIgniter\HTTP\Response), Object(CodeIgniter\Log\Logger))
 2 SYSTEMPATH\CodeIgniter.php(488): CodeIgniter\CodeIgniter->createController()
 3 SYSTEMPATH\CodeIgniter.php(340): CodeIgniter\CodeIgniter->handleRequest(null, Object(Config\Cache), false)
 4 SYSTEMPATH\Boot.php(417): CodeIgniter\CodeIgniter->run()
 5 SYSTEMPATH\Boot.php(68): CodeIgniter\Boot::runCodeIgniter(Object(CodeIgniter\CodeIgniter))
 6 FCPATH\index.php(59): CodeIgniter\Boot::bootWeb(Object(Config\Paths))
 7 SYSTEMPATH\rewrite.php(44): require_once('C:\\laragon\\data\\kainkita\\public\\index.php')
WARNING - 2026-05-17 05:14:07 --> [DEPRECATED] Creation of dynamic property Modul\Carts\Controllers\Carts::$validation is deprecated in APPPATH\Controllers\BaseController.php on line 48.
 1 SYSTEMPATH\CodeIgniter.php(922): App\Controllers\BaseController->initController(Object(CodeIgniter\HTTP\IncomingRequest), Object(CodeIgniter\HTTP\Response), Object(CodeIgniter\Log\Logger))
 2 SYSTEMPATH\CodeIgniter.php(488): CodeIgniter\CodeIgniter->createController()
 3 SYSTEMPATH\CodeIgniter.php(340): CodeIgniter\CodeIgniter->handleRequest(null, Object(Config\Cache), false)
 4 SYSTEMPATH\Boot.php(417): CodeIgniter\CodeIgniter->run()
 5 SYSTEMPATH\Boot.php(68): CodeIgniter\Boot::runCodeIgniter(Object(CodeIgniter\CodeIgniter))
 6 FCPATH\index.php(59): CodeIgniter\Boot::bootWeb(Object(Config\Paths))
 7 SYSTEMPATH\rewrite.php(44): require_once('C:\\laragon\\data\\kainkita\\public\\index.php')
WARNING - 2026-05-17 05:14:07 --> [DEPRECATED] Creation of dynamic property Modul\Carts\Controllers\Carts::$db is deprecated in APPPATH\Controllers\BaseController.php on line 50.
 1 SYSTEMPATH\CodeIgniter.php(922): App\Controllers\BaseController->initController(Object(CodeIgniter\HTTP\IncomingRequest), Object(CodeIgniter\HTTP\Response), Object(CodeIgniter\Log\Logger))
 2 SYSTEMPATH\CodeIgniter.php(488): CodeIgniter\CodeIgniter->createController()
 3 SYSTEMPATH\CodeIgniter.php(340): CodeIgniter\CodeIgniter->handleRequest(null, Object(Config\Cache), false)
 4 SYSTEMPATH\Boot.php(417): CodeIgniter\CodeIgniter->run()
 5 SYSTEMPATH\Boot.php(68): CodeIgniter\Boot::runCodeIgniter(Object(CodeIgniter\CodeIgniter))
 6 FCPATH\index.php(59): CodeIgniter\Boot::bootWeb(Object(Config\Paths))
 7 SYSTEMPATH\rewrite.php(44): require_once('C:\\laragon\\data\\kainkita\\public\\index.php')
WARNING - 2026-05-17 05:14:07 --> [DEPRECATED] Creation of dynamic property Modul\Carts\Controllers\Carts::$uri is deprecated in APPPATH\Controllers\BaseController.php on line 51.
 1 SYSTEMPATH\CodeIgniter.php(922): App\Controllers\BaseController->initController(Object(CodeIgniter\HTTP\IncomingRequest), Object(CodeIgniter\HTTP\Response), Object(CodeIgniter\Log\Logger))
 2 SYSTEMPATH\CodeIgniter.php(488): CodeIgniter\CodeIgniter->createController()
 3 SYSTEMPATH\CodeIgniter.php(340): CodeIgniter\CodeIgniter->handleRequest(null, Object(Config\Cache), false)
 4 SYSTEMPATH\Boot.php(417): CodeIgniter\CodeIgniter->run()
 5 SYSTEMPATH\Boot.php(68): CodeIgniter\Boot::runCodeIgniter(Object(CodeIgniter\CodeIgniter))
 6 FCPATH\index.php(59): CodeIgniter\Boot::bootWeb(Object(Config\Paths))
 7 SYSTEMPATH\rewrite.php(44): require_once('C:\\laragon\\data\\kainkita\\public\\index.php')
WARNING - 2026-05-17 05:14:07 --> [DEPRECATED] Creation of dynamic property Modul\Carts\Controllers\Carts::$pager is deprecated in APPPATH\Controllers\BaseController.php on line 52.
 1 SYSTEMPATH\CodeIgniter.php(922): App\Controllers\BaseController->initController(Object(CodeIgniter\HTTP\IncomingRequest), Object(CodeIgniter\HTTP\Response), Object(CodeIgniter\Log\Logger))
 2 SYSTEMPATH\CodeIgniter.php(488): CodeIgniter\CodeIgniter->createController()
 3 SYSTEMPATH\CodeIgniter.php(340): CodeIgniter\CodeIgniter->handleRequest(null, Object(Config\Cache), false)
 4 SYSTEMPATH\Boot.php(417): CodeIgniter\CodeIgniter->run()
 5 SYSTEMPATH\Boot.php(68): CodeIgniter\Boot::runCodeIgniter(Object(CodeIgniter\CodeIgniter))
 6 FCPATH\index.php(59): CodeIgniter\Boot::bootWeb(Object(Config\Paths))
 7 SYSTEMPATH\rewrite.php(44): require_once('C:\\laragon\\data\\kainkita\\public\\index.php')
DEBUG - 2026-05-17 05:14:08 --> Session: Class initialized using 'CodeIgniter\Session\Handlers\FileHandler' driver.
WARNING - 2026-05-17 05:14:08 --> [DEPRECATED] Creation of dynamic property Modul\Wishlists\Controllers\Wishlists::$session is deprecated in APPPATH\Controllers\BaseController.php on line 47.
 1 SYSTEMPATH\CodeIgniter.php(922): App\Controllers\BaseController->initController(Object(CodeIgniter\HTTP\IncomingRequest), Object(CodeIgniter\HTTP\Response), Object(CodeIgniter\Log\Logger))
 2 SYSTEMPATH\CodeIgniter.php(488): CodeIgniter\CodeIgniter->createController()
 3 SYSTEMPATH\CodeIgniter.php(340): CodeIgniter\CodeIgniter->handleRequest(null, Object(Config\Cache), false)
 4 SYSTEMPATH\Boot.php(417): CodeIgniter\CodeIgniter->run()
 5 SYSTEMPATH\Boot.php(68): CodeIgniter\Boot::runCodeIgniter(Object(CodeIgniter\CodeIgniter))
 6 FCPATH\index.php(59): CodeIgniter\Boot::bootWeb(Object(Config\Paths))
 7 SYSTEMPATH\rewrite.php(44): require_once('C:\\laragon\\data\\kainkita\\public\\index.php')
WARNING - 2026-05-17 05:14:08 --> [DEPRECATED] Creation of dynamic property Modul\Wishlists\Controllers\Wishlists::$validation is deprecated in APPPATH\Controllers\BaseController.php on line 48.
 1 SYSTEMPATH\CodeIgniter.php(922): App\Controllers\BaseController->initController(Object(CodeIgniter\HTTP\IncomingRequest), Object(CodeIgniter\HTTP\Response), Object(CodeIgniter\Log\Logger))
 2 SYSTEMPATH\CodeIgniter.php(488): CodeIgniter\CodeIgniter->createController()
 3 SYSTEMPATH\CodeIgniter.php(340): CodeIgniter\CodeIgniter->handleRequest(null, Object(Config\Cache), false)
 4 SYSTEMPATH\Boot.php(417): CodeIgniter\CodeIgniter->run()
 5 SYSTEMPATH\Boot.php(68): CodeIgniter\Boot::runCodeIgniter(Object(CodeIgniter\CodeIgniter))
 6 FCPATH\index.php(59): CodeIgniter\Boot::bootWeb(Object(Config\Paths))
 7 SYSTEMPATH\rewrite.php(44): require_once('C:\\laragon\\data\\kainkita\\public\\index.php')
WARNING - 2026-05-17 05:14:08 --> [DEPRECATED] Creation of dynamic property Modul\Wishlists\Controllers\Wishlists::$db is deprecated in APPPATH\Controllers\BaseController.php on line 50.
 1 SYSTEMPATH\CodeIgniter.php(922): App\Controllers\BaseController->initController(Object(CodeIgniter\HTTP\IncomingRequest), Object(CodeIgniter\HTTP\Response), Object(CodeIgniter\Log\Logger))
 2 SYSTEMPATH\CodeIgniter.php(488): CodeIgniter\CodeIgniter->createController()
 3 SYSTEMPATH\CodeIgniter.php(340): CodeIgniter\CodeIgniter->handleRequest(null, Object(Config\Cache), false)
 4 SYSTEMPATH\Boot.php(417): CodeIgniter\CodeIgniter->run()
 5 SYSTEMPATH\Boot.php(68): CodeIgniter\Boot::runCodeIgniter(Object(CodeIgniter\CodeIgniter))
 6 FCPATH\index.php(59): CodeIgniter\Boot::bootWeb(Object(Config\Paths))
 7 SYSTEMPATH\rewrite.php(44): require_once('C:\\laragon\\data\\kainkita\\public\\index.php')
WARNING - 2026-05-17 05:14:08 --> [DEPRECATED] Creation of dynamic property Modul\Wishlists\Controllers\Wishlists::$uri is deprecated in APPPATH\Controllers\BaseController.php on line 51.
 1 SYSTEMPATH\CodeIgniter.php(922): App\Controllers\BaseController->initController(Object(CodeIgniter\HTTP\IncomingRequest), Object(CodeIgniter\HTTP\Response), Object(CodeIgniter\Log\Logger))
 2 SYSTEMPATH\CodeIgniter.php(488): CodeIgniter\CodeIgniter->createController()
 3 SYSTEMPATH\CodeIgniter.php(340): CodeIgniter\CodeIgniter->handleRequest(null, Object(Config\Cache), false)
 4 SYSTEMPATH\Boot.php(417): CodeIgniter\CodeIgniter->run()
 5 SYSTEMPATH\Boot.php(68): CodeIgniter\Boot::runCodeIgniter(Object(CodeIgniter\CodeIgniter))
 6 FCPATH\index.php(59): CodeIgniter\Boot::bootWeb(Object(Config\Paths))
 7 SYSTEMPATH\rewrite.php(44): require_once('C:\\laragon\\data\\kainkita\\public\\index.php')
WARNING - 2026-05-17 05:14:08 --> [DEPRECATED] Creation of dynamic property Modul\Wishlists\Controllers\Wishlists::$pager is deprecated in APPPATH\Controllers\BaseController.php on line 52.
 1 SYSTEMPATH\CodeIgniter.php(922): App\Controllers\BaseController->initController(Object(CodeIgniter\HTTP\IncomingRequest), Object(CodeIgniter\HTTP\Response), Object(CodeIgniter\Log\Logger))
 2 SYSTEMPATH\CodeIgniter.php(488): CodeIgniter\CodeIgniter->createController()
 3 SYSTEMPATH\CodeIgniter.php(340): CodeIgniter\CodeIgniter->handleRequest(null, Object(Config\Cache), false)
 4 SYSTEMPATH\Boot.php(417): CodeIgniter\CodeIgniter->run()
 5 SYSTEMPATH\Boot.php(68): CodeIgniter\Boot::runCodeIgniter(Object(CodeIgniter\CodeIgniter))
 6 FCPATH\index.php(59): CodeIgniter\Boot::bootWeb(Object(Config\Paths))
 7 SYSTEMPATH\rewrite.php(44): require_once('C:\\laragon\\data\\kainkita\\public\\index.php')
WARNING - 2026-05-17 05:18:42 --> [DEPRECATED] Creation of dynamic property Modul\Profile\Controllers\Profile::$customers is deprecated in ROOTPATH\modul\Profile\Controllers\Profile.php on line 12.
 1 SYSTEMPATH\CodeIgniter.php(921): Modul\Profile\Controllers\Profile->__construct()
 2 SYSTEMPATH\CodeIgniter.php(488): CodeIgniter\CodeIgniter->createController()
 3 SYSTEMPATH\CodeIgniter.php(340): CodeIgniter\CodeIgniter->handleRequest(null, Object(Config\Cache), false)
 4 SYSTEMPATH\Boot.php(417): CodeIgniter\CodeIgniter->run()
 5 SYSTEMPATH\Boot.php(68): CodeIgniter\Boot::runCodeIgniter(Object(CodeIgniter\CodeIgniter))
 6 FCPATH\index.php(59): CodeIgniter\Boot::bootWeb(Object(Config\Paths))
 7 SYSTEMPATH\rewrite.php(44): require_once('C:\\laragon\\data\\kainkita\\public\\index.php')
DEBUG - 2026-05-17 05:18:43 --> Session: Class initialized using 'CodeIgniter\Session\Handlers\FileHandler' driver.
WARNING - 2026-05-17 05:18:43 --> [DEPRECATED] Creation of dynamic property Modul\Profile\Controllers\Profile::$session is deprecated in APPPATH\Controllers\BaseController.php on line 47.
 1 SYSTEMPATH\CodeIgniter.php(922): App\Controllers\BaseController->initController(Object(CodeIgniter\HTTP\IncomingRequest), Object(CodeIgniter\HTTP\Response), Object(CodeIgniter\Log\Logger))
 2 SYSTEMPATH\CodeIgniter.php(488): CodeIgniter\CodeIgniter->createController()
 3 SYSTEMPATH\CodeIgniter.php(340): CodeIgniter\CodeIgniter->handleRequest(null, Object(Config\Cache), false)
 4 SYSTEMPATH\Boot.php(417): CodeIgniter\CodeIgniter->run()
 5 SYSTEMPATH\Boot.php(68): CodeIgniter\Boot::runCodeIgniter(Object(CodeIgniter\CodeIgniter))
 6 FCPATH\index.php(59): CodeIgniter\Boot::bootWeb(Object(Config\Paths))
 7 SYSTEMPATH\rewrite.php(44): require_once('C:\\laragon\\data\\kainkita\\public\\index.php')
WARNING - 2026-05-17 05:18:43 --> [DEPRECATED] Creation of dynamic property Modul\Profile\Controllers\Profile::$validation is deprecated in APPPATH\Controllers\BaseController.php on line 48.
 1 SYSTEMPATH\CodeIgniter.php(922): App\Controllers\BaseController->initController(Object(CodeIgniter\HTTP\IncomingRequest), Object(CodeIgniter\HTTP\Response), Object(CodeIgniter\Log\Logger))
 2 SYSTEMPATH\CodeIgniter.php(488): CodeIgniter\CodeIgniter->createController()
 3 SYSTEMPATH\CodeIgniter.php(340): CodeIgniter\CodeIgniter->handleRequest(null, Object(Config\Cache), false)
 4 SYSTEMPATH\Boot.php(417): CodeIgniter\CodeIgniter->run()
 5 SYSTEMPATH\Boot.php(68): CodeIgniter\Boot::runCodeIgniter(Object(CodeIgniter\CodeIgniter))
 6 FCPATH\index.php(59): CodeIgniter\Boot::bootWeb(Object(Config\Paths))
 7 SYSTEMPATH\rewrite.php(44): require_once('C:\\laragon\\data\\kainkita\\public\\index.php')
WARNING - 2026-05-17 05:18:43 --> [DEPRECATED] Creation of dynamic property Modul\Profile\Controllers\Profile::$db is deprecated in APPPATH\Controllers\BaseController.php on line 50.
 1 SYSTEMPATH\CodeIgniter.php(922): App\Controllers\BaseController->initController(Object(CodeIgniter\HTTP\IncomingRequest), Object(CodeIgniter\HTTP\Response), Object(CodeIgniter\Log\Logger))
 2 SYSTEMPATH\CodeIgniter.php(488): CodeIgniter\CodeIgniter->createController()
 3 SYSTEMPATH\CodeIgniter.php(340): CodeIgniter\CodeIgniter->handleRequest(null, Object(Config\Cache), false)
 4 SYSTEMPATH\Boot.php(417): CodeIgniter\CodeIgniter->run()
 5 SYSTEMPATH\Boot.php(68): CodeIgniter\Boot::runCodeIgniter(Object(CodeIgniter\CodeIgniter))
 6 FCPATH\index.php(59): CodeIgniter\Boot::bootWeb(Object(Config\Paths))
 7 SYSTEMPATH\rewrite.php(44): require_once('C:\\laragon\\data\\kainkita\\public\\index.php')
WARNING - 2026-05-17 05:18:43 --> [DEPRECATED] Creation of dynamic property Modul\Profile\Controllers\Profile::$uri is deprecated in APPPATH\Controllers\BaseController.php on line 51.
 1 SYSTEMPATH\CodeIgniter.php(922): App\Controllers\BaseController->initController(Object(CodeIgniter\HTTP\IncomingRequest), Object(CodeIgniter\HTTP\Response), Object(CodeIgniter\Log\Logger))
 2 SYSTEMPATH\CodeIgniter.php(488): CodeIgniter\CodeIgniter->createController()
 3 SYSTEMPATH\CodeIgniter.php(340): CodeIgniter\CodeIgniter->handleRequest(null, Object(Config\Cache), false)
 4 SYSTEMPATH\Boot.php(417): CodeIgniter\CodeIgniter->run()
 5 SYSTEMPATH\Boot.php(68): CodeIgniter\Boot::runCodeIgniter(Object(CodeIgniter\CodeIgniter))
 6 FCPATH\index.php(59): CodeIgniter\Boot::bootWeb(Object(Config\Paths))
 7 SYSTEMPATH\rewrite.php(44): require_once('C:\\laragon\\data\\kainkita\\public\\index.php')
WARNING - 2026-05-17 05:18:43 --> [DEPRECATED] Creation of dynamic property Modul\Profile\Controllers\Profile::$pager is deprecated in APPPATH\Controllers\BaseController.php on line 52.
 1 SYSTEMPATH\CodeIgniter.php(922): App\Controllers\BaseController->initController(Object(CodeIgniter\HTTP\IncomingRequest), Object(CodeIgniter\HTTP\Response), Object(CodeIgniter\Log\Logger))
 2 SYSTEMPATH\CodeIgniter.php(488): CodeIgniter\CodeIgniter->createController()
 3 SYSTEMPATH\CodeIgniter.php(340): CodeIgniter\CodeIgniter->handleRequest(null, Object(Config\Cache), false)
 4 SYSTEMPATH\Boot.php(417): CodeIgniter\CodeIgniter->run()
 5 SYSTEMPATH\Boot.php(68): CodeIgniter\Boot::runCodeIgniter(Object(CodeIgniter\CodeIgniter))
 6 FCPATH\index.php(59): CodeIgniter\Boot::bootWeb(Object(Config\Paths))
 7 SYSTEMPATH\rewrite.php(44): require_once('C:\\laragon\\data\\kainkita\\public\\index.php')
WARNING - 2026-05-17 05:18:43 --> [DEPRECATED] Creation of dynamic property CodeIgniter\View\View::$db is deprecated in APPPATH\Views\layout\template.php on line 4.
 1 SYSTEMPATH\View\View.php(238): include('C:\\laragon\\data\\kainkita\\app\\Views\\layout\\template.php')
 2 SYSTEMPATH\View\View.php(241): CodeIgniter\View\View->CodeIgniter\View\{closure}()
 3 SYSTEMPATH\View\View.php(254): CodeIgniter\View\View->render('layout/template', [], true)
 4 SYSTEMPATH\Common.php(1250): CodeIgniter\View\View->render('Modul\\Profile\\Views\\viewProfile', [], true)
 5 ROOTPATH\modul\Profile\Controllers\Profile.php(56): view('Modul\\Profile\\Views\\viewProfile', [...])
 6 SYSTEMPATH\CodeIgniter.php(951): Modul\Profile\Controllers\Profile->index()
 7 SYSTEMPATH\CodeIgniter.php(497): CodeIgniter\CodeIgniter->runController(Object(Modul\Profile\Controllers\Profile))
 8 SYSTEMPATH\CodeIgniter.php(340): CodeIgniter\CodeIgniter->handleRequest(null, Object(Config\Cache), false)
 9 SYSTEMPATH\Boot.php(417): CodeIgniter\CodeIgniter->run()
10 SYSTEMPATH\Boot.php(68): CodeIgniter\Boot::runCodeIgniter(Object(CodeIgniter\CodeIgniter))
11 FCPATH\index.php(59): CodeIgniter\Boot::bootWeb(Object(Config\Paths))
12 SYSTEMPATH\rewrite.php(44): require_once('C:\\laragon\\data\\kainkita\\public\\index.php')
DEBUG - 2026-05-17 05:18:44 --> Session: Class initialized using 'CodeIgniter\Session\Handlers\FileHandler' driver.
WARNING - 2026-05-17 05:18:44 --> [DEPRECATED] Creation of dynamic property Modul\Carts\Controllers\Carts::$session is deprecated in APPPATH\Controllers\BaseController.php on line 47.
 1 SYSTEMPATH\CodeIgniter.php(922): App\Controllers\BaseController->initController(Object(CodeIgniter\HTTP\IncomingRequest), Object(CodeIgniter\HTTP\Response), Object(CodeIgniter\Log\Logger))
 2 SYSTEMPATH\CodeIgniter.php(488): CodeIgniter\CodeIgniter->createController()
 3 SYSTEMPATH\CodeIgniter.php(340): CodeIgniter\CodeIgniter->handleRequest(null, Object(Config\Cache), false)
 4 SYSTEMPATH\Boot.php(417): CodeIgniter\CodeIgniter->run()
 5 SYSTEMPATH\Boot.php(68): CodeIgniter\Boot::runCodeIgniter(Object(CodeIgniter\CodeIgniter))
 6 FCPATH\index.php(59): CodeIgniter\Boot::bootWeb(Object(Config\Paths))
 7 SYSTEMPATH\rewrite.php(44): require_once('C:\\laragon\\data\\kainkita\\public\\index.php')
WARNING - 2026-05-17 05:18:44 --> [DEPRECATED] Creation of dynamic property Modul\Carts\Controllers\Carts::$validation is deprecated in APPPATH\Controllers\BaseController.php on line 48.
 1 SYSTEMPATH\CodeIgniter.php(922): App\Controllers\BaseController->initController(Object(CodeIgniter\HTTP\IncomingRequest), Object(CodeIgniter\HTTP\Response), Object(CodeIgniter\Log\Logger))
 2 SYSTEMPATH\CodeIgniter.php(488): CodeIgniter\CodeIgniter->createController()
 3 SYSTEMPATH\CodeIgniter.php(340): CodeIgniter\CodeIgniter->handleRequest(null, Object(Config\Cache), false)
 4 SYSTEMPATH\Boot.php(417): CodeIgniter\CodeIgniter->run()
 5 SYSTEMPATH\Boot.php(68): CodeIgniter\Boot::runCodeIgniter(Object(CodeIgniter\CodeIgniter))
 6 FCPATH\index.php(59): CodeIgniter\Boot::bootWeb(Object(Config\Paths))
 7 SYSTEMPATH\rewrite.php(44): require_once('C:\\laragon\\data\\kainkita\\public\\index.php')
WARNING - 2026-05-17 05:18:44 --> [DEPRECATED] Creation of dynamic property Modul\Carts\Controllers\Carts::$db is deprecated in APPPATH\Controllers\BaseController.php on line 50.
 1 SYSTEMPATH\CodeIgniter.php(922): App\Controllers\BaseController->initController(Object(CodeIgniter\HTTP\IncomingRequest), Object(CodeIgniter\HTTP\Response), Object(CodeIgniter\Log\Logger))
 2 SYSTEMPATH\CodeIgniter.php(488): CodeIgniter\CodeIgniter->createController()
 3 SYSTEMPATH\CodeIgniter.php(340): CodeIgniter\CodeIgniter->handleRequest(null, Object(Config\Cache), false)
 4 SYSTEMPATH\Boot.php(417): CodeIgniter\CodeIgniter->run()
 5 SYSTEMPATH\Boot.php(68): CodeIgniter\Boot::runCodeIgniter(Object(CodeIgniter\CodeIgniter))
 6 FCPATH\index.php(59): CodeIgniter\Boot::bootWeb(Object(Config\Paths))
 7 SYSTEMPATH\rewrite.php(44): require_once('C:\\laragon\\data\\kainkita\\public\\index.php')
WARNING - 2026-05-17 05:18:44 --> [DEPRECATED] Creation of dynamic property Modul\Carts\Controllers\Carts::$uri is deprecated in APPPATH\Controllers\BaseController.php on line 51.
 1 SYSTEMPATH\CodeIgniter.php(922): App\Controllers\BaseController->initController(Object(CodeIgniter\HTTP\IncomingRequest), Object(CodeIgniter\HTTP\Response), Object(CodeIgniter\Log\Logger))
 2 SYSTEMPATH\CodeIgniter.php(488): CodeIgniter\CodeIgniter->createController()
 3 SYSTEMPATH\CodeIgniter.php(340): CodeIgniter\CodeIgniter->handleRequest(null, Object(Config\Cache), false)
 4 SYSTEMPATH\Boot.php(417): CodeIgniter\CodeIgniter->run()
 5 SYSTEMPATH\Boot.php(68): CodeIgniter\Boot::runCodeIgniter(Object(CodeIgniter\CodeIgniter))
 6 FCPATH\index.php(59): CodeIgniter\Boot::bootWeb(Object(Config\Paths))
 7 SYSTEMPATH\rewrite.php(44): require_once('C:\\laragon\\data\\kainkita\\public\\index.php')
WARNING - 2026-05-17 05:18:44 --> [DEPRECATED] Creation of dynamic property Modul\Carts\Controllers\Carts::$pager is deprecated in APPPATH\Controllers\BaseController.php on line 52.
 1 SYSTEMPATH\CodeIgniter.php(922): App\Controllers\BaseController->initController(Object(CodeIgniter\HTTP\IncomingRequest), Object(CodeIgniter\HTTP\Response), Object(CodeIgniter\Log\Logger))
 2 SYSTEMPATH\CodeIgniter.php(488): CodeIgniter\CodeIgniter->createController()
 3 SYSTEMPATH\CodeIgniter.php(340): CodeIgniter\CodeIgniter->handleRequest(null, Object(Config\Cache), false)
 4 SYSTEMPATH\Boot.php(417): CodeIgniter\CodeIgniter->run()
 5 SYSTEMPATH\Boot.php(68): CodeIgniter\Boot::runCodeIgniter(Object(CodeIgniter\CodeIgniter))
 6 FCPATH\index.php(59): CodeIgniter\Boot::bootWeb(Object(Config\Paths))
 7 SYSTEMPATH\rewrite.php(44): require_once('C:\\laragon\\data\\kainkita\\public\\index.php')
DEBUG - 2026-05-17 05:18:45 --> Session: Class initialized using 'CodeIgniter\Session\Handlers\FileHandler' driver.
WARNING - 2026-05-17 05:18:45 --> [DEPRECATED] Creation of dynamic property Modul\Wishlists\Controllers\Wishlists::$session is deprecated in APPPATH\Controllers\BaseController.php on line 47.
 1 SYSTEMPATH\CodeIgniter.php(922): App\Controllers\BaseController->initController(Object(CodeIgniter\HTTP\IncomingRequest), Object(CodeIgniter\HTTP\Response), Object(CodeIgniter\Log\Logger))
 2 SYSTEMPATH\CodeIgniter.php(488): CodeIgniter\CodeIgniter->createController()
 3 SYSTEMPATH\CodeIgniter.php(340): CodeIgniter\CodeIgniter->handleRequest(null, Object(Config\Cache), false)
 4 SYSTEMPATH\Boot.php(417): CodeIgniter\CodeIgniter->run()
 5 SYSTEMPATH\Boot.php(68): CodeIgniter\Boot::runCodeIgniter(Object(CodeIgniter\CodeIgniter))
 6 FCPATH\index.php(59): CodeIgniter\Boot::bootWeb(Object(Config\Paths))
 7 SYSTEMPATH\rewrite.php(44): require_once('C:\\laragon\\data\\kainkita\\public\\index.php')
WARNING - 2026-05-17 05:18:45 --> [DEPRECATED] Creation of dynamic property Modul\Wishlists\Controllers\Wishlists::$validation is deprecated in APPPATH\Controllers\BaseController.php on line 48.
 1 SYSTEMPATH\CodeIgniter.php(922): App\Controllers\BaseController->initController(Object(CodeIgniter\HTTP\IncomingRequest), Object(CodeIgniter\HTTP\Response), Object(CodeIgniter\Log\Logger))
 2 SYSTEMPATH\CodeIgniter.php(488): CodeIgniter\CodeIgniter->createController()
 3 SYSTEMPATH\CodeIgniter.php(340): CodeIgniter\CodeIgniter->handleRequest(null, Object(Config\Cache), false)
 4 SYSTEMPATH\Boot.php(417): CodeIgniter\CodeIgniter->run()
 5 SYSTEMPATH\Boot.php(68): CodeIgniter\Boot::runCodeIgniter(Object(CodeIgniter\CodeIgniter))
 6 FCPATH\index.php(59): CodeIgniter\Boot::bootWeb(Object(Config\Paths))
 7 SYSTEMPATH\rewrite.php(44): require_once('C:\\laragon\\data\\kainkita\\public\\index.php')
WARNING - 2026-05-17 05:18:45 --> [DEPRECATED] Creation of dynamic property Modul\Wishlists\Controllers\Wishlists::$db is deprecated in APPPATH\Controllers\BaseController.php on line 50.
 1 SYSTEMPATH\CodeIgniter.php(922): App\Controllers\BaseController->initController(Object(CodeIgniter\HTTP\IncomingRequest), Object(CodeIgniter\HTTP\Response), Object(CodeIgniter\Log\Logger))
 2 SYSTEMPATH\CodeIgniter.php(488): CodeIgniter\CodeIgniter->createController()
 3 SYSTEMPATH\CodeIgniter.php(340): CodeIgniter\CodeIgniter->handleRequest(null, Object(Config\Cache), false)
 4 SYSTEMPATH\Boot.php(417): CodeIgniter\CodeIgniter->run()
 5 SYSTEMPATH\Boot.php(68): CodeIgniter\Boot::runCodeIgniter(Object(CodeIgniter\CodeIgniter))
 6 FCPATH\index.php(59): CodeIgniter\Boot::bootWeb(Object(Config\Paths))
 7 SYSTEMPATH\rewrite.php(44): require_once('C:\\laragon\\data\\kainkita\\public\\index.php')
WARNING - 2026-05-17 05:18:45 --> [DEPRECATED] Creation of dynamic property Modul\Wishlists\Controllers\Wishlists::$uri is deprecated in APPPATH\Controllers\BaseController.php on line 51.
 1 SYSTEMPATH\CodeIgniter.php(922): App\Controllers\BaseController->initController(Object(CodeIgniter\HTTP\IncomingRequest), Object(CodeIgniter\HTTP\Response), Object(CodeIgniter\Log\Logger))
 2 SYSTEMPATH\CodeIgniter.php(488): CodeIgniter\CodeIgniter->createController()
 3 SYSTEMPATH\CodeIgniter.php(340): CodeIgniter\CodeIgniter->handleRequest(null, Object(Config\Cache), false)
 4 SYSTEMPATH\Boot.php(417): CodeIgniter\CodeIgniter->run()
 5 SYSTEMPATH\Boot.php(68): CodeIgniter\Boot::runCodeIgniter(Object(CodeIgniter\CodeIgniter))
 6 FCPATH\index.php(59): CodeIgniter\Boot::bootWeb(Object(Config\Paths))
 7 SYSTEMPATH\rewrite.php(44): require_once('C:\\laragon\\data\\kainkita\\public\\index.php')
WARNING - 2026-05-17 05:18:45 --> [DEPRECATED] Creation of dynamic property Modul\Wishlists\Controllers\Wishlists::$pager is deprecated in APPPATH\Controllers\BaseController.php on line 52.
 1 SYSTEMPATH\CodeIgniter.php(922): App\Controllers\BaseController->initController(Object(CodeIgniter\HTTP\IncomingRequest), Object(CodeIgniter\HTTP\Response), Object(CodeIgniter\Log\Logger))
 2 SYSTEMPATH\CodeIgniter.php(488): CodeIgniter\CodeIgniter->createController()
 3 SYSTEMPATH\CodeIgniter.php(340): CodeIgniter\CodeIgniter->handleRequest(null, Object(Config\Cache), false)
 4 SYSTEMPATH\Boot.php(417): CodeIgniter\CodeIgniter->run()
 5 SYSTEMPATH\Boot.php(68): CodeIgniter\Boot::runCodeIgniter(Object(CodeIgniter\CodeIgniter))
 6 FCPATH\index.php(59): CodeIgniter\Boot::bootWeb(Object(Config\Paths))
 7 SYSTEMPATH\rewrite.php(44): require_once('C:\\laragon\\data\\kainkita\\public\\index.php')
WARNING - 2026-05-17 05:18:45 --> [DEPRECATED] Creation of dynamic property Modul\Profile\Controllers\Profile::$customers is deprecated in ROOTPATH\modul\Profile\Controllers\Profile.php on line 12.
 1 SYSTEMPATH\CodeIgniter.php(921): Modul\Profile\Controllers\Profile->__construct()
 2 SYSTEMPATH\CodeIgniter.php(488): CodeIgniter\CodeIgniter->createController()
 3 SYSTEMPATH\CodeIgniter.php(340): CodeIgniter\CodeIgniter->handleRequest(null, Object(Config\Cache), false)
 4 SYSTEMPATH\Boot.php(417): CodeIgniter\CodeIgniter->run()
 5 SYSTEMPATH\Boot.php(68): CodeIgniter\Boot::runCodeIgniter(Object(CodeIgniter\CodeIgniter))
 6 FCPATH\index.php(59): CodeIgniter\Boot::bootWeb(Object(Config\Paths))
 7 SYSTEMPATH\rewrite.php(44): require_once('C:\\laragon\\data\\kainkita\\public\\index.php')
DEBUG - 2026-05-17 05:18:45 --> Session: Class initialized using 'CodeIgniter\Session\Handlers\FileHandler' driver.
WARNING - 2026-05-17 05:18:45 --> [DEPRECATED] Creation of dynamic property Modul\Profile\Controllers\Profile::$session is deprecated in APPPATH\Controllers\BaseController.php on line 47.
 1 SYSTEMPATH\CodeIgniter.php(922): App\Controllers\BaseController->initController(Object(CodeIgniter\HTTP\IncomingRequest), Object(CodeIgniter\HTTP\Response), Object(CodeIgniter\Log\Logger))
 2 SYSTEMPATH\CodeIgniter.php(488): CodeIgniter\CodeIgniter->createController()
 3 SYSTEMPATH\CodeIgniter.php(340): CodeIgniter\CodeIgniter->handleRequest(null, Object(Config\Cache), false)
 4 SYSTEMPATH\Boot.php(417): CodeIgniter\CodeIgniter->run()
 5 SYSTEMPATH\Boot.php(68): CodeIgniter\Boot::runCodeIgniter(Object(CodeIgniter\CodeIgniter))
 6 FCPATH\index.php(59): CodeIgniter\Boot::bootWeb(Object(Config\Paths))
 7 SYSTEMPATH\rewrite.php(44): require_once('C:\\laragon\\data\\kainkita\\public\\index.php')
WARNING - 2026-05-17 05:18:45 --> [DEPRECATED] Creation of dynamic property Modul\Profile\Controllers\Profile::$validation is deprecated in APPPATH\Controllers\BaseController.php on line 48.
 1 SYSTEMPATH\CodeIgniter.php(922): App\Controllers\BaseController->initController(Object(CodeIgniter\HTTP\IncomingRequest), Object(CodeIgniter\HTTP\Response), Object(CodeIgniter\Log\Logger))
 2 SYSTEMPATH\CodeIgniter.php(488): CodeIgniter\CodeIgniter->createController()
 3 SYSTEMPATH\CodeIgniter.php(340): CodeIgniter\CodeIgniter->handleRequest(null, Object(Config\Cache), false)
 4 SYSTEMPATH\Boot.php(417): CodeIgniter\CodeIgniter->run()
 5 SYSTEMPATH\Boot.php(68): CodeIgniter\Boot::runCodeIgniter(Object(CodeIgniter\CodeIgniter))
 6 FCPATH\index.php(59): CodeIgniter\Boot::bootWeb(Object(Config\Paths))
 7 SYSTEMPATH\rewrite.php(44): require_once('C:\\laragon\\data\\kainkita\\public\\index.php')
WARNING - 2026-05-17 05:18:45 --> [DEPRECATED] Creation of dynamic property Modul\Profile\Controllers\Profile::$db is deprecated in APPPATH\Controllers\BaseController.php on line 50.
 1 SYSTEMPATH\CodeIgniter.php(922): App\Controllers\BaseController->initController(Object(CodeIgniter\HTTP\IncomingRequest), Object(CodeIgniter\HTTP\Response), Object(CodeIgniter\Log\Logger))
 2 SYSTEMPATH\CodeIgniter.php(488): CodeIgniter\CodeIgniter->createController()
 3 SYSTEMPATH\CodeIgniter.php(340): CodeIgniter\CodeIgniter->handleRequest(null, Object(Config\Cache), false)
 4 SYSTEMPATH\Boot.php(417): CodeIgniter\CodeIgniter->run()
 5 SYSTEMPATH\Boot.php(68): CodeIgniter\Boot::runCodeIgniter(Object(CodeIgniter\CodeIgniter))
 6 FCPATH\index.php(59): CodeIgniter\Boot::bootWeb(Object(Config\Paths))
 7 SYSTEMPATH\rewrite.php(44): require_once('C:\\laragon\\data\\kainkita\\public\\index.php')
WARNING - 2026-05-17 05:18:45 --> [DEPRECATED] Creation of dynamic property Modul\Profile\Controllers\Profile::$uri is deprecated in APPPATH\Controllers\BaseController.php on line 51.
 1 SYSTEMPATH\CodeIgniter.php(922): App\Controllers\BaseController->initController(Object(CodeIgniter\HTTP\IncomingRequest), Object(CodeIgniter\HTTP\Response), Object(CodeIgniter\Log\Logger))
 2 SYSTEMPATH\CodeIgniter.php(488): CodeIgniter\CodeIgniter->createController()
 3 SYSTEMPATH\CodeIgniter.php(340): CodeIgniter\CodeIgniter->handleRequest(null, Object(Config\Cache), false)
 4 SYSTEMPATH\Boot.php(417): CodeIgniter\CodeIgniter->run()
 5 SYSTEMPATH\Boot.php(68): CodeIgniter\Boot::runCodeIgniter(Object(CodeIgniter\CodeIgniter))
 6 FCPATH\index.php(59): CodeIgniter\Boot::bootWeb(Object(Config\Paths))
 7 SYSTEMPATH\rewrite.php(44): require_once('C:\\laragon\\data\\kainkita\\public\\index.php')
WARNING - 2026-05-17 05:18:45 --> [DEPRECATED] Creation of dynamic property Modul\Profile\Controllers\Profile::$pager is deprecated in APPPATH\Controllers\BaseController.php on line 52.
 1 SYSTEMPATH\CodeIgniter.php(922): App\Controllers\BaseController->initController(Object(CodeIgniter\HTTP\IncomingRequest), Object(CodeIgniter\HTTP\Response), Object(CodeIgniter\Log\Logger))
 2 SYSTEMPATH\CodeIgniter.php(488): CodeIgniter\CodeIgniter->createController()
 3 SYSTEMPATH\CodeIgniter.php(340): CodeIgniter\CodeIgniter->handleRequest(null, Object(Config\Cache), false)
 4 SYSTEMPATH\Boot.php(417): CodeIgniter\CodeIgniter->run()
 5 SYSTEMPATH\Boot.php(68): CodeIgniter\Boot::runCodeIgniter(Object(CodeIgniter\CodeIgniter))
 6 FCPATH\index.php(59): CodeIgniter\Boot::bootWeb(Object(Config\Paths))
 7 SYSTEMPATH\rewrite.php(44): require_once('C:\\laragon\\data\\kainkita\\public\\index.php')
WARNING - 2026-05-17 05:18:45 --> [DEPRECATED] Creation of dynamic property CodeIgniter\View\View::$db is deprecated in APPPATH\Views\layout\template.php on line 4.
 1 SYSTEMPATH\View\View.php(238): include('C:\\laragon\\data\\kainkita\\app\\Views\\layout\\template.php')
 2 SYSTEMPATH\View\View.php(241): CodeIgniter\View\View->CodeIgniter\View\{closure}()
 3 SYSTEMPATH\View\View.php(254): CodeIgniter\View\View->render('layout/template', [], true)
 4 SYSTEMPATH\Common.php(1250): CodeIgniter\View\View->render('Modul\\Profile\\Views\\viewProfile', [], true)
 5 ROOTPATH\modul\Profile\Controllers\Profile.php(56): view('Modul\\Profile\\Views\\viewProfile', [...])
 6 SYSTEMPATH\CodeIgniter.php(951): Modul\Profile\Controllers\Profile->index()
 7 SYSTEMPATH\CodeIgniter.php(497): CodeIgniter\CodeIgniter->runController(Object(Modul\Profile\Controllers\Profile))
 8 SYSTEMPATH\CodeIgniter.php(340): CodeIgniter\CodeIgniter->handleRequest(null, Object(Config\Cache), false)
 9 SYSTEMPATH\Boot.php(417): CodeIgniter\CodeIgniter->run()
10 SYSTEMPATH\Boot.php(68): CodeIgniter\Boot::runCodeIgniter(Object(CodeIgniter\CodeIgniter))
11 FCPATH\index.php(59): CodeIgniter\Boot::bootWeb(Object(Config\Paths))
12 SYSTEMPATH\rewrite.php(44): require_once('C:\\laragon\\data\\kainkita\\public\\index.php')
DEBUG - 2026-05-17 05:18:47 --> Session: Class initialized using 'CodeIgniter\Session\Handlers\FileHandler' driver.
WARNING - 2026-05-17 05:18:47 --> [DEPRECATED] Creation of dynamic property Modul\Carts\Controllers\Carts::$session is deprecated in APPPATH\Controllers\BaseController.php on line 47.
 1 SYSTEMPATH\CodeIgniter.php(922): App\Controllers\BaseController->initController(Object(CodeIgniter\HTTP\IncomingRequest), Object(CodeIgniter\HTTP\Response), Object(CodeIgniter\Log\Logger))
 2 SYSTEMPATH\CodeIgniter.php(488): CodeIgniter\CodeIgniter->createController()
 3 SYSTEMPATH\CodeIgniter.php(340): CodeIgniter\CodeIgniter->handleRequest(null, Object(Config\Cache), false)
 4 SYSTEMPATH\Boot.php(417): CodeIgniter\CodeIgniter->run()
 5 SYSTEMPATH\Boot.php(68): CodeIgniter\Boot::runCodeIgniter(Object(CodeIgniter\CodeIgniter))
 6 FCPATH\index.php(59): CodeIgniter\Boot::bootWeb(Object(Config\Paths))
 7 SYSTEMPATH\rewrite.php(44): require_once('C:\\laragon\\data\\kainkita\\public\\index.php')
WARNING - 2026-05-17 05:18:47 --> [DEPRECATED] Creation of dynamic property Modul\Carts\Controllers\Carts::$validation is deprecated in APPPATH\Controllers\BaseController.php on line 48.
 1 SYSTEMPATH\CodeIgniter.php(922): App\Controllers\BaseController->initController(Object(CodeIgniter\HTTP\IncomingRequest), Object(CodeIgniter\HTTP\Response), Object(CodeIgniter\Log\Logger))
 2 SYSTEMPATH\CodeIgniter.php(488): CodeIgniter\CodeIgniter->createController()
 3 SYSTEMPATH\CodeIgniter.php(340): CodeIgniter\CodeIgniter->handleRequest(null, Object(Config\Cache), false)
 4 SYSTEMPATH\Boot.php(417): CodeIgniter\CodeIgniter->run()
 5 SYSTEMPATH\Boot.php(68): CodeIgniter\Boot::runCodeIgniter(Object(CodeIgniter\CodeIgniter))
 6 FCPATH\index.php(59): CodeIgniter\Boot::bootWeb(Object(Config\Paths))
 7 SYSTEMPATH\rewrite.php(44): require_once('C:\\laragon\\data\\kainkita\\public\\index.php')
WARNING - 2026-05-17 05:18:47 --> [DEPRECATED] Creation of dynamic property Modul\Carts\Controllers\Carts::$db is deprecated in APPPATH\Controllers\BaseController.php on line 50.
 1 SYSTEMPATH\CodeIgniter.php(922): App\Controllers\BaseController->initController(Object(CodeIgniter\HTTP\IncomingRequest), Object(CodeIgniter\HTTP\Response), Object(CodeIgniter\Log\Logger))
 2 SYSTEMPATH\CodeIgniter.php(488): CodeIgniter\CodeIgniter->createController()
 3 SYSTEMPATH\CodeIgniter.php(340): CodeIgniter\CodeIgniter->handleRequest(null, Object(Config\Cache), false)
 4 SYSTEMPATH\Boot.php(417): CodeIgniter\CodeIgniter->run()
 5 SYSTEMPATH\Boot.php(68): CodeIgniter\Boot::runCodeIgniter(Object(CodeIgniter\CodeIgniter))
 6 FCPATH\index.php(59): CodeIgniter\Boot::bootWeb(Object(Config\Paths))
 7 SYSTEMPATH\rewrite.php(44): require_once('C:\\laragon\\data\\kainkita\\public\\index.php')
WARNING - 2026-05-17 05:18:47 --> [DEPRECATED] Creation of dynamic property Modul\Carts\Controllers\Carts::$uri is deprecated in APPPATH\Controllers\BaseController.php on line 51.
 1 SYSTEMPATH\CodeIgniter.php(922): App\Controllers\BaseController->initController(Object(CodeIgniter\HTTP\IncomingRequest), Object(CodeIgniter\HTTP\Response), Object(CodeIgniter\Log\Logger))
 2 SYSTEMPATH\CodeIgniter.php(488): CodeIgniter\CodeIgniter->createController()
 3 SYSTEMPATH\CodeIgniter.php(340): CodeIgniter\CodeIgniter->handleRequest(null, Object(Config\Cache), false)
 4 SYSTEMPATH\Boot.php(417): CodeIgniter\CodeIgniter->run()
 5 SYSTEMPATH\Boot.php(68): CodeIgniter\Boot::runCodeIgniter(Object(CodeIgniter\CodeIgniter))
 6 FCPATH\index.php(59): CodeIgniter\Boot::bootWeb(Object(Config\Paths))
 7 SYSTEMPATH\rewrite.php(44): require_once('C:\\laragon\\data\\kainkita\\public\\index.php')
WARNING - 2026-05-17 05:18:47 --> [DEPRECATED] Creation of dynamic property Modul\Carts\Controllers\Carts::$pager is deprecated in APPPATH\Controllers\BaseController.php on line 52.
 1 SYSTEMPATH\CodeIgniter.php(922): App\Controllers\BaseController->initController(Object(CodeIgniter\HTTP\IncomingRequest), Object(CodeIgniter\HTTP\Response), Object(CodeIgniter\Log\Logger))
 2 SYSTEMPATH\CodeIgniter.php(488): CodeIgniter\CodeIgniter->createController()
 3 SYSTEMPATH\CodeIgniter.php(340): CodeIgniter\CodeIgniter->handleRequest(null, Object(Config\Cache), false)
 4 SYSTEMPATH\Boot.php(417): CodeIgniter\CodeIgniter->run()
 5 SYSTEMPATH\Boot.php(68): CodeIgniter\Boot::runCodeIgniter(Object(CodeIgniter\CodeIgniter))
 6 FCPATH\index.php(59): CodeIgniter\Boot::bootWeb(Object(Config\Paths))
 7 SYSTEMPATH\rewrite.php(44): require_once('C:\\laragon\\data\\kainkita\\public\\index.php')
DEBUG - 2026-05-17 05:18:47 --> Session: Class initialized using 'CodeIgniter\Session\Handlers\FileHandler' driver.
WARNING - 2026-05-17 05:18:47 --> [DEPRECATED] Creation of dynamic property Modul\Wishlists\Controllers\Wishlists::$session is deprecated in APPPATH\Controllers\BaseController.php on line 47.
 1 SYSTEMPATH\CodeIgniter.php(922): App\Controllers\BaseController->initController(Object(CodeIgniter\HTTP\IncomingRequest), Object(CodeIgniter\HTTP\Response), Object(CodeIgniter\Log\Logger))
 2 SYSTEMPATH\CodeIgniter.php(488): CodeIgniter\CodeIgniter->createController()
 3 SYSTEMPATH\CodeIgniter.php(340): CodeIgniter\CodeIgniter->handleRequest(null, Object(Config\Cache), false)
 4 SYSTEMPATH\Boot.php(417): CodeIgniter\CodeIgniter->run()
 5 SYSTEMPATH\Boot.php(68): CodeIgniter\Boot::runCodeIgniter(Object(CodeIgniter\CodeIgniter))
 6 FCPATH\index.php(59): CodeIgniter\Boot::bootWeb(Object(Config\Paths))
 7 SYSTEMPATH\rewrite.php(44): require_once('C:\\laragon\\data\\kainkita\\public\\index.php')
WARNING - 2026-05-17 05:18:47 --> [DEPRECATED] Creation of dynamic property Modul\Wishlists\Controllers\Wishlists::$validation is deprecated in APPPATH\Controllers\BaseController.php on line 48.
 1 SYSTEMPATH\CodeIgniter.php(922): App\Controllers\BaseController->initController(Object(CodeIgniter\HTTP\IncomingRequest), Object(CodeIgniter\HTTP\Response), Object(CodeIgniter\Log\Logger))
 2 SYSTEMPATH\CodeIgniter.php(488): CodeIgniter\CodeIgniter->createController()
 3 SYSTEMPATH\CodeIgniter.php(340): CodeIgniter\CodeIgniter->handleRequest(null, Object(Config\Cache), false)
 4 SYSTEMPATH\Boot.php(417): CodeIgniter\CodeIgniter->run()
 5 SYSTEMPATH\Boot.php(68): CodeIgniter\Boot::runCodeIgniter(Object(CodeIgniter\CodeIgniter))
 6 FCPATH\index.php(59): CodeIgniter\Boot::bootWeb(Object(Config\Paths))
 7 SYSTEMPATH\rewrite.php(44): require_once('C:\\laragon\\data\\kainkita\\public\\index.php')
WARNING - 2026-05-17 05:18:47 --> [DEPRECATED] Creation of dynamic property Modul\Wishlists\Controllers\Wishlists::$db is deprecated in APPPATH\Controllers\BaseController.php on line 50.
 1 SYSTEMPATH\CodeIgniter.php(922): App\Controllers\BaseController->initController(Object(CodeIgniter\HTTP\IncomingRequest), Object(CodeIgniter\HTTP\Response), Object(CodeIgniter\Log\Logger))
 2 SYSTEMPATH\CodeIgniter.php(488): CodeIgniter\CodeIgniter->createController()
 3 SYSTEMPATH\CodeIgniter.php(340): CodeIgniter\CodeIgniter->handleRequest(null, Object(Config\Cache), false)
 4 SYSTEMPATH\Boot.php(417): CodeIgniter\CodeIgniter->run()
 5 SYSTEMPATH\Boot.php(68): CodeIgniter\Boot::runCodeIgniter(Object(CodeIgniter\CodeIgniter))
 6 FCPATH\index.php(59): CodeIgniter\Boot::bootWeb(Object(Config\Paths))
 7 SYSTEMPATH\rewrite.php(44): require_once('C:\\laragon\\data\\kainkita\\public\\index.php')
WARNING - 2026-05-17 05:18:47 --> [DEPRECATED] Creation of dynamic property Modul\Wishlists\Controllers\Wishlists::$uri is deprecated in APPPATH\Controllers\BaseController.php on line 51.
 1 SYSTEMPATH\CodeIgniter.php(922): App\Controllers\BaseController->initController(Object(CodeIgniter\HTTP\IncomingRequest), Object(CodeIgniter\HTTP\Response), Object(CodeIgniter\Log\Logger))
 2 SYSTEMPATH\CodeIgniter.php(488): CodeIgniter\CodeIgniter->createController()
 3 SYSTEMPATH\CodeIgniter.php(340): CodeIgniter\CodeIgniter->handleRequest(null, Object(Config\Cache), false)
 4 SYSTEMPATH\Boot.php(417): CodeIgniter\CodeIgniter->run()
 5 SYSTEMPATH\Boot.php(68): CodeIgniter\Boot::runCodeIgniter(Object(CodeIgniter\CodeIgniter))
 6 FCPATH\index.php(59): CodeIgniter\Boot::bootWeb(Object(Config\Paths))
 7 SYSTEMPATH\rewrite.php(44): require_once('C:\\laragon\\data\\kainkita\\public\\index.php')
WARNING - 2026-05-17 05:18:47 --> [DEPRECATED] Creation of dynamic property Modul\Wishlists\Controllers\Wishlists::$pager is deprecated in APPPATH\Controllers\BaseController.php on line 52.
 1 SYSTEMPATH\CodeIgniter.php(922): App\Controllers\BaseController->initController(Object(CodeIgniter\HTTP\IncomingRequest), Object(CodeIgniter\HTTP\Response), Object(CodeIgniter\Log\Logger))
 2 SYSTEMPATH\CodeIgniter.php(488): CodeIgniter\CodeIgniter->createController()
 3 SYSTEMPATH\CodeIgniter.php(340): CodeIgniter\CodeIgniter->handleRequest(null, Object(Config\Cache), false)
 4 SYSTEMPATH\Boot.php(417): CodeIgniter\CodeIgniter->run()
 5 SYSTEMPATH\Boot.php(68): CodeIgniter\Boot::runCodeIgniter(Object(CodeIgniter\CodeIgniter))
 6 FCPATH\index.php(59): CodeIgniter\Boot::bootWeb(Object(Config\Paths))
 7 SYSTEMPATH\rewrite.php(44): require_once('C:\\laragon\\data\\kainkita\\public\\index.php')
DEBUG - 2026-05-17 05:18:49 --> Session: Class initialized using 'CodeIgniter\Session\Handlers\FileHandler' driver.
WARNING - 2026-05-17 05:18:49 --> [DEPRECATED] Creation of dynamic property Modul\My_orders\Controllers\My_orders::$customers is deprecated in ROOTPATH\modul\My_orders\Controllers\My_orders.php on line 12.
 1 SYSTEMPATH\CodeIgniter.php(921): Modul\My_orders\Controllers\My_orders->__construct()
 2 SYSTEMPATH\CodeIgniter.php(488): CodeIgniter\CodeIgniter->createController()
 3 SYSTEMPATH\CodeIgniter.php(340): CodeIgniter\CodeIgniter->handleRequest(null, Object(Config\Cache), false)
 4 SYSTEMPATH\Boot.php(417): CodeIgniter\CodeIgniter->run()
 5 SYSTEMPATH\Boot.php(68): CodeIgniter\Boot::runCodeIgniter(Object(CodeIgniter\CodeIgniter))
 6 FCPATH\index.php(59): CodeIgniter\Boot::bootWeb(Object(Config\Paths))
 7 SYSTEMPATH\rewrite.php(44): require_once('C:\\laragon\\data\\kainkita\\public\\index.php')
WARNING - 2026-05-17 05:18:49 --> [DEPRECATED] Creation of dynamic property Modul\My_orders\Controllers\My_orders::$session is deprecated in APPPATH\Controllers\BaseController.php on line 47.
 1 SYSTEMPATH\CodeIgniter.php(922): App\Controllers\BaseController->initController(Object(CodeIgniter\HTTP\IncomingRequest), Object(CodeIgniter\HTTP\Response), Object(CodeIgniter\Log\Logger))
 2 SYSTEMPATH\CodeIgniter.php(488): CodeIgniter\CodeIgniter->createController()
 3 SYSTEMPATH\CodeIgniter.php(340): CodeIgniter\CodeIgniter->handleRequest(null, Object(Config\Cache), false)
 4 SYSTEMPATH\Boot.php(417): CodeIgniter\CodeIgniter->run()
 5 SYSTEMPATH\Boot.php(68): CodeIgniter\Boot::runCodeIgniter(Object(CodeIgniter\CodeIgniter))
 6 FCPATH\index.php(59): CodeIgniter\Boot::bootWeb(Object(Config\Paths))
 7 SYSTEMPATH\rewrite.php(44): require_once('C:\\laragon\\data\\kainkita\\public\\index.php')
WARNING - 2026-05-17 05:18:49 --> [DEPRECATED] Creation of dynamic property Modul\My_orders\Controllers\My_orders::$validation is deprecated in APPPATH\Controllers\BaseController.php on line 48.
 1 SYSTEMPATH\CodeIgniter.php(922): App\Controllers\BaseController->initController(Object(CodeIgniter\HTTP\IncomingRequest), Object(CodeIgniter\HTTP\Response), Object(CodeIgniter\Log\Logger))
 2 SYSTEMPATH\CodeIgniter.php(488): CodeIgniter\CodeIgniter->createController()
 3 SYSTEMPATH\CodeIgniter.php(340): CodeIgniter\CodeIgniter->handleRequest(null, Object(Config\Cache), false)
 4 SYSTEMPATH\Boot.php(417): CodeIgniter\CodeIgniter->run()
 5 SYSTEMPATH\Boot.php(68): CodeIgniter\Boot::runCodeIgniter(Object(CodeIgniter\CodeIgniter))
 6 FCPATH\index.php(59): CodeIgniter\Boot::bootWeb(Object(Config\Paths))
 7 SYSTEMPATH\rewrite.php(44): require_once('C:\\laragon\\data\\kainkita\\public\\index.php')
WARNING - 2026-05-17 05:18:49 --> [DEPRECATED] Creation of dynamic property Modul\My_orders\Controllers\My_orders::$db is deprecated in APPPATH\Controllers\BaseController.php on line 50.
 1 SYSTEMPATH\CodeIgniter.php(922): App\Controllers\BaseController->initController(Object(CodeIgniter\HTTP\IncomingRequest), Object(CodeIgniter\HTTP\Response), Object(CodeIgniter\Log\Logger))
 2 SYSTEMPATH\CodeIgniter.php(488): CodeIgniter\CodeIgniter->createController()
 3 SYSTEMPATH\CodeIgniter.php(340): CodeIgniter\CodeIgniter->handleRequest(null, Object(Config\Cache), false)
 4 SYSTEMPATH\Boot.php(417): CodeIgniter\CodeIgniter->run()
 5 SYSTEMPATH\Boot.php(68): CodeIgniter\Boot::runCodeIgniter(Object(CodeIgniter\CodeIgniter))
 6 FCPATH\index.php(59): CodeIgniter\Boot::bootWeb(Object(Config\Paths))
 7 SYSTEMPATH\rewrite.php(44): require_once('C:\\laragon\\data\\kainkita\\public\\index.php')
WARNING - 2026-05-17 05:18:49 --> [DEPRECATED] Creation of dynamic property Modul\My_orders\Controllers\My_orders::$uri is deprecated in APPPATH\Controllers\BaseController.php on line 51.
 1 SYSTEMPATH\CodeIgniter.php(922): App\Controllers\BaseController->initController(Object(CodeIgniter\HTTP\IncomingRequest), Object(CodeIgniter\HTTP\Response), Object(CodeIgniter\Log\Logger))
 2 SYSTEMPATH\CodeIgniter.php(488): CodeIgniter\CodeIgniter->createController()
 3 SYSTEMPATH\CodeIgniter.php(340): CodeIgniter\CodeIgniter->handleRequest(null, Object(Config\Cache), false)
 4 SYSTEMPATH\Boot.php(417): CodeIgniter\CodeIgniter->run()
 5 SYSTEMPATH\Boot.php(68): CodeIgniter\Boot::runCodeIgniter(Object(CodeIgniter\CodeIgniter))
 6 FCPATH\index.php(59): CodeIgniter\Boot::bootWeb(Object(Config\Paths))
 7 SYSTEMPATH\rewrite.php(44): require_once('C:\\laragon\\data\\kainkita\\public\\index.php')
WARNING - 2026-05-17 05:18:49 --> [DEPRECATED] Creation of dynamic property Modul\My_orders\Controllers\My_orders::$pager is deprecated in APPPATH\Controllers\BaseController.php on line 52.
 1 SYSTEMPATH\CodeIgniter.php(922): App\Controllers\BaseController->initController(Object(CodeIgniter\HTTP\IncomingRequest), Object(CodeIgniter\HTTP\Response), Object(CodeIgniter\Log\Logger))
 2 SYSTEMPATH\CodeIgniter.php(488): CodeIgniter\CodeIgniter->createController()
 3 SYSTEMPATH\CodeIgniter.php(340): CodeIgniter\CodeIgniter->handleRequest(null, Object(Config\Cache), false)
 4 SYSTEMPATH\Boot.php(417): CodeIgniter\CodeIgniter->run()
 5 SYSTEMPATH\Boot.php(68): CodeIgniter\Boot::runCodeIgniter(Object(CodeIgniter\CodeIgniter))
 6 FCPATH\index.php(59): CodeIgniter\Boot::bootWeb(Object(Config\Paths))
 7 SYSTEMPATH\rewrite.php(44): require_once('C:\\laragon\\data\\kainkita\\public\\index.php')
CRITICAL - 2026-05-17 05:18:49 --> CodeIgniter\View\Exceptions\ViewException: Invalid file: "Modul\My_orders\Views\viewOrders_list.php"
[Method: GET, Route: my-orders]
in SYSTEMPATH\Exceptions\FrameworkException.php on line 39.
 1 SYSTEMPATH\View\View.php(226): CodeIgniter\Exceptions\FrameworkException::forInvalidFile('Modul\\My_orders\\Views\\viewOrders_list.php')
 2 SYSTEMPATH\Common.php(1250): CodeIgniter\View\View->render('Modul\\My_orders\\Views\\viewOrders_list', [], true)
 3 ROOTPATH\modul\My_orders\Views\viewOrders.php(159): view('Modul\\My_orders\\Views\\viewOrders_list', [...])
 4 SYSTEMPATH\View\View.php(238): include('C:\\laragon\\data\\kainkita\\modul\\My_orders\\Views\\viewOrders.php')
 5 SYSTEMPATH\View\View.php(241): CodeIgniter\View\View->CodeIgniter\View\{closure}()
 6 SYSTEMPATH\Common.php(1250): CodeIgniter\View\View->render('Modul\\My_orders\\Views\\viewOrders', [], true)
 7 ROOTPATH\modul\My_orders\Controllers\My_orders.php(49): view('Modul\\My_orders\\Views\\viewOrders', [...])
 8 SYSTEMPATH\CodeIgniter.php(951): Modul\My_orders\Controllers\My_orders->index()
 9 SYSTEMPATH\CodeIgniter.php(497): CodeIgniter\CodeIgniter->runController(Object(Modul\My_orders\Controllers\My_orders))
10 SYSTEMPATH\CodeIgniter.php(340): CodeIgniter\CodeIgniter->handleRequest(null, Object(Config\Cache), false)
11 SYSTEMPATH\Boot.php(417): CodeIgniter\CodeIgniter->run()
12 SYSTEMPATH\Boot.php(68): CodeIgniter\Boot::runCodeIgniter(Object(CodeIgniter\CodeIgniter))
13 FCPATH\index.php(59): CodeIgniter\Boot::bootWeb(Object(Config\Paths))
14 SYSTEMPATH\rewrite.php(44): require_once('C:\\laragon\\data\\kainkita\\public\\index.php')
DEBUG - 2026-05-17 05:19:13 --> Session: Class initialized using 'CodeIgniter\Session\Handlers\FileHandler' driver.
WARNING - 2026-05-17 05:19:13 --> [DEPRECATED] Creation of dynamic property Modul\My_orders\Controllers\My_orders::$customers is deprecated in ROOTPATH\modul\My_orders\Controllers\My_orders.php on line 12.
 1 SYSTEMPATH\CodeIgniter.php(921): Modul\My_orders\Controllers\My_orders->__construct()
 2 SYSTEMPATH\CodeIgniter.php(488): CodeIgniter\CodeIgniter->createController()
 3 SYSTEMPATH\CodeIgniter.php(340): CodeIgniter\CodeIgniter->handleRequest(null, Object(Config\Cache), false)
 4 SYSTEMPATH\Boot.php(417): CodeIgniter\CodeIgniter->run()
 5 SYSTEMPATH\Boot.php(68): CodeIgniter\Boot::runCodeIgniter(Object(CodeIgniter\CodeIgniter))
 6 FCPATH\index.php(59): CodeIgniter\Boot::bootWeb(Object(Config\Paths))
 7 SYSTEMPATH\rewrite.php(44): require_once('C:\\laragon\\data\\kainkita\\public\\index.php')
WARNING - 2026-05-17 05:19:13 --> [DEPRECATED] Creation of dynamic property Modul\My_orders\Controllers\My_orders::$session is deprecated in APPPATH\Controllers\BaseController.php on line 47.
 1 SYSTEMPATH\CodeIgniter.php(922): App\Controllers\BaseController->initController(Object(CodeIgniter\HTTP\IncomingRequest), Object(CodeIgniter\HTTP\Response), Object(CodeIgniter\Log\Logger))
 2 SYSTEMPATH\CodeIgniter.php(488): CodeIgniter\CodeIgniter->createController()
 3 SYSTEMPATH\CodeIgniter.php(340): CodeIgniter\CodeIgniter->handleRequest(null, Object(Config\Cache), false)
 4 SYSTEMPATH\Boot.php(417): CodeIgniter\CodeIgniter->run()
 5 SYSTEMPATH\Boot.php(68): CodeIgniter\Boot::runCodeIgniter(Object(CodeIgniter\CodeIgniter))
 6 FCPATH\index.php(59): CodeIgniter\Boot::bootWeb(Object(Config\Paths))
 7 SYSTEMPATH\rewrite.php(44): require_once('C:\\laragon\\data\\kainkita\\public\\index.php')
WARNING - 2026-05-17 05:19:14 --> [DEPRECATED] Creation of dynamic property Modul\My_orders\Controllers\My_orders::$validation is deprecated in APPPATH\Controllers\BaseController.php on line 48.
 1 SYSTEMPATH\CodeIgniter.php(922): App\Controllers\BaseController->initController(Object(CodeIgniter\HTTP\IncomingRequest), Object(CodeIgniter\HTTP\Response), Object(CodeIgniter\Log\Logger))
 2 SYSTEMPATH\CodeIgniter.php(488): CodeIgniter\CodeIgniter->createController()
 3 SYSTEMPATH\CodeIgniter.php(340): CodeIgniter\CodeIgniter->handleRequest(null, Object(Config\Cache), false)
 4 SYSTEMPATH\Boot.php(417): CodeIgniter\CodeIgniter->run()
 5 SYSTEMPATH\Boot.php(68): CodeIgniter\Boot::runCodeIgniter(Object(CodeIgniter\CodeIgniter))
 6 FCPATH\index.php(59): CodeIgniter\Boot::bootWeb(Object(Config\Paths))
 7 SYSTEMPATH\rewrite.php(44): require_once('C:\\laragon\\data\\kainkita\\public\\index.php')
WARNING - 2026-05-17 05:19:14 --> [DEPRECATED] Creation of dynamic property Modul\My_orders\Controllers\My_orders::$db is deprecated in APPPATH\Controllers\BaseController.php on line 50.
 1 SYSTEMPATH\CodeIgniter.php(922): App\Controllers\BaseController->initController(Object(CodeIgniter\HTTP\IncomingRequest), Object(CodeIgniter\HTTP\Response), Object(CodeIgniter\Log\Logger))
 2 SYSTEMPATH\CodeIgniter.php(488): CodeIgniter\CodeIgniter->createController()
 3 SYSTEMPATH\CodeIgniter.php(340): CodeIgniter\CodeIgniter->handleRequest(null, Object(Config\Cache), false)
 4 SYSTEMPATH\Boot.php(417): CodeIgniter\CodeIgniter->run()
 5 SYSTEMPATH\Boot.php(68): CodeIgniter\Boot::runCodeIgniter(Object(CodeIgniter\CodeIgniter))
 6 FCPATH\index.php(59): CodeIgniter\Boot::bootWeb(Object(Config\Paths))
 7 SYSTEMPATH\rewrite.php(44): require_once('C:\\laragon\\data\\kainkita\\public\\index.php')
WARNING - 2026-05-17 05:19:14 --> [DEPRECATED] Creation of dynamic property Modul\My_orders\Controllers\My_orders::$uri is deprecated in APPPATH\Controllers\BaseController.php on line 51.
 1 SYSTEMPATH\CodeIgniter.php(922): App\Controllers\BaseController->initController(Object(CodeIgniter\HTTP\IncomingRequest), Object(CodeIgniter\HTTP\Response), Object(CodeIgniter\Log\Logger))
 2 SYSTEMPATH\CodeIgniter.php(488): CodeIgniter\CodeIgniter->createController()
 3 SYSTEMPATH\CodeIgniter.php(340): CodeIgniter\CodeIgniter->handleRequest(null, Object(Config\Cache), false)
 4 SYSTEMPATH\Boot.php(417): CodeIgniter\CodeIgniter->run()
 5 SYSTEMPATH\Boot.php(68): CodeIgniter\Boot::runCodeIgniter(Object(CodeIgniter\CodeIgniter))
 6 FCPATH\index.php(59): CodeIgniter\Boot::bootWeb(Object(Config\Paths))
 7 SYSTEMPATH\rewrite.php(44): require_once('C:\\laragon\\data\\kainkita\\public\\index.php')
WARNING - 2026-05-17 05:19:14 --> [DEPRECATED] Creation of dynamic property Modul\My_orders\Controllers\My_orders::$pager is deprecated in APPPATH\Controllers\BaseController.php on line 52.
 1 SYSTEMPATH\CodeIgniter.php(922): App\Controllers\BaseController->initController(Object(CodeIgniter\HTTP\IncomingRequest), Object(CodeIgniter\HTTP\Response), Object(CodeIgniter\Log\Logger))
 2 SYSTEMPATH\CodeIgniter.php(488): CodeIgniter\CodeIgniter->createController()
 3 SYSTEMPATH\CodeIgniter.php(340): CodeIgniter\CodeIgniter->handleRequest(null, Object(Config\Cache), false)
 4 SYSTEMPATH\Boot.php(417): CodeIgniter\CodeIgniter->run()
 5 SYSTEMPATH\Boot.php(68): CodeIgniter\Boot::runCodeIgniter(Object(CodeIgniter\CodeIgniter))
 6 FCPATH\index.php(59): CodeIgniter\Boot::bootWeb(Object(Config\Paths))
 7 SYSTEMPATH\rewrite.php(44): require_once('C:\\laragon\\data\\kainkita\\public\\index.php')
WARNING - 2026-05-17 05:19:14 --> [DEPRECATED] Creation of dynamic property CodeIgniter\View\View::$db is deprecated in APPPATH\Views\layout\template.php on line 4.
 1 SYSTEMPATH\View\View.php(238): include('C:\\laragon\\data\\kainkita\\app\\Views\\layout\\template.php')
 2 SYSTEMPATH\View\View.php(241): CodeIgniter\View\View->CodeIgniter\View\{closure}()
 3 SYSTEMPATH\View\View.php(254): CodeIgniter\View\View->render('layout/template', [], true)
 4 SYSTEMPATH\Common.php(1250): CodeIgniter\View\View->render('Modul\\My_orders\\Views\\viewOrders', [], true)
 5 ROOTPATH\modul\My_orders\Controllers\My_orders.php(49): view('Modul\\My_orders\\Views\\viewOrders', [...])
 6 SYSTEMPATH\CodeIgniter.php(951): Modul\My_orders\Controllers\My_orders->index()
 7 SYSTEMPATH\CodeIgniter.php(497): CodeIgniter\CodeIgniter->runController(Object(Modul\My_orders\Controllers\My_orders))
 8 SYSTEMPATH\CodeIgniter.php(340): CodeIgniter\CodeIgniter->handleRequest(null, Object(Config\Cache), false)
 9 SYSTEMPATH\Boot.php(417): CodeIgniter\CodeIgniter->run()
10 SYSTEMPATH\Boot.php(68): CodeIgniter\Boot::runCodeIgniter(Object(CodeIgniter\CodeIgniter))
11 FCPATH\index.php(59): CodeIgniter\Boot::bootWeb(Object(Config\Paths))
12 SYSTEMPATH\rewrite.php(44): require_once('C:\\laragon\\data\\kainkita\\public\\index.php')
DEBUG - 2026-05-17 05:19:15 --> Session: Class initialized using 'CodeIgniter\Session\Handlers\FileHandler' driver.
WARNING - 2026-05-17 05:19:15 --> [DEPRECATED] Creation of dynamic property Modul\Carts\Controllers\Carts::$session is deprecated in APPPATH\Controllers\BaseController.php on line 47.
 1 SYSTEMPATH\CodeIgniter.php(922): App\Controllers\BaseController->initController(Object(CodeIgniter\HTTP\IncomingRequest), Object(CodeIgniter\HTTP\Response), Object(CodeIgniter\Log\Logger))
 2 SYSTEMPATH\CodeIgniter.php(488): CodeIgniter\CodeIgniter->createController()
 3 SYSTEMPATH\CodeIgniter.php(340): CodeIgniter\CodeIgniter->handleRequest(null, Object(Config\Cache), false)
 4 SYSTEMPATH\Boot.php(417): CodeIgniter\CodeIgniter->run()
 5 SYSTEMPATH\Boot.php(68): CodeIgniter\Boot::runCodeIgniter(Object(CodeIgniter\CodeIgniter))
 6 FCPATH\index.php(59): CodeIgniter\Boot::bootWeb(Object(Config\Paths))
 7 SYSTEMPATH\rewrite.php(44): require_once('C:\\laragon\\data\\kainkita\\public\\index.php')
WARNING - 2026-05-17 05:19:15 --> [DEPRECATED] Creation of dynamic property Modul\Carts\Controllers\Carts::$validation is deprecated in APPPATH\Controllers\BaseController.php on line 48.
 1 SYSTEMPATH\CodeIgniter.php(922): App\Controllers\BaseController->initController(Object(CodeIgniter\HTTP\IncomingRequest), Object(CodeIgniter\HTTP\Response), Object(CodeIgniter\Log\Logger))
 2 SYSTEMPATH\CodeIgniter.php(488): CodeIgniter\CodeIgniter->createController()
 3 SYSTEMPATH\CodeIgniter.php(340): CodeIgniter\CodeIgniter->handleRequest(null, Object(Config\Cache), false)
 4 SYSTEMPATH\Boot.php(417): CodeIgniter\CodeIgniter->run()
 5 SYSTEMPATH\Boot.php(68): CodeIgniter\Boot::runCodeIgniter(Object(CodeIgniter\CodeIgniter))
 6 FCPATH\index.php(59): CodeIgniter\Boot::bootWeb(Object(Config\Paths))
 7 SYSTEMPATH\rewrite.php(44): require_once('C:\\laragon\\data\\kainkita\\public\\index.php')
WARNING - 2026-05-17 05:19:15 --> [DEPRECATED] Creation of dynamic property Modul\Carts\Controllers\Carts::$db is deprecated in APPPATH\Controllers\BaseController.php on line 50.
 1 SYSTEMPATH\CodeIgniter.php(922): App\Controllers\BaseController->initController(Object(CodeIgniter\HTTP\IncomingRequest), Object(CodeIgniter\HTTP\Response), Object(CodeIgniter\Log\Logger))
 2 SYSTEMPATH\CodeIgniter.php(488): CodeIgniter\CodeIgniter->createController()
 3 SYSTEMPATH\CodeIgniter.php(340): CodeIgniter\CodeIgniter->handleRequest(null, Object(Config\Cache), false)
 4 SYSTEMPATH\Boot.php(417): CodeIgniter\CodeIgniter->run()
 5 SYSTEMPATH\Boot.php(68): CodeIgniter\Boot::runCodeIgniter(Object(CodeIgniter\CodeIgniter))
 6 FCPATH\index.php(59): CodeIgniter\Boot::bootWeb(Object(Config\Paths))
 7 SYSTEMPATH\rewrite.php(44): require_once('C:\\laragon\\data\\kainkita\\public\\index.php')
WARNING - 2026-05-17 05:19:15 --> [DEPRECATED] Creation of dynamic property Modul\Carts\Controllers\Carts::$uri is deprecated in APPPATH\Controllers\BaseController.php on line 51.
 1 SYSTEMPATH\CodeIgniter.php(922): App\Controllers\BaseController->initController(Object(CodeIgniter\HTTP\IncomingRequest), Object(CodeIgniter\HTTP\Response), Object(CodeIgniter\Log\Logger))
 2 SYSTEMPATH\CodeIgniter.php(488): CodeIgniter\CodeIgniter->createController()
 3 SYSTEMPATH\CodeIgniter.php(340): CodeIgniter\CodeIgniter->handleRequest(null, Object(Config\Cache), false)
 4 SYSTEMPATH\Boot.php(417): CodeIgniter\CodeIgniter->run()
 5 SYSTEMPATH\Boot.php(68): CodeIgniter\Boot::runCodeIgniter(Object(CodeIgniter\CodeIgniter))
 6 FCPATH\index.php(59): CodeIgniter\Boot::bootWeb(Object(Config\Paths))
 7 SYSTEMPATH\rewrite.php(44): require_once('C:\\laragon\\data\\kainkita\\public\\index.php')
WARNING - 2026-05-17 05:19:15 --> [DEPRECATED] Creation of dynamic property Modul\Carts\Controllers\Carts::$pager is deprecated in APPPATH\Controllers\BaseController.php on line 52.
 1 SYSTEMPATH\CodeIgniter.php(922): App\Controllers\BaseController->initController(Object(CodeIgniter\HTTP\IncomingRequest), Object(CodeIgniter\HTTP\Response), Object(CodeIgniter\Log\Logger))
 2 SYSTEMPATH\CodeIgniter.php(488): CodeIgniter\CodeIgniter->createController()
 3 SYSTEMPATH\CodeIgniter.php(340): CodeIgniter\CodeIgniter->handleRequest(null, Object(Config\Cache), false)
 4 SYSTEMPATH\Boot.php(417): CodeIgniter\CodeIgniter->run()
 5 SYSTEMPATH\Boot.php(68): CodeIgniter\Boot::runCodeIgniter(Object(CodeIgniter\CodeIgniter))
 6 FCPATH\index.php(59): CodeIgniter\Boot::bootWeb(Object(Config\Paths))
 7 SYSTEMPATH\rewrite.php(44): require_once('C:\\laragon\\data\\kainkita\\public\\index.php')
DEBUG - 2026-05-17 05:19:15 --> Session: Class initialized using 'CodeIgniter\Session\Handlers\FileHandler' driver.
WARNING - 2026-05-17 05:19:15 --> [DEPRECATED] Creation of dynamic property Modul\Wishlists\Controllers\Wishlists::$session is deprecated in APPPATH\Controllers\BaseController.php on line 47.
 1 SYSTEMPATH\CodeIgniter.php(922): App\Controllers\BaseController->initController(Object(CodeIgniter\HTTP\IncomingRequest), Object(CodeIgniter\HTTP\Response), Object(CodeIgniter\Log\Logger))
 2 SYSTEMPATH\CodeIgniter.php(488): CodeIgniter\CodeIgniter->createController()
 3 SYSTEMPATH\CodeIgniter.php(340): CodeIgniter\CodeIgniter->handleRequest(null, Object(Config\Cache), false)
 4 SYSTEMPATH\Boot.php(417): CodeIgniter\CodeIgniter->run()
 5 SYSTEMPATH\Boot.php(68): CodeIgniter\Boot::runCodeIgniter(Object(CodeIgniter\CodeIgniter))
 6 FCPATH\index.php(59): CodeIgniter\Boot::bootWeb(Object(Config\Paths))
 7 SYSTEMPATH\rewrite.php(44): require_once('C:\\laragon\\data\\kainkita\\public\\index.php')
WARNING - 2026-05-17 05:19:15 --> [DEPRECATED] Creation of dynamic property Modul\Wishlists\Controllers\Wishlists::$validation is deprecated in APPPATH\Controllers\BaseController.php on line 48.
 1 SYSTEMPATH\CodeIgniter.php(922): App\Controllers\BaseController->initController(Object(CodeIgniter\HTTP\IncomingRequest), Object(CodeIgniter\HTTP\Response), Object(CodeIgniter\Log\Logger))
 2 SYSTEMPATH\CodeIgniter.php(488): CodeIgniter\CodeIgniter->createController()
 3 SYSTEMPATH\CodeIgniter.php(340): CodeIgniter\CodeIgniter->handleRequest(null, Object(Config\Cache), false)
 4 SYSTEMPATH\Boot.php(417): CodeIgniter\CodeIgniter->run()
 5 SYSTEMPATH\Boot.php(68): CodeIgniter\Boot::runCodeIgniter(Object(CodeIgniter\CodeIgniter))
 6 FCPATH\index.php(59): CodeIgniter\Boot::bootWeb(Object(Config\Paths))
 7 SYSTEMPATH\rewrite.php(44): require_once('C:\\laragon\\data\\kainkita\\public\\index.php')
WARNING - 2026-05-17 05:19:15 --> [DEPRECATED] Creation of dynamic property Modul\Wishlists\Controllers\Wishlists::$db is deprecated in APPPATH\Controllers\BaseController.php on line 50.
 1 SYSTEMPATH\CodeIgniter.php(922): App\Controllers\BaseController->initController(Object(CodeIgniter\HTTP\IncomingRequest), Object(CodeIgniter\HTTP\Response), Object(CodeIgniter\Log\Logger))
 2 SYSTEMPATH\CodeIgniter.php(488): CodeIgniter\CodeIgniter->createController()
 3 SYSTEMPATH\CodeIgniter.php(340): CodeIgniter\CodeIgniter->handleRequest(null, Object(Config\Cache), false)
 4 SYSTEMPATH\Boot.php(417): CodeIgniter\CodeIgniter->run()
 5 SYSTEMPATH\Boot.php(68): CodeIgniter\Boot::runCodeIgniter(Object(CodeIgniter\CodeIgniter))
 6 FCPATH\index.php(59): CodeIgniter\Boot::bootWeb(Object(Config\Paths))
 7 SYSTEMPATH\rewrite.php(44): require_once('C:\\laragon\\data\\kainkita\\public\\index.php')
WARNING - 2026-05-17 05:19:15 --> [DEPRECATED] Creation of dynamic property Modul\Wishlists\Controllers\Wishlists::$uri is deprecated in APPPATH\Controllers\BaseController.php on line 51.
 1 SYSTEMPATH\CodeIgniter.php(922): App\Controllers\BaseController->initController(Object(CodeIgniter\HTTP\IncomingRequest), Object(CodeIgniter\HTTP\Response), Object(CodeIgniter\Log\Logger))
 2 SYSTEMPATH\CodeIgniter.php(488): CodeIgniter\CodeIgniter->createController()
 3 SYSTEMPATH\CodeIgniter.php(340): CodeIgniter\CodeIgniter->handleRequest(null, Object(Config\Cache), false)
 4 SYSTEMPATH\Boot.php(417): CodeIgniter\CodeIgniter->run()
 5 SYSTEMPATH\Boot.php(68): CodeIgniter\Boot::runCodeIgniter(Object(CodeIgniter\CodeIgniter))
 6 FCPATH\index.php(59): CodeIgniter\Boot::bootWeb(Object(Config\Paths))
 7 SYSTEMPATH\rewrite.php(44): require_once('C:\\laragon\\data\\kainkita\\public\\index.php')
WARNING - 2026-05-17 05:19:15 --> [DEPRECATED] Creation of dynamic property Modul\Wishlists\Controllers\Wishlists::$pager is deprecated in APPPATH\Controllers\BaseController.php on line 52.
 1 SYSTEMPATH\CodeIgniter.php(922): App\Controllers\BaseController->initController(Object(CodeIgniter\HTTP\IncomingRequest), Object(CodeIgniter\HTTP\Response), Object(CodeIgniter\Log\Logger))
 2 SYSTEMPATH\CodeIgniter.php(488): CodeIgniter\CodeIgniter->createController()
 3 SYSTEMPATH\CodeIgniter.php(340): CodeIgniter\CodeIgniter->handleRequest(null, Object(Config\Cache), false)
 4 SYSTEMPATH\Boot.php(417): CodeIgniter\CodeIgniter->run()
 5 SYSTEMPATH\Boot.php(68): CodeIgniter\Boot::runCodeIgniter(Object(CodeIgniter\CodeIgniter))
 6 FCPATH\index.php(59): CodeIgniter\Boot::bootWeb(Object(Config\Paths))
 7 SYSTEMPATH\rewrite.php(44): require_once('C:\\laragon\\data\\kainkita\\public\\index.php')
DEBUG - 2026-05-17 05:19:19 --> Session: Class initialized using 'CodeIgniter\Session\Handlers\FileHandler' driver.
WARNING - 2026-05-17 05:19:19 --> [DEPRECATED] Creation of dynamic property Modul\My_orders\Controllers\My_orders::$customers is deprecated in ROOTPATH\modul\My_orders\Controllers\My_orders.php on line 12.
 1 SYSTEMPATH\CodeIgniter.php(921): Modul\My_orders\Controllers\My_orders->__construct()
 2 SYSTEMPATH\CodeIgniter.php(488): CodeIgniter\CodeIgniter->createController()
 3 SYSTEMPATH\CodeIgniter.php(340): CodeIgniter\CodeIgniter->handleRequest(null, Object(Config\Cache), false)
 4 SYSTEMPATH\Boot.php(417): CodeIgniter\CodeIgniter->run()
 5 SYSTEMPATH\Boot.php(68): CodeIgniter\Boot::runCodeIgniter(Object(CodeIgniter\CodeIgniter))
 6 FCPATH\index.php(59): CodeIgniter\Boot::bootWeb(Object(Config\Paths))
 7 SYSTEMPATH\rewrite.php(44): require_once('C:\\laragon\\data\\kainkita\\public\\index.php')
WARNING - 2026-05-17 05:19:19 --> [DEPRECATED] Creation of dynamic property Modul\My_orders\Controllers\My_orders::$session is deprecated in APPPATH\Controllers\BaseController.php on line 47.
 1 SYSTEMPATH\CodeIgniter.php(922): App\Controllers\BaseController->initController(Object(CodeIgniter\HTTP\IncomingRequest), Object(CodeIgniter\HTTP\Response), Object(CodeIgniter\Log\Logger))
 2 SYSTEMPATH\CodeIgniter.php(488): CodeIgniter\CodeIgniter->createController()
 3 SYSTEMPATH\CodeIgniter.php(340): CodeIgniter\CodeIgniter->handleRequest(null, Object(Config\Cache), false)
 4 SYSTEMPATH\Boot.php(417): CodeIgniter\CodeIgniter->run()
 5 SYSTEMPATH\Boot.php(68): CodeIgniter\Boot::runCodeIgniter(Object(CodeIgniter\CodeIgniter))
 6 FCPATH\index.php(59): CodeIgniter\Boot::bootWeb(Object(Config\Paths))
 7 SYSTEMPATH\rewrite.php(44): require_once('C:\\laragon\\data\\kainkita\\public\\index.php')
WARNING - 2026-05-17 05:19:19 --> [DEPRECATED] Creation of dynamic property Modul\My_orders\Controllers\My_orders::$validation is deprecated in APPPATH\Controllers\BaseController.php on line 48.
 1 SYSTEMPATH\CodeIgniter.php(922): App\Controllers\BaseController->initController(Object(CodeIgniter\HTTP\IncomingRequest), Object(CodeIgniter\HTTP\Response), Object(CodeIgniter\Log\Logger))
 2 SYSTEMPATH\CodeIgniter.php(488): CodeIgniter\CodeIgniter->createController()
 3 SYSTEMPATH\CodeIgniter.php(340): CodeIgniter\CodeIgniter->handleRequest(null, Object(Config\Cache), false)
 4 SYSTEMPATH\Boot.php(417): CodeIgniter\CodeIgniter->run()
 5 SYSTEMPATH\Boot.php(68): CodeIgniter\Boot::runCodeIgniter(Object(CodeIgniter\CodeIgniter))
 6 FCPATH\index.php(59): CodeIgniter\Boot::bootWeb(Object(Config\Paths))
 7 SYSTEMPATH\rewrite.php(44): require_once('C:\\laragon\\data\\kainkita\\public\\index.php')
WARNING - 2026-05-17 05:19:19 --> [DEPRECATED] Creation of dynamic property Modul\My_orders\Controllers\My_orders::$db is deprecated in APPPATH\Controllers\BaseController.php on line 50.
 1 SYSTEMPATH\CodeIgniter.php(922): App\Controllers\BaseController->initController(Object(CodeIgniter\HTTP\IncomingRequest), Object(CodeIgniter\HTTP\Response), Object(CodeIgniter\Log\Logger))
 2 SYSTEMPATH\CodeIgniter.php(488): CodeIgniter\CodeIgniter->createController()
 3 SYSTEMPATH\CodeIgniter.php(340): CodeIgniter\CodeIgniter->handleRequest(null, Object(Config\Cache), false)
 4 SYSTEMPATH\Boot.php(417): CodeIgniter\CodeIgniter->run()
 5 SYSTEMPATH\Boot.php(68): CodeIgniter\Boot::runCodeIgniter(Object(CodeIgniter\CodeIgniter))
 6 FCPATH\index.php(59): CodeIgniter\Boot::bootWeb(Object(Config\Paths))
 7 SYSTEMPATH\rewrite.php(44): require_once('C:\\laragon\\data\\kainkita\\public\\index.php')
WARNING - 2026-05-17 05:19:19 --> [DEPRECATED] Creation of dynamic property Modul\My_orders\Controllers\My_orders::$uri is deprecated in APPPATH\Controllers\BaseController.php on line 51.
 1 SYSTEMPATH\CodeIgniter.php(922): App\Controllers\BaseController->initController(Object(CodeIgniter\HTTP\IncomingRequest), Object(CodeIgniter\HTTP\Response), Object(CodeIgniter\Log\Logger))
 2 SYSTEMPATH\CodeIgniter.php(488): CodeIgniter\CodeIgniter->createController()
 3 SYSTEMPATH\CodeIgniter.php(340): CodeIgniter\CodeIgniter->handleRequest(null, Object(Config\Cache), false)
 4 SYSTEMPATH\Boot.php(417): CodeIgniter\CodeIgniter->run()
 5 SYSTEMPATH\Boot.php(68): CodeIgniter\Boot::runCodeIgniter(Object(CodeIgniter\CodeIgniter))
 6 FCPATH\index.php(59): CodeIgniter\Boot::bootWeb(Object(Config\Paths))
 7 SYSTEMPATH\rewrite.php(44): require_once('C:\\laragon\\data\\kainkita\\public\\index.php')
WARNING - 2026-05-17 05:19:19 --> [DEPRECATED] Creation of dynamic property Modul\My_orders\Controllers\My_orders::$pager is deprecated in APPPATH\Controllers\BaseController.php on line 52.
 1 SYSTEMPATH\CodeIgniter.php(922): App\Controllers\BaseController->initController(Object(CodeIgniter\HTTP\IncomingRequest), Object(CodeIgniter\HTTP\Response), Object(CodeIgniter\Log\Logger))
 2 SYSTEMPATH\CodeIgniter.php(488): CodeIgniter\CodeIgniter->createController()
 3 SYSTEMPATH\CodeIgniter.php(340): CodeIgniter\CodeIgniter->handleRequest(null, Object(Config\Cache), false)
 4 SYSTEMPATH\Boot.php(417): CodeIgniter\CodeIgniter->run()
 5 SYSTEMPATH\Boot.php(68): CodeIgniter\Boot::runCodeIgniter(Object(CodeIgniter\CodeIgniter))
 6 FCPATH\index.php(59): CodeIgniter\Boot::bootWeb(Object(Config\Paths))
 7 SYSTEMPATH\rewrite.php(44): require_once('C:\\laragon\\data\\kainkita\\public\\index.php')
WARNING - 2026-05-17 05:19:19 --> [DEPRECATED] Creation of dynamic property CodeIgniter\View\View::$db is deprecated in APPPATH\Views\layout\template.php on line 4.
 1 SYSTEMPATH\View\View.php(238): include('C:\\laragon\\data\\kainkita\\app\\Views\\layout\\template.php')
 2 SYSTEMPATH\View\View.php(241): CodeIgniter\View\View->CodeIgniter\View\{closure}()
 3 SYSTEMPATH\View\View.php(254): CodeIgniter\View\View->render('layout/template', [], true)
 4 SYSTEMPATH\Common.php(1250): CodeIgniter\View\View->render('Modul\\My_orders\\Views\\viewOrders', [], true)
 5 ROOTPATH\modul\My_orders\Controllers\My_orders.php(49): view('Modul\\My_orders\\Views\\viewOrders', [...])
 6 SYSTEMPATH\CodeIgniter.php(951): Modul\My_orders\Controllers\My_orders->index()
 7 SYSTEMPATH\CodeIgniter.php(497): CodeIgniter\CodeIgniter->runController(Object(Modul\My_orders\Controllers\My_orders))
 8 SYSTEMPATH\CodeIgniter.php(340): CodeIgniter\CodeIgniter->handleRequest(null, Object(Config\Cache), false)
 9 SYSTEMPATH\Boot.php(417): CodeIgniter\CodeIgniter->run()
10 SYSTEMPATH\Boot.php(68): CodeIgniter\Boot::runCodeIgniter(Object(CodeIgniter\CodeIgniter))
11 FCPATH\index.php(59): CodeIgniter\Boot::bootWeb(Object(Config\Paths))
12 SYSTEMPATH\rewrite.php(44): require_once('C:\\laragon\\data\\kainkita\\public\\index.php')
DEBUG - 2026-05-17 05:19:21 --> Session: Class initialized using 'CodeIgniter\Session\Handlers\FileHandler' driver.
WARNING - 2026-05-17 05:19:21 --> [DEPRECATED] Creation of dynamic property Modul\Carts\Controllers\Carts::$session is deprecated in APPPATH\Controllers\BaseController.php on line 47.
 1 SYSTEMPATH\CodeIgniter.php(922): App\Controllers\BaseController->initController(Object(CodeIgniter\HTTP\IncomingRequest), Object(CodeIgniter\HTTP\Response), Object(CodeIgniter\Log\Logger))
 2 SYSTEMPATH\CodeIgniter.php(488): CodeIgniter\CodeIgniter->createController()
 3 SYSTEMPATH\CodeIgniter.php(340): CodeIgniter\CodeIgniter->handleRequest(null, Object(Config\Cache), false)
 4 SYSTEMPATH\Boot.php(417): CodeIgniter\CodeIgniter->run()
 5 SYSTEMPATH\Boot.php(68): CodeIgniter\Boot::runCodeIgniter(Object(CodeIgniter\CodeIgniter))
 6 FCPATH\index.php(59): CodeIgniter\Boot::bootWeb(Object(Config\Paths))
 7 SYSTEMPATH\rewrite.php(44): require_once('C:\\laragon\\data\\kainkita\\public\\index.php')
WARNING - 2026-05-17 05:19:21 --> [DEPRECATED] Creation of dynamic property Modul\Carts\Controllers\Carts::$validation is deprecated in APPPATH\Controllers\BaseController.php on line 48.
 1 SYSTEMPATH\CodeIgniter.php(922): App\Controllers\BaseController->initController(Object(CodeIgniter\HTTP\IncomingRequest), Object(CodeIgniter\HTTP\Response), Object(CodeIgniter\Log\Logger))
 2 SYSTEMPATH\CodeIgniter.php(488): CodeIgniter\CodeIgniter->createController()
 3 SYSTEMPATH\CodeIgniter.php(340): CodeIgniter\CodeIgniter->handleRequest(null, Object(Config\Cache), false)
 4 SYSTEMPATH\Boot.php(417): CodeIgniter\CodeIgniter->run()
 5 SYSTEMPATH\Boot.php(68): CodeIgniter\Boot::runCodeIgniter(Object(CodeIgniter\CodeIgniter))
 6 FCPATH\index.php(59): CodeIgniter\Boot::bootWeb(Object(Config\Paths))
 7 SYSTEMPATH\rewrite.php(44): require_once('C:\\laragon\\data\\kainkita\\public\\index.php')
WARNING - 2026-05-17 05:19:21 --> [DEPRECATED] Creation of dynamic property Modul\Carts\Controllers\Carts::$db is deprecated in APPPATH\Controllers\BaseController.php on line 50.
 1 SYSTEMPATH\CodeIgniter.php(922): App\Controllers\BaseController->initController(Object(CodeIgniter\HTTP\IncomingRequest), Object(CodeIgniter\HTTP\Response), Object(CodeIgniter\Log\Logger))
 2 SYSTEMPATH\CodeIgniter.php(488): CodeIgniter\CodeIgniter->createController()
 3 SYSTEMPATH\CodeIgniter.php(340): CodeIgniter\CodeIgniter->handleRequest(null, Object(Config\Cache), false)
 4 SYSTEMPATH\Boot.php(417): CodeIgniter\CodeIgniter->run()
 5 SYSTEMPATH\Boot.php(68): CodeIgniter\Boot::runCodeIgniter(Object(CodeIgniter\CodeIgniter))
 6 FCPATH\index.php(59): CodeIgniter\Boot::bootWeb(Object(Config\Paths))
 7 SYSTEMPATH\rewrite.php(44): require_once('C:\\laragon\\data\\kainkita\\public\\index.php')
WARNING - 2026-05-17 05:19:21 --> [DEPRECATED] Creation of dynamic property Modul\Carts\Controllers\Carts::$uri is deprecated in APPPATH\Controllers\BaseController.php on line 51.
 1 SYSTEMPATH\CodeIgniter.php(922): App\Controllers\BaseController->initController(Object(CodeIgniter\HTTP\IncomingRequest), Object(CodeIgniter\HTTP\Response), Object(CodeIgniter\Log\Logger))
 2 SYSTEMPATH\CodeIgniter.php(488): CodeIgniter\CodeIgniter->createController()
 3 SYSTEMPATH\CodeIgniter.php(340): CodeIgniter\CodeIgniter->handleRequest(null, Object(Config\Cache), false)
 4 SYSTEMPATH\Boot.php(417): CodeIgniter\CodeIgniter->run()
 5 SYSTEMPATH\Boot.php(68): CodeIgniter\Boot::runCodeIgniter(Object(CodeIgniter\CodeIgniter))
 6 FCPATH\index.php(59): CodeIgniter\Boot::bootWeb(Object(Config\Paths))
 7 SYSTEMPATH\rewrite.php(44): require_once('C:\\laragon\\data\\kainkita\\public\\index.php')
WARNING - 2026-05-17 05:19:21 --> [DEPRECATED] Creation of dynamic property Modul\Carts\Controllers\Carts::$pager is deprecated in APPPATH\Controllers\BaseController.php on line 52.
 1 SYSTEMPATH\CodeIgniter.php(922): App\Controllers\BaseController->initController(Object(CodeIgniter\HTTP\IncomingRequest), Object(CodeIgniter\HTTP\Response), Object(CodeIgniter\Log\Logger))
 2 SYSTEMPATH\CodeIgniter.php(488): CodeIgniter\CodeIgniter->createController()
 3 SYSTEMPATH\CodeIgniter.php(340): CodeIgniter\CodeIgniter->handleRequest(null, Object(Config\Cache), false)
 4 SYSTEMPATH\Boot.php(417): CodeIgniter\CodeIgniter->run()
 5 SYSTEMPATH\Boot.php(68): CodeIgniter\Boot::runCodeIgniter(Object(CodeIgniter\CodeIgniter))
 6 FCPATH\index.php(59): CodeIgniter\Boot::bootWeb(Object(Config\Paths))
 7 SYSTEMPATH\rewrite.php(44): require_once('C:\\laragon\\data\\kainkita\\public\\index.php')
DEBUG - 2026-05-17 05:19:21 --> Session: Class initialized using 'CodeIgniter\Session\Handlers\FileHandler' driver.
WARNING - 2026-05-17 05:19:21 --> [DEPRECATED] Creation of dynamic property Modul\Wishlists\Controllers\Wishlists::$session is deprecated in APPPATH\Controllers\BaseController.php on line 47.
 1 SYSTEMPATH\CodeIgniter.php(922): App\Controllers\BaseController->initController(Object(CodeIgniter\HTTP\IncomingRequest), Object(CodeIgniter\HTTP\Response), Object(CodeIgniter\Log\Logger))
 2 SYSTEMPATH\CodeIgniter.php(488): CodeIgniter\CodeIgniter->createController()
 3 SYSTEMPATH\CodeIgniter.php(340): CodeIgniter\CodeIgniter->handleRequest(null, Object(Config\Cache), false)
 4 SYSTEMPATH\Boot.php(417): CodeIgniter\CodeIgniter->run()
 5 SYSTEMPATH\Boot.php(68): CodeIgniter\Boot::runCodeIgniter(Object(CodeIgniter\CodeIgniter))
 6 FCPATH\index.php(59): CodeIgniter\Boot::bootWeb(Object(Config\Paths))
 7 SYSTEMPATH\rewrite.php(44): require_once('C:\\laragon\\data\\kainkita\\public\\index.php')
WARNING - 2026-05-17 05:19:21 --> [DEPRECATED] Creation of dynamic property Modul\Wishlists\Controllers\Wishlists::$validation is deprecated in APPPATH\Controllers\BaseController.php on line 48.
 1 SYSTEMPATH\CodeIgniter.php(922): App\Controllers\BaseController->initController(Object(CodeIgniter\HTTP\IncomingRequest), Object(CodeIgniter\HTTP\Response), Object(CodeIgniter\Log\Logger))
 2 SYSTEMPATH\CodeIgniter.php(488): CodeIgniter\CodeIgniter->createController()
 3 SYSTEMPATH\CodeIgniter.php(340): CodeIgniter\CodeIgniter->handleRequest(null, Object(Config\Cache), false)
 4 SYSTEMPATH\Boot.php(417): CodeIgniter\CodeIgniter->run()
 5 SYSTEMPATH\Boot.php(68): CodeIgniter\Boot::runCodeIgniter(Object(CodeIgniter\CodeIgniter))
 6 FCPATH\index.php(59): CodeIgniter\Boot::bootWeb(Object(Config\Paths))
 7 SYSTEMPATH\rewrite.php(44): require_once('C:\\laragon\\data\\kainkita\\public\\index.php')
WARNING - 2026-05-17 05:19:21 --> [DEPRECATED] Creation of dynamic property Modul\Wishlists\Controllers\Wishlists::$db is deprecated in APPPATH\Controllers\BaseController.php on line 50.
 1 SYSTEMPATH\CodeIgniter.php(922): App\Controllers\BaseController->initController(Object(CodeIgniter\HTTP\IncomingRequest), Object(CodeIgniter\HTTP\Response), Object(CodeIgniter\Log\Logger))
 2 SYSTEMPATH\CodeIgniter.php(488): CodeIgniter\CodeIgniter->createController()
 3 SYSTEMPATH\CodeIgniter.php(340): CodeIgniter\CodeIgniter->handleRequest(null, Object(Config\Cache), false)
 4 SYSTEMPATH\Boot.php(417): CodeIgniter\CodeIgniter->run()
 5 SYSTEMPATH\Boot.php(68): CodeIgniter\Boot::runCodeIgniter(Object(CodeIgniter\CodeIgniter))
 6 FCPATH\index.php(59): CodeIgniter\Boot::bootWeb(Object(Config\Paths))
 7 SYSTEMPATH\rewrite.php(44): require_once('C:\\laragon\\data\\kainkita\\public\\index.php')
WARNING - 2026-05-17 05:19:21 --> [DEPRECATED] Creation of dynamic property Modul\Wishlists\Controllers\Wishlists::$uri is deprecated in APPPATH\Controllers\BaseController.php on line 51.
 1 SYSTEMPATH\CodeIgniter.php(922): App\Controllers\BaseController->initController(Object(CodeIgniter\HTTP\IncomingRequest), Object(CodeIgniter\HTTP\Response), Object(CodeIgniter\Log\Logger))
 2 SYSTEMPATH\CodeIgniter.php(488): CodeIgniter\CodeIgniter->createController()
 3 SYSTEMPATH\CodeIgniter.php(340): CodeIgniter\CodeIgniter->handleRequest(null, Object(Config\Cache), false)
 4 SYSTEMPATH\Boot.php(417): CodeIgniter\CodeIgniter->run()
 5 SYSTEMPATH\Boot.php(68): CodeIgniter\Boot::runCodeIgniter(Object(CodeIgniter\CodeIgniter))
 6 FCPATH\index.php(59): CodeIgniter\Boot::bootWeb(Object(Config\Paths))
 7 SYSTEMPATH\rewrite.php(44): require_once('C:\\laragon\\data\\kainkita\\public\\index.php')
WARNING - 2026-05-17 05:19:21 --> [DEPRECATED] Creation of dynamic property Modul\Wishlists\Controllers\Wishlists::$pager is deprecated in APPPATH\Controllers\BaseController.php on line 52.
 1 SYSTEMPATH\CodeIgniter.php(922): App\Controllers\BaseController->initController(Object(CodeIgniter\HTTP\IncomingRequest), Object(CodeIgniter\HTTP\Response), Object(CodeIgniter\Log\Logger))
 2 SYSTEMPATH\CodeIgniter.php(488): CodeIgniter\CodeIgniter->createController()
 3 SYSTEMPATH\CodeIgniter.php(340): CodeIgniter\CodeIgniter->handleRequest(null, Object(Config\Cache), false)
 4 SYSTEMPATH\Boot.php(417): CodeIgniter\CodeIgniter->run()
 5 SYSTEMPATH\Boot.php(68): CodeIgniter\Boot::runCodeIgniter(Object(CodeIgniter\CodeIgniter))
 6 FCPATH\index.php(59): CodeIgniter\Boot::bootWeb(Object(Config\Paths))
 7 SYSTEMPATH\rewrite.php(44): require_once('C:\\laragon\\data\\kainkita\\public\\index.php')
DEBUG - 2026-05-17 05:23:40 --> Session: Class initialized using 'CodeIgniter\Session\Handlers\FileHandler' driver.
WARNING - 2026-05-17 05:23:40 --> [DEPRECATED] Creation of dynamic property Modul\Wishlists\Controllers\Wishlists::$wishlist is deprecated in ROOTPATH\modul\Wishlists\Controllers\Wishlists.php on line 13.
 1 SYSTEMPATH\CodeIgniter.php(921): Modul\Wishlists\Controllers\Wishlists->__construct()
 2 SYSTEMPATH\CodeIgniter.php(488): CodeIgniter\CodeIgniter->createController()
 3 SYSTEMPATH\CodeIgniter.php(340): CodeIgniter\CodeIgniter->handleRequest(null, Object(Config\Cache), false)
 4 SYSTEMPATH\Boot.php(417): CodeIgniter\CodeIgniter->run()
 5 SYSTEMPATH\Boot.php(68): CodeIgniter\Boot::runCodeIgniter(Object(CodeIgniter\CodeIgniter))
 6 FCPATH\index.php(59): CodeIgniter\Boot::bootWeb(Object(Config\Paths))
 7 SYSTEMPATH\rewrite.php(44): require_once('C:\\laragon\\data\\kainkita\\public\\index.php')
WARNING - 2026-05-17 05:23:40 --> [DEPRECATED] Creation of dynamic property Modul\Wishlists\Controllers\Wishlists::$customers is deprecated in ROOTPATH\modul\Wishlists\Controllers\Wishlists.php on line 14.
 1 SYSTEMPATH\CodeIgniter.php(921): Modul\Wishlists\Controllers\Wishlists->__construct()
 2 SYSTEMPATH\CodeIgniter.php(488): CodeIgniter\CodeIgniter->createController()
 3 SYSTEMPATH\CodeIgniter.php(340): CodeIgniter\CodeIgniter->handleRequest(null, Object(Config\Cache), false)
 4 SYSTEMPATH\Boot.php(417): CodeIgniter\CodeIgniter->run()
 5 SYSTEMPATH\Boot.php(68): CodeIgniter\Boot::runCodeIgniter(Object(CodeIgniter\CodeIgniter))
 6 FCPATH\index.php(59): CodeIgniter\Boot::bootWeb(Object(Config\Paths))
 7 SYSTEMPATH\rewrite.php(44): require_once('C:\\laragon\\data\\kainkita\\public\\index.php')
WARNING - 2026-05-17 05:23:40 --> [DEPRECATED] Creation of dynamic property Modul\Wishlists\Controllers\Wishlists::$session is deprecated in APPPATH\Controllers\BaseController.php on line 47.
 1 SYSTEMPATH\CodeIgniter.php(922): App\Controllers\BaseController->initController(Object(CodeIgniter\HTTP\IncomingRequest), Object(CodeIgniter\HTTP\Response), Object(CodeIgniter\Log\Logger))
 2 SYSTEMPATH\CodeIgniter.php(488): CodeIgniter\CodeIgniter->createController()
 3 SYSTEMPATH\CodeIgniter.php(340): CodeIgniter\CodeIgniter->handleRequest(null, Object(Config\Cache), false)
 4 SYSTEMPATH\Boot.php(417): CodeIgniter\CodeIgniter->run()
 5 SYSTEMPATH\Boot.php(68): CodeIgniter\Boot::runCodeIgniter(Object(CodeIgniter\CodeIgniter))
 6 FCPATH\index.php(59): CodeIgniter\Boot::bootWeb(Object(Config\Paths))
 7 SYSTEMPATH\rewrite.php(44): require_once('C:\\laragon\\data\\kainkita\\public\\index.php')
WARNING - 2026-05-17 05:23:40 --> [DEPRECATED] Creation of dynamic property Modul\Wishlists\Controllers\Wishlists::$validation is deprecated in APPPATH\Controllers\BaseController.php on line 48.
 1 SYSTEMPATH\CodeIgniter.php(922): App\Controllers\BaseController->initController(Object(CodeIgniter\HTTP\IncomingRequest), Object(CodeIgniter\HTTP\Response), Object(CodeIgniter\Log\Logger))
 2 SYSTEMPATH\CodeIgniter.php(488): CodeIgniter\CodeIgniter->createController()
 3 SYSTEMPATH\CodeIgniter.php(340): CodeIgniter\CodeIgniter->handleRequest(null, Object(Config\Cache), false)
 4 SYSTEMPATH\Boot.php(417): CodeIgniter\CodeIgniter->run()
 5 SYSTEMPATH\Boot.php(68): CodeIgniter\Boot::runCodeIgniter(Object(CodeIgniter\CodeIgniter))
 6 FCPATH\index.php(59): CodeIgniter\Boot::bootWeb(Object(Config\Paths))
 7 SYSTEMPATH\rewrite.php(44): require_once('C:\\laragon\\data\\kainkita\\public\\index.php')
WARNING - 2026-05-17 05:23:40 --> [DEPRECATED] Creation of dynamic property Modul\Wishlists\Controllers\Wishlists::$db is deprecated in APPPATH\Controllers\BaseController.php on line 50.
 1 SYSTEMPATH\CodeIgniter.php(922): App\Controllers\BaseController->initController(Object(CodeIgniter\HTTP\IncomingRequest), Object(CodeIgniter\HTTP\Response), Object(CodeIgniter\Log\Logger))
 2 SYSTEMPATH\CodeIgniter.php(488): CodeIgniter\CodeIgniter->createController()
 3 SYSTEMPATH\CodeIgniter.php(340): CodeIgniter\CodeIgniter->handleRequest(null, Object(Config\Cache), false)
 4 SYSTEMPATH\Boot.php(417): CodeIgniter\CodeIgniter->run()
 5 SYSTEMPATH\Boot.php(68): CodeIgniter\Boot::runCodeIgniter(Object(CodeIgniter\CodeIgniter))
 6 FCPATH\index.php(59): CodeIgniter\Boot::bootWeb(Object(Config\Paths))
 7 SYSTEMPATH\rewrite.php(44): require_once('C:\\laragon\\data\\kainkita\\public\\index.php')
WARNING - 2026-05-17 05:23:40 --> [DEPRECATED] Creation of dynamic property Modul\Wishlists\Controllers\Wishlists::$uri is deprecated in APPPATH\Controllers\BaseController.php on line 51.
 1 SYSTEMPATH\CodeIgniter.php(922): App\Controllers\BaseController->initController(Object(CodeIgniter\HTTP\IncomingRequest), Object(CodeIgniter\HTTP\Response), Object(CodeIgniter\Log\Logger))
 2 SYSTEMPATH\CodeIgniter.php(488): CodeIgniter\CodeIgniter->createController()
 3 SYSTEMPATH\CodeIgniter.php(340): CodeIgniter\CodeIgniter->handleRequest(null, Object(Config\Cache), false)
 4 SYSTEMPATH\Boot.php(417): CodeIgniter\CodeIgniter->run()
 5 SYSTEMPATH\Boot.php(68): CodeIgniter\Boot::runCodeIgniter(Object(CodeIgniter\CodeIgniter))
 6 FCPATH\index.php(59): CodeIgniter\Boot::bootWeb(Object(Config\Paths))
 7 SYSTEMPATH\rewrite.php(44): require_once('C:\\laragon\\data\\kainkita\\public\\index.php')
WARNING - 2026-05-17 05:23:40 --> [DEPRECATED] Creation of dynamic property Modul\Wishlists\Controllers\Wishlists::$pager is deprecated in APPPATH\Controllers\BaseController.php on line 52.
 1 SYSTEMPATH\CodeIgniter.php(922): App\Controllers\BaseController->initController(Object(CodeIgniter\HTTP\IncomingRequest), Object(CodeIgniter\HTTP\Response), Object(CodeIgniter\Log\Logger))
 2 SYSTEMPATH\CodeIgniter.php(488): CodeIgniter\CodeIgniter->createController()
 3 SYSTEMPATH\CodeIgniter.php(340): CodeIgniter\CodeIgniter->handleRequest(null, Object(Config\Cache), false)
 4 SYSTEMPATH\Boot.php(417): CodeIgniter\CodeIgniter->run()
 5 SYSTEMPATH\Boot.php(68): CodeIgniter\Boot::runCodeIgniter(Object(CodeIgniter\CodeIgniter))
 6 FCPATH\index.php(59): CodeIgniter\Boot::bootWeb(Object(Config\Paths))
 7 SYSTEMPATH\rewrite.php(44): require_once('C:\\laragon\\data\\kainkita\\public\\index.php')
ERROR - 2026-05-17 05:23:40 --> Expression #10 of SELECT list is not in GROUP BY clause and contains nonaggregated column 'kainkita.c.image_path' which is not functionally dependent on columns in GROUP BY clause; this is incompatible with sql_mode=only_full_group_by
in SYSTEMPATH\Database\MySQLi\Connection.php on line 300.
 1 SYSTEMPATH\Database\MySQLi\Connection.php(300): mysqli->query('SELECT `a`.`id`, `a`.`product_id`, `a`.`created_at`, `b`.`product_name`, `b`.`price`, `b`.`stock`, `b`.`umkm_name`, `b`.`region`, `b`.`status`, `c`.`image_path`, COUNT(d.id) as total_review, COALESCE(AVG(d.rating), 0) as rating
FROM `wishlists` `a`
LEFT JOIN `products` `b` ON `b`.`id` = `a`.`product_id`
LEFT JOIN `products_images` `c` ON `c`.`product_id` = `b`.`id` AND `c`.`is_primary` = 1
LEFT JOIN `products_reviews` `d` ON `d`.`product_id` = `b`.`id`
WHERE `a`.`customer_id` = \'4\'
GROUP BY `a`.`id`
ORDER BY `a`.`id` DESC', 0)
 2 SYSTEMPATH\Database\BaseConnection.php(769): CodeIgniter\Database\MySQLi\Connection->execute('SELECT `a`.`id`, `a`.`product_id`, `a`.`created_at`, `b`.`product_name`, `b`.`price`, `b`.`stock`, `b`.`umkm_name`, `b`.`region`, `b`.`status`, `c`.`image_path`, COUNT(d.id) as total_review, COALESCE(AVG(d.rating), 0) as rating
FROM `wishlists` `a`
LEFT JOIN `products` `b` ON `b`.`id` = `a`.`product_id`
LEFT JOIN `products_images` `c` ON `c`.`product_id` = `b`.`id` AND `c`.`is_primary` = 1
LEFT JOIN `products_reviews` `d` ON `d`.`product_id` = `b`.`id`
WHERE `a`.`customer_id` = \'4\'
GROUP BY `a`.`id`
ORDER BY `a`.`id` DESC')
 3 SYSTEMPATH\Database\BaseConnection.php(686): CodeIgniter\Database\BaseConnection->simpleQuery('SELECT `a`.`id`, `a`.`product_id`, `a`.`created_at`, `b`.`product_name`, `b`.`price`, `b`.`stock`, `b`.`umkm_name`, `b`.`region`, `b`.`status`, `c`.`image_path`, COUNT(d.id) as total_review, COALESCE(AVG(d.rating), 0) as rating
FROM `wishlists` `a`
LEFT JOIN `products` `b` ON `b`.`id` = `a`.`product_id`
LEFT JOIN `products_images` `c` ON `c`.`product_id` = `b`.`id` AND `c`.`is_primary` = 1
LEFT JOIN `products_reviews` `d` ON `d`.`product_id` = `b`.`id`
WHERE `a`.`customer_id` = \'4\'
GROUP BY `a`.`id`
ORDER BY `a`.`id` DESC')
 4 SYSTEMPATH\Database\BaseBuilder.php(1649): CodeIgniter\Database\BaseConnection->query('SELECT `a`.`id`, `a`.`product_id`, `a`.`created_at`, `b`.`product_name`, `b`.`price`, `b`.`stock`, `b`.`umkm_name`, `b`.`region`, `b`.`status`, `c`.`image_path`, COUNT(d.id) as total_review, COALESCE(AVG(d.rating), 0) as rating
FROM `wishlists` `a`
LEFT JOIN `products` `b` ON `b`.`id` = `a`.`product_id`
LEFT JOIN `products_images` `c` ON `c`.`product_id` = `b`.`id` AND `c`.`is_primary` = 1
LEFT JOIN `products_reviews` `d` ON `d`.`product_id` = `b`.`id`
WHERE `a`.`customer_id` = :a.customer_id:
GROUP BY `a`.`id`
ORDER BY `a`.`id` DESC', [...], false)
 5 ROOTPATH\modul\Wishlists\Controllers\Wishlists.php(397): CodeIgniter\Database\BaseBuilder->get()
 6 ROOTPATH\modul\Wishlists\Controllers\Wishlists.php(31): Modul\Wishlists\Controllers\Wishlists->getWishlistItems('4')
 7 SYSTEMPATH\CodeIgniter.php(951): Modul\Wishlists\Controllers\Wishlists->index()
 8 SYSTEMPATH\CodeIgniter.php(497): CodeIgniter\CodeIgniter->runController(Object(Modul\Wishlists\Controllers\Wishlists))
 9 SYSTEMPATH\CodeIgniter.php(340): CodeIgniter\CodeIgniter->handleRequest(null, Object(Config\Cache), false)
10 SYSTEMPATH\Boot.php(417): CodeIgniter\CodeIgniter->run()
11 SYSTEMPATH\Boot.php(68): CodeIgniter\Boot::runCodeIgniter(Object(CodeIgniter\CodeIgniter))
12 FCPATH\index.php(59): CodeIgniter\Boot::bootWeb(Object(Config\Paths))
13 SYSTEMPATH\rewrite.php(44): require_once('C:\\laragon\\data\\kainkita\\public\\index.php')
CRITICAL - 2026-05-17 05:23:40 --> CodeIgniter\Database\Exceptions\DatabaseException: Expression #10 of SELECT list is not in GROUP BY clause and contains nonaggregated column 'kainkita.c.image_path' which is not functionally dependent on columns in GROUP BY clause; this is incompatible with sql_mode=only_full_group_by
[Method: GET, Route: wishlist]
in SYSTEMPATH\Database\BaseConnection.php on line 724.
 1 SYSTEMPATH\Database\BaseBuilder.php(1649): CodeIgniter\Database\BaseConnection->query('SELECT `a`.`id`, `a`.`product_id`, `a`.`created_at`, `b`.`product_name`, `b`.`price`, `b`.`stock`, `b`.`umkm_name`, `b`.`region`, `b`.`status`, `c`.`image_path`, COUNT(d.id) as total_review, COALESCE(AVG(d.rating), 0) as rating
FROM `wishlists` `a`
LEFT JOIN `products` `b` ON `b`.`id` = `a`.`product_id`
LEFT JOIN `products_images` `c` ON `c`.`product_id` = `b`.`id` AND `c`.`is_primary` = 1
LEFT JOIN `products_reviews` `d` ON `d`.`product_id` = `b`.`id`
WHERE `a`.`customer_id` = :a.customer_id:
GROUP BY `a`.`id`
ORDER BY `a`.`id` DESC', [...], false)
 2 ROOTPATH\modul\Wishlists\Controllers\Wishlists.php(397): CodeIgniter\Database\BaseBuilder->get()
 3 ROOTPATH\modul\Wishlists\Controllers\Wishlists.php(31): Modul\Wishlists\Controllers\Wishlists->getWishlistItems('4')
 4 SYSTEMPATH\CodeIgniter.php(951): Modul\Wishlists\Controllers\Wishlists->index()
 5 SYSTEMPATH\CodeIgniter.php(497): CodeIgniter\CodeIgniter->runController(Object(Modul\Wishlists\Controllers\Wishlists))
 6 SYSTEMPATH\CodeIgniter.php(340): CodeIgniter\CodeIgniter->handleRequest(null, Object(Config\Cache), false)
 7 SYSTEMPATH\Boot.php(417): CodeIgniter\CodeIgniter->run()
 8 SYSTEMPATH\Boot.php(68): CodeIgniter\Boot::runCodeIgniter(Object(CodeIgniter\CodeIgniter))
 9 FCPATH\index.php(59): CodeIgniter\Boot::bootWeb(Object(Config\Paths))
10 SYSTEMPATH\rewrite.php(44): require_once('C:\\laragon\\data\\kainkita\\public\\index.php')
CRITICAL - 2026-05-17 05:23:40 --> [Caused by] CodeIgniter\Database\Exceptions\DatabaseException: Expression #10 of SELECT list is not in GROUP BY clause and contains nonaggregated column 'kainkita.c.image_path' which is not functionally dependent on columns in GROUP BY clause; this is incompatible with sql_mode=only_full_group_by
in SYSTEMPATH\Database\MySQLi\Connection.php on line 310.
 1 SYSTEMPATH\Database\BaseConnection.php(769): CodeIgniter\Database\MySQLi\Connection->execute('SELECT `a`.`id`, `a`.`product_id`, `a`.`created_at`, `b`.`product_name`, `b`.`price`, `b`.`stock`, `b`.`umkm_name`, `b`.`region`, `b`.`status`, `c`.`image_path`, COUNT(d.id) as total_review, COALESCE(AVG(d.rating), 0) as rating
FROM `wishlists` `a`
LEFT JOIN `products` `b` ON `b`.`id` = `a`.`product_id`
LEFT JOIN `products_images` `c` ON `c`.`product_id` = `b`.`id` AND `c`.`is_primary` = 1
LEFT JOIN `products_reviews` `d` ON `d`.`product_id` = `b`.`id`
WHERE `a`.`customer_id` = \'4\'
GROUP BY `a`.`id`
ORDER BY `a`.`id` DESC')
 2 SYSTEMPATH\Database\BaseConnection.php(686): CodeIgniter\Database\BaseConnection->simpleQuery('SELECT `a`.`id`, `a`.`product_id`, `a`.`created_at`, `b`.`product_name`, `b`.`price`, `b`.`stock`, `b`.`umkm_name`, `b`.`region`, `b`.`status`, `c`.`image_path`, COUNT(d.id) as total_review, COALESCE(AVG(d.rating), 0) as rating
FROM `wishlists` `a`
LEFT JOIN `products` `b` ON `b`.`id` = `a`.`product_id`
LEFT JOIN `products_images` `c` ON `c`.`product_id` = `b`.`id` AND `c`.`is_primary` = 1
LEFT JOIN `products_reviews` `d` ON `d`.`product_id` = `b`.`id`
WHERE `a`.`customer_id` = \'4\'
GROUP BY `a`.`id`
ORDER BY `a`.`id` DESC')
 3 SYSTEMPATH\Database\BaseBuilder.php(1649): CodeIgniter\Database\BaseConnection->query('SELECT `a`.`id`, `a`.`product_id`, `a`.`created_at`, `b`.`product_name`, `b`.`price`, `b`.`stock`, `b`.`umkm_name`, `b`.`region`, `b`.`status`, `c`.`image_path`, COUNT(d.id) as total_review, COALESCE(AVG(d.rating), 0) as rating
FROM `wishlists` `a`
LEFT JOIN `products` `b` ON `b`.`id` = `a`.`product_id`
LEFT JOIN `products_images` `c` ON `c`.`product_id` = `b`.`id` AND `c`.`is_primary` = 1
LEFT JOIN `products_reviews` `d` ON `d`.`product_id` = `b`.`id`
WHERE `a`.`customer_id` = :a.customer_id:
GROUP BY `a`.`id`
ORDER BY `a`.`id` DESC', [...], false)
 4 ROOTPATH\modul\Wishlists\Controllers\Wishlists.php(397): CodeIgniter\Database\BaseBuilder->get()
 5 ROOTPATH\modul\Wishlists\Controllers\Wishlists.php(31): Modul\Wishlists\Controllers\Wishlists->getWishlistItems('4')
 6 SYSTEMPATH\CodeIgniter.php(951): Modul\Wishlists\Controllers\Wishlists->index()
 7 SYSTEMPATH\CodeIgniter.php(497): CodeIgniter\CodeIgniter->runController(Object(Modul\Wishlists\Controllers\Wishlists))
 8 SYSTEMPATH\CodeIgniter.php(340): CodeIgniter\CodeIgniter->handleRequest(null, Object(Config\Cache), false)
 9 SYSTEMPATH\Boot.php(417): CodeIgniter\CodeIgniter->run()
10 SYSTEMPATH\Boot.php(68): CodeIgniter\Boot::runCodeIgniter(Object(CodeIgniter\CodeIgniter))
11 FCPATH\index.php(59): CodeIgniter\Boot::bootWeb(Object(Config\Paths))
12 SYSTEMPATH\rewrite.php(44): require_once('C:\\laragon\\data\\kainkita\\public\\index.php')
CRITICAL - 2026-05-17 05:23:40 --> [Caused by] mysqli_sql_exception: Expression #10 of SELECT list is not in GROUP BY clause and contains nonaggregated column 'kainkita.c.image_path' which is not functionally dependent on columns in GROUP BY clause; this is incompatible with sql_mode=only_full_group_by
in SYSTEMPATH\Database\MySQLi\Connection.php on line 300.
 1 SYSTEMPATH\Database\MySQLi\Connection.php(300): mysqli->query('SELECT `a`.`id`, `a`.`product_id`, `a`.`created_at`, `b`.`product_name`, `b`.`price`, `b`.`stock`, `b`.`umkm_name`, `b`.`region`, `b`.`status`, `c`.`image_path`, COUNT(d.id) as total_review, COALESCE(AVG(d.rating), 0) as rating
FROM `wishlists` `a`
LEFT JOIN `products` `b` ON `b`.`id` = `a`.`product_id`
LEFT JOIN `products_images` `c` ON `c`.`product_id` = `b`.`id` AND `c`.`is_primary` = 1
LEFT JOIN `products_reviews` `d` ON `d`.`product_id` = `b`.`id`
WHERE `a`.`customer_id` = \'4\'
GROUP BY `a`.`id`
ORDER BY `a`.`id` DESC', 0)
 2 SYSTEMPATH\Database\BaseConnection.php(769): CodeIgniter\Database\MySQLi\Connection->execute('SELECT `a`.`id`, `a`.`product_id`, `a`.`created_at`, `b`.`product_name`, `b`.`price`, `b`.`stock`, `b`.`umkm_name`, `b`.`region`, `b`.`status`, `c`.`image_path`, COUNT(d.id) as total_review, COALESCE(AVG(d.rating), 0) as rating
FROM `wishlists` `a`
LEFT JOIN `products` `b` ON `b`.`id` = `a`.`product_id`
LEFT JOIN `products_images` `c` ON `c`.`product_id` = `b`.`id` AND `c`.`is_primary` = 1
LEFT JOIN `products_reviews` `d` ON `d`.`product_id` = `b`.`id`
WHERE `a`.`customer_id` = \'4\'
GROUP BY `a`.`id`
ORDER BY `a`.`id` DESC')
 3 SYSTEMPATH\Database\BaseConnection.php(686): CodeIgniter\Database\BaseConnection->simpleQuery('SELECT `a`.`id`, `a`.`product_id`, `a`.`created_at`, `b`.`product_name`, `b`.`price`, `b`.`stock`, `b`.`umkm_name`, `b`.`region`, `b`.`status`, `c`.`image_path`, COUNT(d.id) as total_review, COALESCE(AVG(d.rating), 0) as rating
FROM `wishlists` `a`
LEFT JOIN `products` `b` ON `b`.`id` = `a`.`product_id`
LEFT JOIN `products_images` `c` ON `c`.`product_id` = `b`.`id` AND `c`.`is_primary` = 1
LEFT JOIN `products_reviews` `d` ON `d`.`product_id` = `b`.`id`
WHERE `a`.`customer_id` = \'4\'
GROUP BY `a`.`id`
ORDER BY `a`.`id` DESC')
 4 SYSTEMPATH\Database\BaseBuilder.php(1649): CodeIgniter\Database\BaseConnection->query('SELECT `a`.`id`, `a`.`product_id`, `a`.`created_at`, `b`.`product_name`, `b`.`price`, `b`.`stock`, `b`.`umkm_name`, `b`.`region`, `b`.`status`, `c`.`image_path`, COUNT(d.id) as total_review, COALESCE(AVG(d.rating), 0) as rating
FROM `wishlists` `a`
LEFT JOIN `products` `b` ON `b`.`id` = `a`.`product_id`
LEFT JOIN `products_images` `c` ON `c`.`product_id` = `b`.`id` AND `c`.`is_primary` = 1
LEFT JOIN `products_reviews` `d` ON `d`.`product_id` = `b`.`id`
WHERE `a`.`customer_id` = :a.customer_id:
GROUP BY `a`.`id`
ORDER BY `a`.`id` DESC', [...], false)
 5 ROOTPATH\modul\Wishlists\Controllers\Wishlists.php(397): CodeIgniter\Database\BaseBuilder->get()
 6 ROOTPATH\modul\Wishlists\Controllers\Wishlists.php(31): Modul\Wishlists\Controllers\Wishlists->getWishlistItems('4')
 7 SYSTEMPATH\CodeIgniter.php(951): Modul\Wishlists\Controllers\Wishlists->index()
 8 SYSTEMPATH\CodeIgniter.php(497): CodeIgniter\CodeIgniter->runController(Object(Modul\Wishlists\Controllers\Wishlists))
 9 SYSTEMPATH\CodeIgniter.php(340): CodeIgniter\CodeIgniter->handleRequest(null, Object(Config\Cache), false)
10 SYSTEMPATH\Boot.php(417): CodeIgniter\CodeIgniter->run()
11 SYSTEMPATH\Boot.php(68): CodeIgniter\Boot::runCodeIgniter(Object(CodeIgniter\CodeIgniter))
12 FCPATH\index.php(59): CodeIgniter\Boot::bootWeb(Object(Config\Paths))
13 SYSTEMPATH\rewrite.php(44): require_once('C:\\laragon\\data\\kainkita\\public\\index.php')
DEBUG - 2026-05-17 05:24:39 --> Session: Class initialized using 'CodeIgniter\Session\Handlers\FileHandler' driver.
WARNING - 2026-05-17 05:24:39 --> [DEPRECATED] Creation of dynamic property Modul\Wishlists\Controllers\Wishlists::$wishlist is deprecated in ROOTPATH\modul\Wishlists\Controllers\Wishlists.php on line 13.
 1 SYSTEMPATH\CodeIgniter.php(921): Modul\Wishlists\Controllers\Wishlists->__construct()
 2 SYSTEMPATH\CodeIgniter.php(488): CodeIgniter\CodeIgniter->createController()
 3 SYSTEMPATH\CodeIgniter.php(340): CodeIgniter\CodeIgniter->handleRequest(null, Object(Config\Cache), false)
 4 SYSTEMPATH\Boot.php(417): CodeIgniter\CodeIgniter->run()
 5 SYSTEMPATH\Boot.php(68): CodeIgniter\Boot::runCodeIgniter(Object(CodeIgniter\CodeIgniter))
 6 FCPATH\index.php(59): CodeIgniter\Boot::bootWeb(Object(Config\Paths))
 7 SYSTEMPATH\rewrite.php(44): require_once('C:\\laragon\\data\\kainkita\\public\\index.php')
WARNING - 2026-05-17 05:24:39 --> [DEPRECATED] Creation of dynamic property Modul\Wishlists\Controllers\Wishlists::$customers is deprecated in ROOTPATH\modul\Wishlists\Controllers\Wishlists.php on line 14.
 1 SYSTEMPATH\CodeIgniter.php(921): Modul\Wishlists\Controllers\Wishlists->__construct()
 2 SYSTEMPATH\CodeIgniter.php(488): CodeIgniter\CodeIgniter->createController()
 3 SYSTEMPATH\CodeIgniter.php(340): CodeIgniter\CodeIgniter->handleRequest(null, Object(Config\Cache), false)
 4 SYSTEMPATH\Boot.php(417): CodeIgniter\CodeIgniter->run()
 5 SYSTEMPATH\Boot.php(68): CodeIgniter\Boot::runCodeIgniter(Object(CodeIgniter\CodeIgniter))
 6 FCPATH\index.php(59): CodeIgniter\Boot::bootWeb(Object(Config\Paths))
 7 SYSTEMPATH\rewrite.php(44): require_once('C:\\laragon\\data\\kainkita\\public\\index.php')
WARNING - 2026-05-17 05:24:39 --> [DEPRECATED] Creation of dynamic property Modul\Wishlists\Controllers\Wishlists::$session is deprecated in APPPATH\Controllers\BaseController.php on line 47.
 1 SYSTEMPATH\CodeIgniter.php(922): App\Controllers\BaseController->initController(Object(CodeIgniter\HTTP\IncomingRequest), Object(CodeIgniter\HTTP\Response), Object(CodeIgniter\Log\Logger))
 2 SYSTEMPATH\CodeIgniter.php(488): CodeIgniter\CodeIgniter->createController()
 3 SYSTEMPATH\CodeIgniter.php(340): CodeIgniter\CodeIgniter->handleRequest(null, Object(Config\Cache), false)
 4 SYSTEMPATH\Boot.php(417): CodeIgniter\CodeIgniter->run()
 5 SYSTEMPATH\Boot.php(68): CodeIgniter\Boot::runCodeIgniter(Object(CodeIgniter\CodeIgniter))
 6 FCPATH\index.php(59): CodeIgniter\Boot::bootWeb(Object(Config\Paths))
 7 SYSTEMPATH\rewrite.php(44): require_once('C:\\laragon\\data\\kainkita\\public\\index.php')
WARNING - 2026-05-17 05:24:39 --> [DEPRECATED] Creation of dynamic property Modul\Wishlists\Controllers\Wishlists::$validation is deprecated in APPPATH\Controllers\BaseController.php on line 48.
 1 SYSTEMPATH\CodeIgniter.php(922): App\Controllers\BaseController->initController(Object(CodeIgniter\HTTP\IncomingRequest), Object(CodeIgniter\HTTP\Response), Object(CodeIgniter\Log\Logger))
 2 SYSTEMPATH\CodeIgniter.php(488): CodeIgniter\CodeIgniter->createController()
 3 SYSTEMPATH\CodeIgniter.php(340): CodeIgniter\CodeIgniter->handleRequest(null, Object(Config\Cache), false)
 4 SYSTEMPATH\Boot.php(417): CodeIgniter\CodeIgniter->run()
 5 SYSTEMPATH\Boot.php(68): CodeIgniter\Boot::runCodeIgniter(Object(CodeIgniter\CodeIgniter))
 6 FCPATH\index.php(59): CodeIgniter\Boot::bootWeb(Object(Config\Paths))
 7 SYSTEMPATH\rewrite.php(44): require_once('C:\\laragon\\data\\kainkita\\public\\index.php')
WARNING - 2026-05-17 05:24:39 --> [DEPRECATED] Creation of dynamic property Modul\Wishlists\Controllers\Wishlists::$db is deprecated in APPPATH\Controllers\BaseController.php on line 50.
 1 SYSTEMPATH\CodeIgniter.php(922): App\Controllers\BaseController->initController(Object(CodeIgniter\HTTP\IncomingRequest), Object(CodeIgniter\HTTP\Response), Object(CodeIgniter\Log\Logger))
 2 SYSTEMPATH\CodeIgniter.php(488): CodeIgniter\CodeIgniter->createController()
 3 SYSTEMPATH\CodeIgniter.php(340): CodeIgniter\CodeIgniter->handleRequest(null, Object(Config\Cache), false)
 4 SYSTEMPATH\Boot.php(417): CodeIgniter\CodeIgniter->run()
 5 SYSTEMPATH\Boot.php(68): CodeIgniter\Boot::runCodeIgniter(Object(CodeIgniter\CodeIgniter))
 6 FCPATH\index.php(59): CodeIgniter\Boot::bootWeb(Object(Config\Paths))
 7 SYSTEMPATH\rewrite.php(44): require_once('C:\\laragon\\data\\kainkita\\public\\index.php')
WARNING - 2026-05-17 05:24:39 --> [DEPRECATED] Creation of dynamic property Modul\Wishlists\Controllers\Wishlists::$uri is deprecated in APPPATH\Controllers\BaseController.php on line 51.
 1 SYSTEMPATH\CodeIgniter.php(922): App\Controllers\BaseController->initController(Object(CodeIgniter\HTTP\IncomingRequest), Object(CodeIgniter\HTTP\Response), Object(CodeIgniter\Log\Logger))
 2 SYSTEMPATH\CodeIgniter.php(488): CodeIgniter\CodeIgniter->createController()
 3 SYSTEMPATH\CodeIgniter.php(340): CodeIgniter\CodeIgniter->handleRequest(null, Object(Config\Cache), false)
 4 SYSTEMPATH\Boot.php(417): CodeIgniter\CodeIgniter->run()
 5 SYSTEMPATH\Boot.php(68): CodeIgniter\Boot::runCodeIgniter(Object(CodeIgniter\CodeIgniter))
 6 FCPATH\index.php(59): CodeIgniter\Boot::bootWeb(Object(Config\Paths))
 7 SYSTEMPATH\rewrite.php(44): require_once('C:\\laragon\\data\\kainkita\\public\\index.php')
WARNING - 2026-05-17 05:24:39 --> [DEPRECATED] Creation of dynamic property Modul\Wishlists\Controllers\Wishlists::$pager is deprecated in APPPATH\Controllers\BaseController.php on line 52.
 1 SYSTEMPATH\CodeIgniter.php(922): App\Controllers\BaseController->initController(Object(CodeIgniter\HTTP\IncomingRequest), Object(CodeIgniter\HTTP\Response), Object(CodeIgniter\Log\Logger))
 2 SYSTEMPATH\CodeIgniter.php(488): CodeIgniter\CodeIgniter->createController()
 3 SYSTEMPATH\CodeIgniter.php(340): CodeIgniter\CodeIgniter->handleRequest(null, Object(Config\Cache), false)
 4 SYSTEMPATH\Boot.php(417): CodeIgniter\CodeIgniter->run()
 5 SYSTEMPATH\Boot.php(68): CodeIgniter\Boot::runCodeIgniter(Object(CodeIgniter\CodeIgniter))
 6 FCPATH\index.php(59): CodeIgniter\Boot::bootWeb(Object(Config\Paths))
 7 SYSTEMPATH\rewrite.php(44): require_once('C:\\laragon\\data\\kainkita\\public\\index.php')
WARNING - 2026-05-17 05:24:39 --> [DEPRECATED] Creation of dynamic property CodeIgniter\View\View::$db is deprecated in APPPATH\Views\layout\template.php on line 4.
 1 SYSTEMPATH\View\View.php(238): include('C:\\laragon\\data\\kainkita\\app\\Views\\layout\\template.php')
 2 SYSTEMPATH\View\View.php(241): CodeIgniter\View\View->CodeIgniter\View\{closure}()
 3 SYSTEMPATH\View\View.php(254): CodeIgniter\View\View->render('layout/template', [], true)
 4 SYSTEMPATH\Common.php(1250): CodeIgniter\View\View->render('Modul\\Wishlists\\Views\\viewWishlist', [], true)
 5 ROOTPATH\modul\Wishlists\Controllers\Wishlists.php(51): view('Modul\\Wishlists\\Views\\viewWishlist', [...])
 6 SYSTEMPATH\CodeIgniter.php(951): Modul\Wishlists\Controllers\Wishlists->index()
 7 SYSTEMPATH\CodeIgniter.php(497): CodeIgniter\CodeIgniter->runController(Object(Modul\Wishlists\Controllers\Wishlists))
 8 SYSTEMPATH\CodeIgniter.php(340): CodeIgniter\CodeIgniter->handleRequest(null, Object(Config\Cache), false)
 9 SYSTEMPATH\Boot.php(417): CodeIgniter\CodeIgniter->run()
10 SYSTEMPATH\Boot.php(68): CodeIgniter\Boot::runCodeIgniter(Object(CodeIgniter\CodeIgniter))
11 FCPATH\index.php(59): CodeIgniter\Boot::bootWeb(Object(Config\Paths))
12 SYSTEMPATH\rewrite.php(44): require_once('C:\\laragon\\data\\kainkita\\public\\index.php')
DEBUG - 2026-05-17 05:24:41 --> Session: Class initialized using 'CodeIgniter\Session\Handlers\FileHandler' driver.
WARNING - 2026-05-17 05:24:41 --> [DEPRECATED] Creation of dynamic property Modul\Carts\Controllers\Carts::$session is deprecated in APPPATH\Controllers\BaseController.php on line 47.
 1 SYSTEMPATH\CodeIgniter.php(922): App\Controllers\BaseController->initController(Object(CodeIgniter\HTTP\IncomingRequest), Object(CodeIgniter\HTTP\Response), Object(CodeIgniter\Log\Logger))
 2 SYSTEMPATH\CodeIgniter.php(488): CodeIgniter\CodeIgniter->createController()
 3 SYSTEMPATH\CodeIgniter.php(340): CodeIgniter\CodeIgniter->handleRequest(null, Object(Config\Cache), false)
 4 SYSTEMPATH\Boot.php(417): CodeIgniter\CodeIgniter->run()
 5 SYSTEMPATH\Boot.php(68): CodeIgniter\Boot::runCodeIgniter(Object(CodeIgniter\CodeIgniter))
 6 FCPATH\index.php(59): CodeIgniter\Boot::bootWeb(Object(Config\Paths))
 7 SYSTEMPATH\rewrite.php(44): require_once('C:\\laragon\\data\\kainkita\\public\\index.php')
WARNING - 2026-05-17 05:24:41 --> [DEPRECATED] Creation of dynamic property Modul\Carts\Controllers\Carts::$validation is deprecated in APPPATH\Controllers\BaseController.php on line 48.
 1 SYSTEMPATH\CodeIgniter.php(922): App\Controllers\BaseController->initController(Object(CodeIgniter\HTTP\IncomingRequest), Object(CodeIgniter\HTTP\Response), Object(CodeIgniter\Log\Logger))
 2 SYSTEMPATH\CodeIgniter.php(488): CodeIgniter\CodeIgniter->createController()
 3 SYSTEMPATH\CodeIgniter.php(340): CodeIgniter\CodeIgniter->handleRequest(null, Object(Config\Cache), false)
 4 SYSTEMPATH\Boot.php(417): CodeIgniter\CodeIgniter->run()
 5 SYSTEMPATH\Boot.php(68): CodeIgniter\Boot::runCodeIgniter(Object(CodeIgniter\CodeIgniter))
 6 FCPATH\index.php(59): CodeIgniter\Boot::bootWeb(Object(Config\Paths))
 7 SYSTEMPATH\rewrite.php(44): require_once('C:\\laragon\\data\\kainkita\\public\\index.php')
WARNING - 2026-05-17 05:24:41 --> [DEPRECATED] Creation of dynamic property Modul\Carts\Controllers\Carts::$db is deprecated in APPPATH\Controllers\BaseController.php on line 50.
 1 SYSTEMPATH\CodeIgniter.php(922): App\Controllers\BaseController->initController(Object(CodeIgniter\HTTP\IncomingRequest), Object(CodeIgniter\HTTP\Response), Object(CodeIgniter\Log\Logger))
 2 SYSTEMPATH\CodeIgniter.php(488): CodeIgniter\CodeIgniter->createController()
 3 SYSTEMPATH\CodeIgniter.php(340): CodeIgniter\CodeIgniter->handleRequest(null, Object(Config\Cache), false)
 4 SYSTEMPATH\Boot.php(417): CodeIgniter\CodeIgniter->run()
 5 SYSTEMPATH\Boot.php(68): CodeIgniter\Boot::runCodeIgniter(Object(CodeIgniter\CodeIgniter))
 6 FCPATH\index.php(59): CodeIgniter\Boot::bootWeb(Object(Config\Paths))
 7 SYSTEMPATH\rewrite.php(44): require_once('C:\\laragon\\data\\kainkita\\public\\index.php')
WARNING - 2026-05-17 05:24:41 --> [DEPRECATED] Creation of dynamic property Modul\Carts\Controllers\Carts::$uri is deprecated in APPPATH\Controllers\BaseController.php on line 51.
 1 SYSTEMPATH\CodeIgniter.php(922): App\Controllers\BaseController->initController(Object(CodeIgniter\HTTP\IncomingRequest), Object(CodeIgniter\HTTP\Response), Object(CodeIgniter\Log\Logger))
 2 SYSTEMPATH\CodeIgniter.php(488): CodeIgniter\CodeIgniter->createController()
 3 SYSTEMPATH\CodeIgniter.php(340): CodeIgniter\CodeIgniter->handleRequest(null, Object(Config\Cache), false)
 4 SYSTEMPATH\Boot.php(417): CodeIgniter\CodeIgniter->run()
 5 SYSTEMPATH\Boot.php(68): CodeIgniter\Boot::runCodeIgniter(Object(CodeIgniter\CodeIgniter))
 6 FCPATH\index.php(59): CodeIgniter\Boot::bootWeb(Object(Config\Paths))
 7 SYSTEMPATH\rewrite.php(44): require_once('C:\\laragon\\data\\kainkita\\public\\index.php')
WARNING - 2026-05-17 05:24:41 --> [DEPRECATED] Creation of dynamic property Modul\Carts\Controllers\Carts::$pager is deprecated in APPPATH\Controllers\BaseController.php on line 52.
 1 SYSTEMPATH\CodeIgniter.php(922): App\Controllers\BaseController->initController(Object(CodeIgniter\HTTP\IncomingRequest), Object(CodeIgniter\HTTP\Response), Object(CodeIgniter\Log\Logger))
 2 SYSTEMPATH\CodeIgniter.php(488): CodeIgniter\CodeIgniter->createController()
 3 SYSTEMPATH\CodeIgniter.php(340): CodeIgniter\CodeIgniter->handleRequest(null, Object(Config\Cache), false)
 4 SYSTEMPATH\Boot.php(417): CodeIgniter\CodeIgniter->run()
 5 SYSTEMPATH\Boot.php(68): CodeIgniter\Boot::runCodeIgniter(Object(CodeIgniter\CodeIgniter))
 6 FCPATH\index.php(59): CodeIgniter\Boot::bootWeb(Object(Config\Paths))
 7 SYSTEMPATH\rewrite.php(44): require_once('C:\\laragon\\data\\kainkita\\public\\index.php')
WARNING - 2026-05-17 05:24:46 --> [DEPRECATED] Creation of dynamic property Modul\Profile\Controllers\Profile::$customers is deprecated in ROOTPATH\modul\Profile\Controllers\Profile.php on line 12.
 1 SYSTEMPATH\CodeIgniter.php(921): Modul\Profile\Controllers\Profile->__construct()
 2 SYSTEMPATH\CodeIgniter.php(488): CodeIgniter\CodeIgniter->createController()
 3 SYSTEMPATH\CodeIgniter.php(340): CodeIgniter\CodeIgniter->handleRequest(null, Object(Config\Cache), false)
 4 SYSTEMPATH\Boot.php(417): CodeIgniter\CodeIgniter->run()
 5 SYSTEMPATH\Boot.php(68): CodeIgniter\Boot::runCodeIgniter(Object(CodeIgniter\CodeIgniter))
 6 FCPATH\index.php(59): CodeIgniter\Boot::bootWeb(Object(Config\Paths))
 7 SYSTEMPATH\rewrite.php(44): require_once('C:\\laragon\\data\\kainkita\\public\\index.php')
DEBUG - 2026-05-17 05:24:46 --> Session: Class initialized using 'CodeIgniter\Session\Handlers\FileHandler' driver.
WARNING - 2026-05-17 05:24:46 --> [DEPRECATED] Creation of dynamic property Modul\Profile\Controllers\Profile::$session is deprecated in APPPATH\Controllers\BaseController.php on line 47.
 1 SYSTEMPATH\CodeIgniter.php(922): App\Controllers\BaseController->initController(Object(CodeIgniter\HTTP\IncomingRequest), Object(CodeIgniter\HTTP\Response), Object(CodeIgniter\Log\Logger))
 2 SYSTEMPATH\CodeIgniter.php(488): CodeIgniter\CodeIgniter->createController()
 3 SYSTEMPATH\CodeIgniter.php(340): CodeIgniter\CodeIgniter->handleRequest(null, Object(Config\Cache), false)
 4 SYSTEMPATH\Boot.php(417): CodeIgniter\CodeIgniter->run()
 5 SYSTEMPATH\Boot.php(68): CodeIgniter\Boot::runCodeIgniter(Object(CodeIgniter\CodeIgniter))
 6 FCPATH\index.php(59): CodeIgniter\Boot::bootWeb(Object(Config\Paths))
 7 SYSTEMPATH\rewrite.php(44): require_once('C:\\laragon\\data\\kainkita\\public\\index.php')
WARNING - 2026-05-17 05:24:46 --> [DEPRECATED] Creation of dynamic property Modul\Profile\Controllers\Profile::$validation is deprecated in APPPATH\Controllers\BaseController.php on line 48.
 1 SYSTEMPATH\CodeIgniter.php(922): App\Controllers\BaseController->initController(Object(CodeIgniter\HTTP\IncomingRequest), Object(CodeIgniter\HTTP\Response), Object(CodeIgniter\Log\Logger))
 2 SYSTEMPATH\CodeIgniter.php(488): CodeIgniter\CodeIgniter->createController()
 3 SYSTEMPATH\CodeIgniter.php(340): CodeIgniter\CodeIgniter->handleRequest(null, Object(Config\Cache), false)
 4 SYSTEMPATH\Boot.php(417): CodeIgniter\CodeIgniter->run()
 5 SYSTEMPATH\Boot.php(68): CodeIgniter\Boot::runCodeIgniter(Object(CodeIgniter\CodeIgniter))
 6 FCPATH\index.php(59): CodeIgniter\Boot::bootWeb(Object(Config\Paths))
 7 SYSTEMPATH\rewrite.php(44): require_once('C:\\laragon\\data\\kainkita\\public\\index.php')
WARNING - 2026-05-17 05:24:46 --> [DEPRECATED] Creation of dynamic property Modul\Profile\Controllers\Profile::$db is deprecated in APPPATH\Controllers\BaseController.php on line 50.
 1 SYSTEMPATH\CodeIgniter.php(922): App\Controllers\BaseController->initController(Object(CodeIgniter\HTTP\IncomingRequest), Object(CodeIgniter\HTTP\Response), Object(CodeIgniter\Log\Logger))
 2 SYSTEMPATH\CodeIgniter.php(488): CodeIgniter\CodeIgniter->createController()
 3 SYSTEMPATH\CodeIgniter.php(340): CodeIgniter\CodeIgniter->handleRequest(null, Object(Config\Cache), false)
 4 SYSTEMPATH\Boot.php(417): CodeIgniter\CodeIgniter->run()
 5 SYSTEMPATH\Boot.php(68): CodeIgniter\Boot::runCodeIgniter(Object(CodeIgniter\CodeIgniter))
 6 FCPATH\index.php(59): CodeIgniter\Boot::bootWeb(Object(Config\Paths))
 7 SYSTEMPATH\rewrite.php(44): require_once('C:\\laragon\\data\\kainkita\\public\\index.php')
WARNING - 2026-05-17 05:24:46 --> [DEPRECATED] Creation of dynamic property Modul\Profile\Controllers\Profile::$uri is deprecated in APPPATH\Controllers\BaseController.php on line 51.
 1 SYSTEMPATH\CodeIgniter.php(922): App\Controllers\BaseController->initController(Object(CodeIgniter\HTTP\IncomingRequest), Object(CodeIgniter\HTTP\Response), Object(CodeIgniter\Log\Logger))
 2 SYSTEMPATH\CodeIgniter.php(488): CodeIgniter\CodeIgniter->createController()
 3 SYSTEMPATH\CodeIgniter.php(340): CodeIgniter\CodeIgniter->handleRequest(null, Object(Config\Cache), false)
 4 SYSTEMPATH\Boot.php(417): CodeIgniter\CodeIgniter->run()
 5 SYSTEMPATH\Boot.php(68): CodeIgniter\Boot::runCodeIgniter(Object(CodeIgniter\CodeIgniter))
 6 FCPATH\index.php(59): CodeIgniter\Boot::bootWeb(Object(Config\Paths))
 7 SYSTEMPATH\rewrite.php(44): require_once('C:\\laragon\\data\\kainkita\\public\\index.php')
WARNING - 2026-05-17 05:24:46 --> [DEPRECATED] Creation of dynamic property Modul\Profile\Controllers\Profile::$pager is deprecated in APPPATH\Controllers\BaseController.php on line 52.
 1 SYSTEMPATH\CodeIgniter.php(922): App\Controllers\BaseController->initController(Object(CodeIgniter\HTTP\IncomingRequest), Object(CodeIgniter\HTTP\Response), Object(CodeIgniter\Log\Logger))
 2 SYSTEMPATH\CodeIgniter.php(488): CodeIgniter\CodeIgniter->createController()
 3 SYSTEMPATH\CodeIgniter.php(340): CodeIgniter\CodeIgniter->handleRequest(null, Object(Config\Cache), false)
 4 SYSTEMPATH\Boot.php(417): CodeIgniter\CodeIgniter->run()
 5 SYSTEMPATH\Boot.php(68): CodeIgniter\Boot::runCodeIgniter(Object(CodeIgniter\CodeIgniter))
 6 FCPATH\index.php(59): CodeIgniter\Boot::bootWeb(Object(Config\Paths))
 7 SYSTEMPATH\rewrite.php(44): require_once('C:\\laragon\\data\\kainkita\\public\\index.php')
WARNING - 2026-05-17 05:24:46 --> [DEPRECATED] Creation of dynamic property CodeIgniter\View\View::$db is deprecated in APPPATH\Views\layout\template.php on line 4.
 1 SYSTEMPATH\View\View.php(238): include('C:\\laragon\\data\\kainkita\\app\\Views\\layout\\template.php')
 2 SYSTEMPATH\View\View.php(241): CodeIgniter\View\View->CodeIgniter\View\{closure}()
 3 SYSTEMPATH\View\View.php(254): CodeIgniter\View\View->render('layout/template', [], true)
 4 SYSTEMPATH\Common.php(1250): CodeIgniter\View\View->render('Modul\\Profile\\Views\\viewProfile', [], true)
 5 ROOTPATH\modul\Profile\Controllers\Profile.php(56): view('Modul\\Profile\\Views\\viewProfile', [...])
 6 SYSTEMPATH\CodeIgniter.php(951): Modul\Profile\Controllers\Profile->index()
 7 SYSTEMPATH\CodeIgniter.php(497): CodeIgniter\CodeIgniter->runController(Object(Modul\Profile\Controllers\Profile))
 8 SYSTEMPATH\CodeIgniter.php(340): CodeIgniter\CodeIgniter->handleRequest(null, Object(Config\Cache), false)
 9 SYSTEMPATH\Boot.php(417): CodeIgniter\CodeIgniter->run()
10 SYSTEMPATH\Boot.php(68): CodeIgniter\Boot::runCodeIgniter(Object(CodeIgniter\CodeIgniter))
11 FCPATH\index.php(59): CodeIgniter\Boot::bootWeb(Object(Config\Paths))
12 SYSTEMPATH\rewrite.php(44): require_once('C:\\laragon\\data\\kainkita\\public\\index.php')
DEBUG - 2026-05-17 05:24:48 --> Session: Class initialized using 'CodeIgniter\Session\Handlers\FileHandler' driver.
WARNING - 2026-05-17 05:24:48 --> [DEPRECATED] Creation of dynamic property Modul\Carts\Controllers\Carts::$session is deprecated in APPPATH\Controllers\BaseController.php on line 47.
 1 SYSTEMPATH\CodeIgniter.php(922): App\Controllers\BaseController->initController(Object(CodeIgniter\HTTP\IncomingRequest), Object(CodeIgniter\HTTP\Response), Object(CodeIgniter\Log\Logger))
 2 SYSTEMPATH\CodeIgniter.php(488): CodeIgniter\CodeIgniter->createController()
 3 SYSTEMPATH\CodeIgniter.php(340): CodeIgniter\CodeIgniter->handleRequest(null, Object(Config\Cache), false)
 4 SYSTEMPATH\Boot.php(417): CodeIgniter\CodeIgniter->run()
 5 SYSTEMPATH\Boot.php(68): CodeIgniter\Boot::runCodeIgniter(Object(CodeIgniter\CodeIgniter))
 6 FCPATH\index.php(59): CodeIgniter\Boot::bootWeb(Object(Config\Paths))
 7 SYSTEMPATH\rewrite.php(44): require_once('C:\\laragon\\data\\kainkita\\public\\index.php')
WARNING - 2026-05-17 05:24:48 --> [DEPRECATED] Creation of dynamic property Modul\Carts\Controllers\Carts::$validation is deprecated in APPPATH\Controllers\BaseController.php on line 48.
 1 SYSTEMPATH\CodeIgniter.php(922): App\Controllers\BaseController->initController(Object(CodeIgniter\HTTP\IncomingRequest), Object(CodeIgniter\HTTP\Response), Object(CodeIgniter\Log\Logger))
 2 SYSTEMPATH\CodeIgniter.php(488): CodeIgniter\CodeIgniter->createController()
 3 SYSTEMPATH\CodeIgniter.php(340): CodeIgniter\CodeIgniter->handleRequest(null, Object(Config\Cache), false)
 4 SYSTEMPATH\Boot.php(417): CodeIgniter\CodeIgniter->run()
 5 SYSTEMPATH\Boot.php(68): CodeIgniter\Boot::runCodeIgniter(Object(CodeIgniter\CodeIgniter))
 6 FCPATH\index.php(59): CodeIgniter\Boot::bootWeb(Object(Config\Paths))
 7 SYSTEMPATH\rewrite.php(44): require_once('C:\\laragon\\data\\kainkita\\public\\index.php')
WARNING - 2026-05-17 05:24:48 --> [DEPRECATED] Creation of dynamic property Modul\Carts\Controllers\Carts::$db is deprecated in APPPATH\Controllers\BaseController.php on line 50.
 1 SYSTEMPATH\CodeIgniter.php(922): App\Controllers\BaseController->initController(Object(CodeIgniter\HTTP\IncomingRequest), Object(CodeIgniter\HTTP\Response), Object(CodeIgniter\Log\Logger))
 2 SYSTEMPATH\CodeIgniter.php(488): CodeIgniter\CodeIgniter->createController()
 3 SYSTEMPATH\CodeIgniter.php(340): CodeIgniter\CodeIgniter->handleRequest(null, Object(Config\Cache), false)
 4 SYSTEMPATH\Boot.php(417): CodeIgniter\CodeIgniter->run()
 5 SYSTEMPATH\Boot.php(68): CodeIgniter\Boot::runCodeIgniter(Object(CodeIgniter\CodeIgniter))
 6 FCPATH\index.php(59): CodeIgniter\Boot::bootWeb(Object(Config\Paths))
 7 SYSTEMPATH\rewrite.php(44): require_once('C:\\laragon\\data\\kainkita\\public\\index.php')
WARNING - 2026-05-17 05:24:48 --> [DEPRECATED] Creation of dynamic property Modul\Carts\Controllers\Carts::$uri is deprecated in APPPATH\Controllers\BaseController.php on line 51.
 1 SYSTEMPATH\CodeIgniter.php(922): App\Controllers\BaseController->initController(Object(CodeIgniter\HTTP\IncomingRequest), Object(CodeIgniter\HTTP\Response), Object(CodeIgniter\Log\Logger))
 2 SYSTEMPATH\CodeIgniter.php(488): CodeIgniter\CodeIgniter->createController()
 3 SYSTEMPATH\CodeIgniter.php(340): CodeIgniter\CodeIgniter->handleRequest(null, Object(Config\Cache), false)
 4 SYSTEMPATH\Boot.php(417): CodeIgniter\CodeIgniter->run()
 5 SYSTEMPATH\Boot.php(68): CodeIgniter\Boot::runCodeIgniter(Object(CodeIgniter\CodeIgniter))
 6 FCPATH\index.php(59): CodeIgniter\Boot::bootWeb(Object(Config\Paths))
 7 SYSTEMPATH\rewrite.php(44): require_once('C:\\laragon\\data\\kainkita\\public\\index.php')
WARNING - 2026-05-17 05:24:48 --> [DEPRECATED] Creation of dynamic property Modul\Carts\Controllers\Carts::$pager is deprecated in APPPATH\Controllers\BaseController.php on line 52.
 1 SYSTEMPATH\CodeIgniter.php(922): App\Controllers\BaseController->initController(Object(CodeIgniter\HTTP\IncomingRequest), Object(CodeIgniter\HTTP\Response), Object(CodeIgniter\Log\Logger))
 2 SYSTEMPATH\CodeIgniter.php(488): CodeIgniter\CodeIgniter->createController()
 3 SYSTEMPATH\CodeIgniter.php(340): CodeIgniter\CodeIgniter->handleRequest(null, Object(Config\Cache), false)
 4 SYSTEMPATH\Boot.php(417): CodeIgniter\CodeIgniter->run()
 5 SYSTEMPATH\Boot.php(68): CodeIgniter\Boot::runCodeIgniter(Object(CodeIgniter\CodeIgniter))
 6 FCPATH\index.php(59): CodeIgniter\Boot::bootWeb(Object(Config\Paths))
 7 SYSTEMPATH\rewrite.php(44): require_once('C:\\laragon\\data\\kainkita\\public\\index.php')
DEBUG - 2026-05-17 05:25:18 --> Session: Class initialized using 'CodeIgniter\Session\Handlers\FileHandler' driver.
WARNING - 2026-05-17 05:25:18 --> [DEPRECATED] Creation of dynamic property Modul\My_orders\Controllers\My_orders::$customers is deprecated in ROOTPATH\modul\My_orders\Controllers\My_orders.php on line 12.
 1 SYSTEMPATH\CodeIgniter.php(921): Modul\My_orders\Controllers\My_orders->__construct()
 2 SYSTEMPATH\CodeIgniter.php(488): CodeIgniter\CodeIgniter->createController()
 3 SYSTEMPATH\CodeIgniter.php(340): CodeIgniter\CodeIgniter->handleRequest(null, Object(Config\Cache), false)
 4 SYSTEMPATH\Boot.php(417): CodeIgniter\CodeIgniter->run()
 5 SYSTEMPATH\Boot.php(68): CodeIgniter\Boot::runCodeIgniter(Object(CodeIgniter\CodeIgniter))
 6 FCPATH\index.php(59): CodeIgniter\Boot::bootWeb(Object(Config\Paths))
 7 SYSTEMPATH\rewrite.php(44): require_once('C:\\laragon\\data\\kainkita\\public\\index.php')
WARNING - 2026-05-17 05:25:18 --> [DEPRECATED] Creation of dynamic property Modul\My_orders\Controllers\My_orders::$session is deprecated in APPPATH\Controllers\BaseController.php on line 47.
 1 SYSTEMPATH\CodeIgniter.php(922): App\Controllers\BaseController->initController(Object(CodeIgniter\HTTP\IncomingRequest), Object(CodeIgniter\HTTP\Response), Object(CodeIgniter\Log\Logger))
 2 SYSTEMPATH\CodeIgniter.php(488): CodeIgniter\CodeIgniter->createController()
 3 SYSTEMPATH\CodeIgniter.php(340): CodeIgniter\CodeIgniter->handleRequest(null, Object(Config\Cache), false)
 4 SYSTEMPATH\Boot.php(417): CodeIgniter\CodeIgniter->run()
 5 SYSTEMPATH\Boot.php(68): CodeIgniter\Boot::runCodeIgniter(Object(CodeIgniter\CodeIgniter))
 6 FCPATH\index.php(59): CodeIgniter\Boot::bootWeb(Object(Config\Paths))
 7 SYSTEMPATH\rewrite.php(44): require_once('C:\\laragon\\data\\kainkita\\public\\index.php')
WARNING - 2026-05-17 05:25:18 --> [DEPRECATED] Creation of dynamic property Modul\My_orders\Controllers\My_orders::$validation is deprecated in APPPATH\Controllers\BaseController.php on line 48.
 1 SYSTEMPATH\CodeIgniter.php(922): App\Controllers\BaseController->initController(Object(CodeIgniter\HTTP\IncomingRequest), Object(CodeIgniter\HTTP\Response), Object(CodeIgniter\Log\Logger))
 2 SYSTEMPATH\CodeIgniter.php(488): CodeIgniter\CodeIgniter->createController()
 3 SYSTEMPATH\CodeIgniter.php(340): CodeIgniter\CodeIgniter->handleRequest(null, Object(Config\Cache), false)
 4 SYSTEMPATH\Boot.php(417): CodeIgniter\CodeIgniter->run()
 5 SYSTEMPATH\Boot.php(68): CodeIgniter\Boot::runCodeIgniter(Object(CodeIgniter\CodeIgniter))
 6 FCPATH\index.php(59): CodeIgniter\Boot::bootWeb(Object(Config\Paths))
 7 SYSTEMPATH\rewrite.php(44): require_once('C:\\laragon\\data\\kainkita\\public\\index.php')
WARNING - 2026-05-17 05:25:18 --> [DEPRECATED] Creation of dynamic property Modul\My_orders\Controllers\My_orders::$db is deprecated in APPPATH\Controllers\BaseController.php on line 50.
 1 SYSTEMPATH\CodeIgniter.php(922): App\Controllers\BaseController->initController(Object(CodeIgniter\HTTP\IncomingRequest), Object(CodeIgniter\HTTP\Response), Object(CodeIgniter\Log\Logger))
 2 SYSTEMPATH\CodeIgniter.php(488): CodeIgniter\CodeIgniter->createController()
 3 SYSTEMPATH\CodeIgniter.php(340): CodeIgniter\CodeIgniter->handleRequest(null, Object(Config\Cache), false)
 4 SYSTEMPATH\Boot.php(417): CodeIgniter\CodeIgniter->run()
 5 SYSTEMPATH\Boot.php(68): CodeIgniter\Boot::runCodeIgniter(Object(CodeIgniter\CodeIgniter))
 6 FCPATH\index.php(59): CodeIgniter\Boot::bootWeb(Object(Config\Paths))
 7 SYSTEMPATH\rewrite.php(44): require_once('C:\\laragon\\data\\kainkita\\public\\index.php')
WARNING - 2026-05-17 05:25:18 --> [DEPRECATED] Creation of dynamic property Modul\My_orders\Controllers\My_orders::$uri is deprecated in APPPATH\Controllers\BaseController.php on line 51.
 1 SYSTEMPATH\CodeIgniter.php(922): App\Controllers\BaseController->initController(Object(CodeIgniter\HTTP\IncomingRequest), Object(CodeIgniter\HTTP\Response), Object(CodeIgniter\Log\Logger))
 2 SYSTEMPATH\CodeIgniter.php(488): CodeIgniter\CodeIgniter->createController()
 3 SYSTEMPATH\CodeIgniter.php(340): CodeIgniter\CodeIgniter->handleRequest(null, Object(Config\Cache), false)
 4 SYSTEMPATH\Boot.php(417): CodeIgniter\CodeIgniter->run()
 5 SYSTEMPATH\Boot.php(68): CodeIgniter\Boot::runCodeIgniter(Object(CodeIgniter\CodeIgniter))
 6 FCPATH\index.php(59): CodeIgniter\Boot::bootWeb(Object(Config\Paths))
 7 SYSTEMPATH\rewrite.php(44): require_once('C:\\laragon\\data\\kainkita\\public\\index.php')
WARNING - 2026-05-17 05:25:18 --> [DEPRECATED] Creation of dynamic property Modul\My_orders\Controllers\My_orders::$pager is deprecated in APPPATH\Controllers\BaseController.php on line 52.
 1 SYSTEMPATH\CodeIgniter.php(922): App\Controllers\BaseController->initController(Object(CodeIgniter\HTTP\IncomingRequest), Object(CodeIgniter\HTTP\Response), Object(CodeIgniter\Log\Logger))
 2 SYSTEMPATH\CodeIgniter.php(488): CodeIgniter\CodeIgniter->createController()
 3 SYSTEMPATH\CodeIgniter.php(340): CodeIgniter\CodeIgniter->handleRequest(null, Object(Config\Cache), false)
 4 SYSTEMPATH\Boot.php(417): CodeIgniter\CodeIgniter->run()
 5 SYSTEMPATH\Boot.php(68): CodeIgniter\Boot::runCodeIgniter(Object(CodeIgniter\CodeIgniter))
 6 FCPATH\index.php(59): CodeIgniter\Boot::bootWeb(Object(Config\Paths))
 7 SYSTEMPATH\rewrite.php(44): require_once('C:\\laragon\\data\\kainkita\\public\\index.php')
WARNING - 2026-05-17 05:25:18 --> [DEPRECATED] Creation of dynamic property CodeIgniter\View\View::$db is deprecated in APPPATH\Views\layout\template.php on line 4.
 1 SYSTEMPATH\View\View.php(238): include('C:\\laragon\\data\\kainkita\\app\\Views\\layout\\template.php')
 2 SYSTEMPATH\View\View.php(241): CodeIgniter\View\View->CodeIgniter\View\{closure}()
 3 SYSTEMPATH\View\View.php(254): CodeIgniter\View\View->render('layout/template', [], true)
 4 SYSTEMPATH\Common.php(1250): CodeIgniter\View\View->render('Modul\\My_orders\\Views\\viewOrders', [], true)
 5 ROOTPATH\modul\My_orders\Controllers\My_orders.php(49): view('Modul\\My_orders\\Views\\viewOrders', [...])
 6 SYSTEMPATH\CodeIgniter.php(951): Modul\My_orders\Controllers\My_orders->index()
 7 SYSTEMPATH\CodeIgniter.php(497): CodeIgniter\CodeIgniter->runController(Object(Modul\My_orders\Controllers\My_orders))
 8 SYSTEMPATH\CodeIgniter.php(340): CodeIgniter\CodeIgniter->handleRequest(null, Object(Config\Cache), false)
 9 SYSTEMPATH\Boot.php(417): CodeIgniter\CodeIgniter->run()
10 SYSTEMPATH\Boot.php(68): CodeIgniter\Boot::runCodeIgniter(Object(CodeIgniter\CodeIgniter))
11 FCPATH\index.php(59): CodeIgniter\Boot::bootWeb(Object(Config\Paths))
12 SYSTEMPATH\rewrite.php(44): require_once('C:\\laragon\\data\\kainkita\\public\\index.php')
DEBUG - 2026-05-17 05:25:20 --> Session: Class initialized using 'CodeIgniter\Session\Handlers\FileHandler' driver.
WARNING - 2026-05-17 05:25:20 --> [DEPRECATED] Creation of dynamic property Modul\Carts\Controllers\Carts::$session is deprecated in APPPATH\Controllers\BaseController.php on line 47.
 1 SYSTEMPATH\CodeIgniter.php(922): App\Controllers\BaseController->initController(Object(CodeIgniter\HTTP\IncomingRequest), Object(CodeIgniter\HTTP\Response), Object(CodeIgniter\Log\Logger))
 2 SYSTEMPATH\CodeIgniter.php(488): CodeIgniter\CodeIgniter->createController()
 3 SYSTEMPATH\CodeIgniter.php(340): CodeIgniter\CodeIgniter->handleRequest(null, Object(Config\Cache), false)
 4 SYSTEMPATH\Boot.php(417): CodeIgniter\CodeIgniter->run()
 5 SYSTEMPATH\Boot.php(68): CodeIgniter\Boot::runCodeIgniter(Object(CodeIgniter\CodeIgniter))
 6 FCPATH\index.php(59): CodeIgniter\Boot::bootWeb(Object(Config\Paths))
 7 SYSTEMPATH\rewrite.php(44): require_once('C:\\laragon\\data\\kainkita\\public\\index.php')
WARNING - 2026-05-17 05:25:20 --> [DEPRECATED] Creation of dynamic property Modul\Carts\Controllers\Carts::$validation is deprecated in APPPATH\Controllers\BaseController.php on line 48.
 1 SYSTEMPATH\CodeIgniter.php(922): App\Controllers\BaseController->initController(Object(CodeIgniter\HTTP\IncomingRequest), Object(CodeIgniter\HTTP\Response), Object(CodeIgniter\Log\Logger))
 2 SYSTEMPATH\CodeIgniter.php(488): CodeIgniter\CodeIgniter->createController()
 3 SYSTEMPATH\CodeIgniter.php(340): CodeIgniter\CodeIgniter->handleRequest(null, Object(Config\Cache), false)
 4 SYSTEMPATH\Boot.php(417): CodeIgniter\CodeIgniter->run()
 5 SYSTEMPATH\Boot.php(68): CodeIgniter\Boot::runCodeIgniter(Object(CodeIgniter\CodeIgniter))
 6 FCPATH\index.php(59): CodeIgniter\Boot::bootWeb(Object(Config\Paths))
 7 SYSTEMPATH\rewrite.php(44): require_once('C:\\laragon\\data\\kainkita\\public\\index.php')
WARNING - 2026-05-17 05:25:20 --> [DEPRECATED] Creation of dynamic property Modul\Carts\Controllers\Carts::$db is deprecated in APPPATH\Controllers\BaseController.php on line 50.
 1 SYSTEMPATH\CodeIgniter.php(922): App\Controllers\BaseController->initController(Object(CodeIgniter\HTTP\IncomingRequest), Object(CodeIgniter\HTTP\Response), Object(CodeIgniter\Log\Logger))
 2 SYSTEMPATH\CodeIgniter.php(488): CodeIgniter\CodeIgniter->createController()
 3 SYSTEMPATH\CodeIgniter.php(340): CodeIgniter\CodeIgniter->handleRequest(null, Object(Config\Cache), false)
 4 SYSTEMPATH\Boot.php(417): CodeIgniter\CodeIgniter->run()
 5 SYSTEMPATH\Boot.php(68): CodeIgniter\Boot::runCodeIgniter(Object(CodeIgniter\CodeIgniter))
 6 FCPATH\index.php(59): CodeIgniter\Boot::bootWeb(Object(Config\Paths))
 7 SYSTEMPATH\rewrite.php(44): require_once('C:\\laragon\\data\\kainkita\\public\\index.php')
WARNING - 2026-05-17 05:25:20 --> [DEPRECATED] Creation of dynamic property Modul\Carts\Controllers\Carts::$uri is deprecated in APPPATH\Controllers\BaseController.php on line 51.
 1 SYSTEMPATH\CodeIgniter.php(922): App\Controllers\BaseController->initController(Object(CodeIgniter\HTTP\IncomingRequest), Object(CodeIgniter\HTTP\Response), Object(CodeIgniter\Log\Logger))
 2 SYSTEMPATH\CodeIgniter.php(488): CodeIgniter\CodeIgniter->createController()
 3 SYSTEMPATH\CodeIgniter.php(340): CodeIgniter\CodeIgniter->handleRequest(null, Object(Config\Cache), false)
 4 SYSTEMPATH\Boot.php(417): CodeIgniter\CodeIgniter->run()
 5 SYSTEMPATH\Boot.php(68): CodeIgniter\Boot::runCodeIgniter(Object(CodeIgniter\CodeIgniter))
 6 FCPATH\index.php(59): CodeIgniter\Boot::bootWeb(Object(Config\Paths))
 7 SYSTEMPATH\rewrite.php(44): require_once('C:\\laragon\\data\\kainkita\\public\\index.php')
WARNING - 2026-05-17 05:25:20 --> [DEPRECATED] Creation of dynamic property Modul\Carts\Controllers\Carts::$pager is deprecated in APPPATH\Controllers\BaseController.php on line 52.
 1 SYSTEMPATH\CodeIgniter.php(922): App\Controllers\BaseController->initController(Object(CodeIgniter\HTTP\IncomingRequest), Object(CodeIgniter\HTTP\Response), Object(CodeIgniter\Log\Logger))
 2 SYSTEMPATH\CodeIgniter.php(488): CodeIgniter\CodeIgniter->createController()
 3 SYSTEMPATH\CodeIgniter.php(340): CodeIgniter\CodeIgniter->handleRequest(null, Object(Config\Cache), false)
 4 SYSTEMPATH\Boot.php(417): CodeIgniter\CodeIgniter->run()
 5 SYSTEMPATH\Boot.php(68): CodeIgniter\Boot::runCodeIgniter(Object(CodeIgniter\CodeIgniter))
 6 FCPATH\index.php(59): CodeIgniter\Boot::bootWeb(Object(Config\Paths))
 7 SYSTEMPATH\rewrite.php(44): require_once('C:\\laragon\\data\\kainkita\\public\\index.php')
DEBUG - 2026-05-17 05:25:20 --> Session: Class initialized using 'CodeIgniter\Session\Handlers\FileHandler' driver.
WARNING - 2026-05-17 05:25:20 --> [DEPRECATED] Creation of dynamic property Modul\Wishlists\Controllers\Wishlists::$wishlist is deprecated in ROOTPATH\modul\Wishlists\Controllers\Wishlists.php on line 13.
 1 SYSTEMPATH\CodeIgniter.php(921): Modul\Wishlists\Controllers\Wishlists->__construct()
 2 SYSTEMPATH\CodeIgniter.php(488): CodeIgniter\CodeIgniter->createController()
 3 SYSTEMPATH\CodeIgniter.php(340): CodeIgniter\CodeIgniter->handleRequest(null, Object(Config\Cache), false)
 4 SYSTEMPATH\Boot.php(417): CodeIgniter\CodeIgniter->run()
 5 SYSTEMPATH\Boot.php(68): CodeIgniter\Boot::runCodeIgniter(Object(CodeIgniter\CodeIgniter))
 6 FCPATH\index.php(59): CodeIgniter\Boot::bootWeb(Object(Config\Paths))
 7 SYSTEMPATH\rewrite.php(44): require_once('C:\\laragon\\data\\kainkita\\public\\index.php')
WARNING - 2026-05-17 05:25:20 --> [DEPRECATED] Creation of dynamic property Modul\Wishlists\Controllers\Wishlists::$customers is deprecated in ROOTPATH\modul\Wishlists\Controllers\Wishlists.php on line 14.
 1 SYSTEMPATH\CodeIgniter.php(921): Modul\Wishlists\Controllers\Wishlists->__construct()
 2 SYSTEMPATH\CodeIgniter.php(488): CodeIgniter\CodeIgniter->createController()
 3 SYSTEMPATH\CodeIgniter.php(340): CodeIgniter\CodeIgniter->handleRequest(null, Object(Config\Cache), false)
 4 SYSTEMPATH\Boot.php(417): CodeIgniter\CodeIgniter->run()
 5 SYSTEMPATH\Boot.php(68): CodeIgniter\Boot::runCodeIgniter(Object(CodeIgniter\CodeIgniter))
 6 FCPATH\index.php(59): CodeIgniter\Boot::bootWeb(Object(Config\Paths))
 7 SYSTEMPATH\rewrite.php(44): require_once('C:\\laragon\\data\\kainkita\\public\\index.php')
WARNING - 2026-05-17 05:25:20 --> [DEPRECATED] Creation of dynamic property Modul\Wishlists\Controllers\Wishlists::$session is deprecated in APPPATH\Controllers\BaseController.php on line 47.
 1 SYSTEMPATH\CodeIgniter.php(922): App\Controllers\BaseController->initController(Object(CodeIgniter\HTTP\IncomingRequest), Object(CodeIgniter\HTTP\Response), Object(CodeIgniter\Log\Logger))
 2 SYSTEMPATH\CodeIgniter.php(488): CodeIgniter\CodeIgniter->createController()
 3 SYSTEMPATH\CodeIgniter.php(340): CodeIgniter\CodeIgniter->handleRequest(null, Object(Config\Cache), false)
 4 SYSTEMPATH\Boot.php(417): CodeIgniter\CodeIgniter->run()
 5 SYSTEMPATH\Boot.php(68): CodeIgniter\Boot::runCodeIgniter(Object(CodeIgniter\CodeIgniter))
 6 FCPATH\index.php(59): CodeIgniter\Boot::bootWeb(Object(Config\Paths))
 7 SYSTEMPATH\rewrite.php(44): require_once('C:\\laragon\\data\\kainkita\\public\\index.php')
WARNING - 2026-05-17 05:25:20 --> [DEPRECATED] Creation of dynamic property Modul\Wishlists\Controllers\Wishlists::$validation is deprecated in APPPATH\Controllers\BaseController.php on line 48.
 1 SYSTEMPATH\CodeIgniter.php(922): App\Controllers\BaseController->initController(Object(CodeIgniter\HTTP\IncomingRequest), Object(CodeIgniter\HTTP\Response), Object(CodeIgniter\Log\Logger))
 2 SYSTEMPATH\CodeIgniter.php(488): CodeIgniter\CodeIgniter->createController()
 3 SYSTEMPATH\CodeIgniter.php(340): CodeIgniter\CodeIgniter->handleRequest(null, Object(Config\Cache), false)
 4 SYSTEMPATH\Boot.php(417): CodeIgniter\CodeIgniter->run()
 5 SYSTEMPATH\Boot.php(68): CodeIgniter\Boot::runCodeIgniter(Object(CodeIgniter\CodeIgniter))
 6 FCPATH\index.php(59): CodeIgniter\Boot::bootWeb(Object(Config\Paths))
 7 SYSTEMPATH\rewrite.php(44): require_once('C:\\laragon\\data\\kainkita\\public\\index.php')
WARNING - 2026-05-17 05:25:20 --> [DEPRECATED] Creation of dynamic property Modul\Wishlists\Controllers\Wishlists::$db is deprecated in APPPATH\Controllers\BaseController.php on line 50.
 1 SYSTEMPATH\CodeIgniter.php(922): App\Controllers\BaseController->initController(Object(CodeIgniter\HTTP\IncomingRequest), Object(CodeIgniter\HTTP\Response), Object(CodeIgniter\Log\Logger))
 2 SYSTEMPATH\CodeIgniter.php(488): CodeIgniter\CodeIgniter->createController()
 3 SYSTEMPATH\CodeIgniter.php(340): CodeIgniter\CodeIgniter->handleRequest(null, Object(Config\Cache), false)
 4 SYSTEMPATH\Boot.php(417): CodeIgniter\CodeIgniter->run()
 5 SYSTEMPATH\Boot.php(68): CodeIgniter\Boot::runCodeIgniter(Object(CodeIgniter\CodeIgniter))
 6 FCPATH\index.php(59): CodeIgniter\Boot::bootWeb(Object(Config\Paths))
 7 SYSTEMPATH\rewrite.php(44): require_once('C:\\laragon\\data\\kainkita\\public\\index.php')
WARNING - 2026-05-17 05:25:20 --> [DEPRECATED] Creation of dynamic property Modul\Wishlists\Controllers\Wishlists::$uri is deprecated in APPPATH\Controllers\BaseController.php on line 51.
 1 SYSTEMPATH\CodeIgniter.php(922): App\Controllers\BaseController->initController(Object(CodeIgniter\HTTP\IncomingRequest), Object(CodeIgniter\HTTP\Response), Object(CodeIgniter\Log\Logger))
 2 SYSTEMPATH\CodeIgniter.php(488): CodeIgniter\CodeIgniter->createController()
 3 SYSTEMPATH\CodeIgniter.php(340): CodeIgniter\CodeIgniter->handleRequest(null, Object(Config\Cache), false)
 4 SYSTEMPATH\Boot.php(417): CodeIgniter\CodeIgniter->run()
 5 SYSTEMPATH\Boot.php(68): CodeIgniter\Boot::runCodeIgniter(Object(CodeIgniter\CodeIgniter))
 6 FCPATH\index.php(59): CodeIgniter\Boot::bootWeb(Object(Config\Paths))
 7 SYSTEMPATH\rewrite.php(44): require_once('C:\\laragon\\data\\kainkita\\public\\index.php')
WARNING - 2026-05-17 05:25:20 --> [DEPRECATED] Creation of dynamic property Modul\Wishlists\Controllers\Wishlists::$pager is deprecated in APPPATH\Controllers\BaseController.php on line 52.
 1 SYSTEMPATH\CodeIgniter.php(922): App\Controllers\BaseController->initController(Object(CodeIgniter\HTTP\IncomingRequest), Object(CodeIgniter\HTTP\Response), Object(CodeIgniter\Log\Logger))
 2 SYSTEMPATH\CodeIgniter.php(488): CodeIgniter\CodeIgniter->createController()
 3 SYSTEMPATH\CodeIgniter.php(340): CodeIgniter\CodeIgniter->handleRequest(null, Object(Config\Cache), false)
 4 SYSTEMPATH\Boot.php(417): CodeIgniter\CodeIgniter->run()
 5 SYSTEMPATH\Boot.php(68): CodeIgniter\Boot::runCodeIgniter(Object(CodeIgniter\CodeIgniter))
 6 FCPATH\index.php(59): CodeIgniter\Boot::bootWeb(Object(Config\Paths))
 7 SYSTEMPATH\rewrite.php(44): require_once('C:\\laragon\\data\\kainkita\\public\\index.php')
WARNING - 2026-05-17 05:25:21 --> [DEPRECATED] Creation of dynamic property CodeIgniter\View\View::$db is deprecated in APPPATH\Views\layout\template.php on line 4.
 1 SYSTEMPATH\View\View.php(238): include('C:\\laragon\\data\\kainkita\\app\\Views\\layout\\template.php')
 2 SYSTEMPATH\View\View.php(241): CodeIgniter\View\View->CodeIgniter\View\{closure}()
 3 SYSTEMPATH\View\View.php(254): CodeIgniter\View\View->render('layout/template', [], true)
 4 SYSTEMPATH\Common.php(1250): CodeIgniter\View\View->render('Modul\\Wishlists\\Views\\viewWishlist', [], true)
 5 ROOTPATH\modul\Wishlists\Controllers\Wishlists.php(51): view('Modul\\Wishlists\\Views\\viewWishlist', [...])
 6 SYSTEMPATH\CodeIgniter.php(951): Modul\Wishlists\Controllers\Wishlists->index()
 7 SYSTEMPATH\CodeIgniter.php(497): CodeIgniter\CodeIgniter->runController(Object(Modul\Wishlists\Controllers\Wishlists))
 8 SYSTEMPATH\CodeIgniter.php(340): CodeIgniter\CodeIgniter->handleRequest(null, Object(Config\Cache), false)
 9 SYSTEMPATH\Boot.php(417): CodeIgniter\CodeIgniter->run()
10 SYSTEMPATH\Boot.php(68): CodeIgniter\Boot::runCodeIgniter(Object(CodeIgniter\CodeIgniter))
11 FCPATH\index.php(59): CodeIgniter\Boot::bootWeb(Object(Config\Paths))
12 SYSTEMPATH\rewrite.php(44): require_once('C:\\laragon\\data\\kainkita\\public\\index.php')
DEBUG - 2026-05-17 05:25:21 --> Session: Class initialized using 'CodeIgniter\Session\Handlers\FileHandler' driver.
WARNING - 2026-05-17 05:25:21 --> [DEPRECATED] Creation of dynamic property Modul\Carts\Controllers\Carts::$session is deprecated in APPPATH\Controllers\BaseController.php on line 47.
 1 SYSTEMPATH\CodeIgniter.php(922): App\Controllers\BaseController->initController(Object(CodeIgniter\HTTP\IncomingRequest), Object(CodeIgniter\HTTP\Response), Object(CodeIgniter\Log\Logger))
 2 SYSTEMPATH\CodeIgniter.php(488): CodeIgniter\CodeIgniter->createController()
 3 SYSTEMPATH\CodeIgniter.php(340): CodeIgniter\CodeIgniter->handleRequest(null, Object(Config\Cache), false)
 4 SYSTEMPATH\Boot.php(417): CodeIgniter\CodeIgniter->run()
 5 SYSTEMPATH\Boot.php(68): CodeIgniter\Boot::runCodeIgniter(Object(CodeIgniter\CodeIgniter))
 6 FCPATH\index.php(59): CodeIgniter\Boot::bootWeb(Object(Config\Paths))
 7 SYSTEMPATH\rewrite.php(44): require_once('C:\\laragon\\data\\kainkita\\public\\index.php')
WARNING - 2026-05-17 05:25:21 --> [DEPRECATED] Creation of dynamic property Modul\Carts\Controllers\Carts::$validation is deprecated in APPPATH\Controllers\BaseController.php on line 48.
 1 SYSTEMPATH\CodeIgniter.php(922): App\Controllers\BaseController->initController(Object(CodeIgniter\HTTP\IncomingRequest), Object(CodeIgniter\HTTP\Response), Object(CodeIgniter\Log\Logger))
 2 SYSTEMPATH\CodeIgniter.php(488): CodeIgniter\CodeIgniter->createController()
 3 SYSTEMPATH\CodeIgniter.php(340): CodeIgniter\CodeIgniter->handleRequest(null, Object(Config\Cache), false)
 4 SYSTEMPATH\Boot.php(417): CodeIgniter\CodeIgniter->run()
 5 SYSTEMPATH\Boot.php(68): CodeIgniter\Boot::runCodeIgniter(Object(CodeIgniter\CodeIgniter))
 6 FCPATH\index.php(59): CodeIgniter\Boot::bootWeb(Object(Config\Paths))
 7 SYSTEMPATH\rewrite.php(44): require_once('C:\\laragon\\data\\kainkita\\public\\index.php')
WARNING - 2026-05-17 05:25:21 --> [DEPRECATED] Creation of dynamic property Modul\Carts\Controllers\Carts::$db is deprecated in APPPATH\Controllers\BaseController.php on line 50.
 1 SYSTEMPATH\CodeIgniter.php(922): App\Controllers\BaseController->initController(Object(CodeIgniter\HTTP\IncomingRequest), Object(CodeIgniter\HTTP\Response), Object(CodeIgniter\Log\Logger))
 2 SYSTEMPATH\CodeIgniter.php(488): CodeIgniter\CodeIgniter->createController()
 3 SYSTEMPATH\CodeIgniter.php(340): CodeIgniter\CodeIgniter->handleRequest(null, Object(Config\Cache), false)
 4 SYSTEMPATH\Boot.php(417): CodeIgniter\CodeIgniter->run()
 5 SYSTEMPATH\Boot.php(68): CodeIgniter\Boot::runCodeIgniter(Object(CodeIgniter\CodeIgniter))
 6 FCPATH\index.php(59): CodeIgniter\Boot::bootWeb(Object(Config\Paths))
 7 SYSTEMPATH\rewrite.php(44): require_once('C:\\laragon\\data\\kainkita\\public\\index.php')
WARNING - 2026-05-17 05:25:21 --> [DEPRECATED] Creation of dynamic property Modul\Carts\Controllers\Carts::$uri is deprecated in APPPATH\Controllers\BaseController.php on line 51.
 1 SYSTEMPATH\CodeIgniter.php(922): App\Controllers\BaseController->initController(Object(CodeIgniter\HTTP\IncomingRequest), Object(CodeIgniter\HTTP\Response), Object(CodeIgniter\Log\Logger))
 2 SYSTEMPATH\CodeIgniter.php(488): CodeIgniter\CodeIgniter->createController()
 3 SYSTEMPATH\CodeIgniter.php(340): CodeIgniter\CodeIgniter->handleRequest(null, Object(Config\Cache), false)
 4 SYSTEMPATH\Boot.php(417): CodeIgniter\CodeIgniter->run()
 5 SYSTEMPATH\Boot.php(68): CodeIgniter\Boot::runCodeIgniter(Object(CodeIgniter\CodeIgniter))
 6 FCPATH\index.php(59): CodeIgniter\Boot::bootWeb(Object(Config\Paths))
 7 SYSTEMPATH\rewrite.php(44): require_once('C:\\laragon\\data\\kainkita\\public\\index.php')
WARNING - 2026-05-17 05:25:21 --> [DEPRECATED] Creation of dynamic property Modul\Carts\Controllers\Carts::$pager is deprecated in APPPATH\Controllers\BaseController.php on line 52.
 1 SYSTEMPATH\CodeIgniter.php(922): App\Controllers\BaseController->initController(Object(CodeIgniter\HTTP\IncomingRequest), Object(CodeIgniter\HTTP\Response), Object(CodeIgniter\Log\Logger))
 2 SYSTEMPATH\CodeIgniter.php(488): CodeIgniter\CodeIgniter->createController()
 3 SYSTEMPATH\CodeIgniter.php(340): CodeIgniter\CodeIgniter->handleRequest(null, Object(Config\Cache), false)
 4 SYSTEMPATH\Boot.php(417): CodeIgniter\CodeIgniter->run()
 5 SYSTEMPATH\Boot.php(68): CodeIgniter\Boot::runCodeIgniter(Object(CodeIgniter\CodeIgniter))
 6 FCPATH\index.php(59): CodeIgniter\Boot::bootWeb(Object(Config\Paths))
 7 SYSTEMPATH\rewrite.php(44): require_once('C:\\laragon\\data\\kainkita\\public\\index.php')
WARNING - 2026-05-17 05:25:23 --> [DEPRECATED] Creation of dynamic property Modul\Profile\Controllers\Profile::$customers is deprecated in ROOTPATH\modul\Profile\Controllers\Profile.php on line 12.
 1 SYSTEMPATH\CodeIgniter.php(921): Modul\Profile\Controllers\Profile->__construct()
 2 SYSTEMPATH\CodeIgniter.php(488): CodeIgniter\CodeIgniter->createController()
 3 SYSTEMPATH\CodeIgniter.php(340): CodeIgniter\CodeIgniter->handleRequest(null, Object(Config\Cache), false)
 4 SYSTEMPATH\Boot.php(417): CodeIgniter\CodeIgniter->run()
 5 SYSTEMPATH\Boot.php(68): CodeIgniter\Boot::runCodeIgniter(Object(CodeIgniter\CodeIgniter))
 6 FCPATH\index.php(59): CodeIgniter\Boot::bootWeb(Object(Config\Paths))
 7 SYSTEMPATH\rewrite.php(44): require_once('C:\\laragon\\data\\kainkita\\public\\index.php')
DEBUG - 2026-05-17 05:25:23 --> Session: Class initialized using 'CodeIgniter\Session\Handlers\FileHandler' driver.
WARNING - 2026-05-17 05:25:23 --> [DEPRECATED] Creation of dynamic property Modul\Profile\Controllers\Profile::$session is deprecated in APPPATH\Controllers\BaseController.php on line 47.
 1 SYSTEMPATH\CodeIgniter.php(922): App\Controllers\BaseController->initController(Object(CodeIgniter\HTTP\IncomingRequest), Object(CodeIgniter\HTTP\Response), Object(CodeIgniter\Log\Logger))
 2 SYSTEMPATH\CodeIgniter.php(488): CodeIgniter\CodeIgniter->createController()
 3 SYSTEMPATH\CodeIgniter.php(340): CodeIgniter\CodeIgniter->handleRequest(null, Object(Config\Cache), false)
 4 SYSTEMPATH\Boot.php(417): CodeIgniter\CodeIgniter->run()
 5 SYSTEMPATH\Boot.php(68): CodeIgniter\Boot::runCodeIgniter(Object(CodeIgniter\CodeIgniter))
 6 FCPATH\index.php(59): CodeIgniter\Boot::bootWeb(Object(Config\Paths))
 7 SYSTEMPATH\rewrite.php(44): require_once('C:\\laragon\\data\\kainkita\\public\\index.php')
WARNING - 2026-05-17 05:25:23 --> [DEPRECATED] Creation of dynamic property Modul\Profile\Controllers\Profile::$validation is deprecated in APPPATH\Controllers\BaseController.php on line 48.
 1 SYSTEMPATH\CodeIgniter.php(922): App\Controllers\BaseController->initController(Object(CodeIgniter\HTTP\IncomingRequest), Object(CodeIgniter\HTTP\Response), Object(CodeIgniter\Log\Logger))
 2 SYSTEMPATH\CodeIgniter.php(488): CodeIgniter\CodeIgniter->createController()
 3 SYSTEMPATH\CodeIgniter.php(340): CodeIgniter\CodeIgniter->handleRequest(null, Object(Config\Cache), false)
 4 SYSTEMPATH\Boot.php(417): CodeIgniter\CodeIgniter->run()
 5 SYSTEMPATH\Boot.php(68): CodeIgniter\Boot::runCodeIgniter(Object(CodeIgniter\CodeIgniter))
 6 FCPATH\index.php(59): CodeIgniter\Boot::bootWeb(Object(Config\Paths))
 7 SYSTEMPATH\rewrite.php(44): require_once('C:\\laragon\\data\\kainkita\\public\\index.php')
WARNING - 2026-05-17 05:25:23 --> [DEPRECATED] Creation of dynamic property Modul\Profile\Controllers\Profile::$db is deprecated in APPPATH\Controllers\BaseController.php on line 50.
 1 SYSTEMPATH\CodeIgniter.php(922): App\Controllers\BaseController->initController(Object(CodeIgniter\HTTP\IncomingRequest), Object(CodeIgniter\HTTP\Response), Object(CodeIgniter\Log\Logger))
 2 SYSTEMPATH\CodeIgniter.php(488): CodeIgniter\CodeIgniter->createController()
 3 SYSTEMPATH\CodeIgniter.php(340): CodeIgniter\CodeIgniter->handleRequest(null, Object(Config\Cache), false)
 4 SYSTEMPATH\Boot.php(417): CodeIgniter\CodeIgniter->run()
 5 SYSTEMPATH\Boot.php(68): CodeIgniter\Boot::runCodeIgniter(Object(CodeIgniter\CodeIgniter))
 6 FCPATH\index.php(59): CodeIgniter\Boot::bootWeb(Object(Config\Paths))
 7 SYSTEMPATH\rewrite.php(44): require_once('C:\\laragon\\data\\kainkita\\public\\index.php')
WARNING - 2026-05-17 05:25:23 --> [DEPRECATED] Creation of dynamic property Modul\Profile\Controllers\Profile::$uri is deprecated in APPPATH\Controllers\BaseController.php on line 51.
 1 SYSTEMPATH\CodeIgniter.php(922): App\Controllers\BaseController->initController(Object(CodeIgniter\HTTP\IncomingRequest), Object(CodeIgniter\HTTP\Response), Object(CodeIgniter\Log\Logger))
 2 SYSTEMPATH\CodeIgniter.php(488): CodeIgniter\CodeIgniter->createController()
 3 SYSTEMPATH\CodeIgniter.php(340): CodeIgniter\CodeIgniter->handleRequest(null, Object(Config\Cache), false)
 4 SYSTEMPATH\Boot.php(417): CodeIgniter\CodeIgniter->run()
 5 SYSTEMPATH\Boot.php(68): CodeIgniter\Boot::runCodeIgniter(Object(CodeIgniter\CodeIgniter))
 6 FCPATH\index.php(59): CodeIgniter\Boot::bootWeb(Object(Config\Paths))
 7 SYSTEMPATH\rewrite.php(44): require_once('C:\\laragon\\data\\kainkita\\public\\index.php')
WARNING - 2026-05-17 05:25:23 --> [DEPRECATED] Creation of dynamic property Modul\Profile\Controllers\Profile::$pager is deprecated in APPPATH\Controllers\BaseController.php on line 52.
 1 SYSTEMPATH\CodeIgniter.php(922): App\Controllers\BaseController->initController(Object(CodeIgniter\HTTP\IncomingRequest), Object(CodeIgniter\HTTP\Response), Object(CodeIgniter\Log\Logger))
 2 SYSTEMPATH\CodeIgniter.php(488): CodeIgniter\CodeIgniter->createController()
 3 SYSTEMPATH\CodeIgniter.php(340): CodeIgniter\CodeIgniter->handleRequest(null, Object(Config\Cache), false)
 4 SYSTEMPATH\Boot.php(417): CodeIgniter\CodeIgniter->run()
 5 SYSTEMPATH\Boot.php(68): CodeIgniter\Boot::runCodeIgniter(Object(CodeIgniter\CodeIgniter))
 6 FCPATH\index.php(59): CodeIgniter\Boot::bootWeb(Object(Config\Paths))
 7 SYSTEMPATH\rewrite.php(44): require_once('C:\\laragon\\data\\kainkita\\public\\index.php')
WARNING - 2026-05-17 05:25:23 --> [DEPRECATED] Creation of dynamic property CodeIgniter\View\View::$db is deprecated in APPPATH\Views\layout\template.php on line 4.
 1 SYSTEMPATH\View\View.php(238): include('C:\\laragon\\data\\kainkita\\app\\Views\\layout\\template.php')
 2 SYSTEMPATH\View\View.php(241): CodeIgniter\View\View->CodeIgniter\View\{closure}()
 3 SYSTEMPATH\View\View.php(254): CodeIgniter\View\View->render('layout/template', [], true)
 4 SYSTEMPATH\Common.php(1250): CodeIgniter\View\View->render('Modul\\Profile\\Views\\viewProfile', [], true)
 5 ROOTPATH\modul\Profile\Controllers\Profile.php(56): view('Modul\\Profile\\Views\\viewProfile', [...])
 6 SYSTEMPATH\CodeIgniter.php(951): Modul\Profile\Controllers\Profile->index()
 7 SYSTEMPATH\CodeIgniter.php(497): CodeIgniter\CodeIgniter->runController(Object(Modul\Profile\Controllers\Profile))
 8 SYSTEMPATH\CodeIgniter.php(340): CodeIgniter\CodeIgniter->handleRequest(null, Object(Config\Cache), false)
 9 SYSTEMPATH\Boot.php(417): CodeIgniter\CodeIgniter->run()
10 SYSTEMPATH\Boot.php(68): CodeIgniter\Boot::runCodeIgniter(Object(CodeIgniter\CodeIgniter))
11 FCPATH\index.php(59): CodeIgniter\Boot::bootWeb(Object(Config\Paths))
12 SYSTEMPATH\rewrite.php(44): require_once('C:\\laragon\\data\\kainkita\\public\\index.php')
DEBUG - 2026-05-17 05:25:24 --> Session: Class initialized using 'CodeIgniter\Session\Handlers\FileHandler' driver.
WARNING - 2026-05-17 05:25:24 --> [DEPRECATED] Creation of dynamic property Modul\Carts\Controllers\Carts::$session is deprecated in APPPATH\Controllers\BaseController.php on line 47.
 1 SYSTEMPATH\CodeIgniter.php(922): App\Controllers\BaseController->initController(Object(CodeIgniter\HTTP\IncomingRequest), Object(CodeIgniter\HTTP\Response), Object(CodeIgniter\Log\Logger))
 2 SYSTEMPATH\CodeIgniter.php(488): CodeIgniter\CodeIgniter->createController()
 3 SYSTEMPATH\CodeIgniter.php(340): CodeIgniter\CodeIgniter->handleRequest(null, Object(Config\Cache), false)
 4 SYSTEMPATH\Boot.php(417): CodeIgniter\CodeIgniter->run()
 5 SYSTEMPATH\Boot.php(68): CodeIgniter\Boot::runCodeIgniter(Object(CodeIgniter\CodeIgniter))
 6 FCPATH\index.php(59): CodeIgniter\Boot::bootWeb(Object(Config\Paths))
 7 SYSTEMPATH\rewrite.php(44): require_once('C:\\laragon\\data\\kainkita\\public\\index.php')
WARNING - 2026-05-17 05:25:24 --> [DEPRECATED] Creation of dynamic property Modul\Carts\Controllers\Carts::$validation is deprecated in APPPATH\Controllers\BaseController.php on line 48.
 1 SYSTEMPATH\CodeIgniter.php(922): App\Controllers\BaseController->initController(Object(CodeIgniter\HTTP\IncomingRequest), Object(CodeIgniter\HTTP\Response), Object(CodeIgniter\Log\Logger))
 2 SYSTEMPATH\CodeIgniter.php(488): CodeIgniter\CodeIgniter->createController()
 3 SYSTEMPATH\CodeIgniter.php(340): CodeIgniter\CodeIgniter->handleRequest(null, Object(Config\Cache), false)
 4 SYSTEMPATH\Boot.php(417): CodeIgniter\CodeIgniter->run()
 5 SYSTEMPATH\Boot.php(68): CodeIgniter\Boot::runCodeIgniter(Object(CodeIgniter\CodeIgniter))
 6 FCPATH\index.php(59): CodeIgniter\Boot::bootWeb(Object(Config\Paths))
 7 SYSTEMPATH\rewrite.php(44): require_once('C:\\laragon\\data\\kainkita\\public\\index.php')
WARNING - 2026-05-17 05:25:24 --> [DEPRECATED] Creation of dynamic property Modul\Carts\Controllers\Carts::$db is deprecated in APPPATH\Controllers\BaseController.php on line 50.
 1 SYSTEMPATH\CodeIgniter.php(922): App\Controllers\BaseController->initController(Object(CodeIgniter\HTTP\IncomingRequest), Object(CodeIgniter\HTTP\Response), Object(CodeIgniter\Log\Logger))
 2 SYSTEMPATH\CodeIgniter.php(488): CodeIgniter\CodeIgniter->createController()
 3 SYSTEMPATH\CodeIgniter.php(340): CodeIgniter\CodeIgniter->handleRequest(null, Object(Config\Cache), false)
 4 SYSTEMPATH\Boot.php(417): CodeIgniter\CodeIgniter->run()
 5 SYSTEMPATH\Boot.php(68): CodeIgniter\Boot::runCodeIgniter(Object(CodeIgniter\CodeIgniter))
 6 FCPATH\index.php(59): CodeIgniter\Boot::bootWeb(Object(Config\Paths))
 7 SYSTEMPATH\rewrite.php(44): require_once('C:\\laragon\\data\\kainkita\\public\\index.php')
WARNING - 2026-05-17 05:25:24 --> [DEPRECATED] Creation of dynamic property Modul\Carts\Controllers\Carts::$uri is deprecated in APPPATH\Controllers\BaseController.php on line 51.
 1 SYSTEMPATH\CodeIgniter.php(922): App\Controllers\BaseController->initController(Object(CodeIgniter\HTTP\IncomingRequest), Object(CodeIgniter\HTTP\Response), Object(CodeIgniter\Log\Logger))
 2 SYSTEMPATH\CodeIgniter.php(488): CodeIgniter\CodeIgniter->createController()
 3 SYSTEMPATH\CodeIgniter.php(340): CodeIgniter\CodeIgniter->handleRequest(null, Object(Config\Cache), false)
 4 SYSTEMPATH\Boot.php(417): CodeIgniter\CodeIgniter->run()
 5 SYSTEMPATH\Boot.php(68): CodeIgniter\Boot::runCodeIgniter(Object(CodeIgniter\CodeIgniter))
 6 FCPATH\index.php(59): CodeIgniter\Boot::bootWeb(Object(Config\Paths))
 7 SYSTEMPATH\rewrite.php(44): require_once('C:\\laragon\\data\\kainkita\\public\\index.php')
WARNING - 2026-05-17 05:25:24 --> [DEPRECATED] Creation of dynamic property Modul\Carts\Controllers\Carts::$pager is deprecated in APPPATH\Controllers\BaseController.php on line 52.
 1 SYSTEMPATH\CodeIgniter.php(922): App\Controllers\BaseController->initController(Object(CodeIgniter\HTTP\IncomingRequest), Object(CodeIgniter\HTTP\Response), Object(CodeIgniter\Log\Logger))
 2 SYSTEMPATH\CodeIgniter.php(488): CodeIgniter\CodeIgniter->createController()
 3 SYSTEMPATH\CodeIgniter.php(340): CodeIgniter\CodeIgniter->handleRequest(null, Object(Config\Cache), false)
 4 SYSTEMPATH\Boot.php(417): CodeIgniter\CodeIgniter->run()
 5 SYSTEMPATH\Boot.php(68): CodeIgniter\Boot::runCodeIgniter(Object(CodeIgniter\CodeIgniter))
 6 FCPATH\index.php(59): CodeIgniter\Boot::bootWeb(Object(Config\Paths))
 7 SYSTEMPATH\rewrite.php(44): require_once('C:\\laragon\\data\\kainkita\\public\\index.php')
DEBUG - 2026-05-17 05:25:25 --> Session: Class initialized using 'CodeIgniter\Session\Handlers\FileHandler' driver.
WARNING - 2026-05-17 05:25:25 --> [DEPRECATED] Creation of dynamic property Modul\My_orders\Controllers\My_orders::$customers is deprecated in ROOTPATH\modul\My_orders\Controllers\My_orders.php on line 12.
 1 SYSTEMPATH\CodeIgniter.php(921): Modul\My_orders\Controllers\My_orders->__construct()
 2 SYSTEMPATH\CodeIgniter.php(488): CodeIgniter\CodeIgniter->createController()
 3 SYSTEMPATH\CodeIgniter.php(340): CodeIgniter\CodeIgniter->handleRequest(null, Object(Config\Cache), false)
 4 SYSTEMPATH\Boot.php(417): CodeIgniter\CodeIgniter->run()
 5 SYSTEMPATH\Boot.php(68): CodeIgniter\Boot::runCodeIgniter(Object(CodeIgniter\CodeIgniter))
 6 FCPATH\index.php(59): CodeIgniter\Boot::bootWeb(Object(Config\Paths))
 7 SYSTEMPATH\rewrite.php(44): require_once('C:\\laragon\\data\\kainkita\\public\\index.php')
WARNING - 2026-05-17 05:25:25 --> [DEPRECATED] Creation of dynamic property Modul\My_orders\Controllers\My_orders::$session is deprecated in APPPATH\Controllers\BaseController.php on line 47.
 1 SYSTEMPATH\CodeIgniter.php(922): App\Controllers\BaseController->initController(Object(CodeIgniter\HTTP\IncomingRequest), Object(CodeIgniter\HTTP\Response), Object(CodeIgniter\Log\Logger))
 2 SYSTEMPATH\CodeIgniter.php(488): CodeIgniter\CodeIgniter->createController()
 3 SYSTEMPATH\CodeIgniter.php(340): CodeIgniter\CodeIgniter->handleRequest(null, Object(Config\Cache), false)
 4 SYSTEMPATH\Boot.php(417): CodeIgniter\CodeIgniter->run()
 5 SYSTEMPATH\Boot.php(68): CodeIgniter\Boot::runCodeIgniter(Object(CodeIgniter\CodeIgniter))
 6 FCPATH\index.php(59): CodeIgniter\Boot::bootWeb(Object(Config\Paths))
 7 SYSTEMPATH\rewrite.php(44): require_once('C:\\laragon\\data\\kainkita\\public\\index.php')
WARNING - 2026-05-17 05:25:25 --> [DEPRECATED] Creation of dynamic property Modul\My_orders\Controllers\My_orders::$validation is deprecated in APPPATH\Controllers\BaseController.php on line 48.
 1 SYSTEMPATH\CodeIgniter.php(922): App\Controllers\BaseController->initController(Object(CodeIgniter\HTTP\IncomingRequest), Object(CodeIgniter\HTTP\Response), Object(CodeIgniter\Log\Logger))
 2 SYSTEMPATH\CodeIgniter.php(488): CodeIgniter\CodeIgniter->createController()
 3 SYSTEMPATH\CodeIgniter.php(340): CodeIgniter\CodeIgniter->handleRequest(null, Object(Config\Cache), false)
 4 SYSTEMPATH\Boot.php(417): CodeIgniter\CodeIgniter->run()
 5 SYSTEMPATH\Boot.php(68): CodeIgniter\Boot::runCodeIgniter(Object(CodeIgniter\CodeIgniter))
 6 FCPATH\index.php(59): CodeIgniter\Boot::bootWeb(Object(Config\Paths))
 7 SYSTEMPATH\rewrite.php(44): require_once('C:\\laragon\\data\\kainkita\\public\\index.php')
WARNING - 2026-05-17 05:25:25 --> [DEPRECATED] Creation of dynamic property Modul\My_orders\Controllers\My_orders::$db is deprecated in APPPATH\Controllers\BaseController.php on line 50.
 1 SYSTEMPATH\CodeIgniter.php(922): App\Controllers\BaseController->initController(Object(CodeIgniter\HTTP\IncomingRequest), Object(CodeIgniter\HTTP\Response), Object(CodeIgniter\Log\Logger))
 2 SYSTEMPATH\CodeIgniter.php(488): CodeIgniter\CodeIgniter->createController()
 3 SYSTEMPATH\CodeIgniter.php(340): CodeIgniter\CodeIgniter->handleRequest(null, Object(Config\Cache), false)
 4 SYSTEMPATH\Boot.php(417): CodeIgniter\CodeIgniter->run()
 5 SYSTEMPATH\Boot.php(68): CodeIgniter\Boot::runCodeIgniter(Object(CodeIgniter\CodeIgniter))
 6 FCPATH\index.php(59): CodeIgniter\Boot::bootWeb(Object(Config\Paths))
 7 SYSTEMPATH\rewrite.php(44): require_once('C:\\laragon\\data\\kainkita\\public\\index.php')
WARNING - 2026-05-17 05:25:25 --> [DEPRECATED] Creation of dynamic property Modul\My_orders\Controllers\My_orders::$uri is deprecated in APPPATH\Controllers\BaseController.php on line 51.
 1 SYSTEMPATH\CodeIgniter.php(922): App\Controllers\BaseController->initController(Object(CodeIgniter\HTTP\IncomingRequest), Object(CodeIgniter\HTTP\Response), Object(CodeIgniter\Log\Logger))
 2 SYSTEMPATH\CodeIgniter.php(488): CodeIgniter\CodeIgniter->createController()
 3 SYSTEMPATH\CodeIgniter.php(340): CodeIgniter\CodeIgniter->handleRequest(null, Object(Config\Cache), false)
 4 SYSTEMPATH\Boot.php(417): CodeIgniter\CodeIgniter->run()
 5 SYSTEMPATH\Boot.php(68): CodeIgniter\Boot::runCodeIgniter(Object(CodeIgniter\CodeIgniter))
 6 FCPATH\index.php(59): CodeIgniter\Boot::bootWeb(Object(Config\Paths))
 7 SYSTEMPATH\rewrite.php(44): require_once('C:\\laragon\\data\\kainkita\\public\\index.php')
WARNING - 2026-05-17 05:25:25 --> [DEPRECATED] Creation of dynamic property Modul\My_orders\Controllers\My_orders::$pager is deprecated in APPPATH\Controllers\BaseController.php on line 52.
 1 SYSTEMPATH\CodeIgniter.php(922): App\Controllers\BaseController->initController(Object(CodeIgniter\HTTP\IncomingRequest), Object(CodeIgniter\HTTP\Response), Object(CodeIgniter\Log\Logger))
 2 SYSTEMPATH\CodeIgniter.php(488): CodeIgniter\CodeIgniter->createController()
 3 SYSTEMPATH\CodeIgniter.php(340): CodeIgniter\CodeIgniter->handleRequest(null, Object(Config\Cache), false)
 4 SYSTEMPATH\Boot.php(417): CodeIgniter\CodeIgniter->run()
 5 SYSTEMPATH\Boot.php(68): CodeIgniter\Boot::runCodeIgniter(Object(CodeIgniter\CodeIgniter))
 6 FCPATH\index.php(59): CodeIgniter\Boot::bootWeb(Object(Config\Paths))
 7 SYSTEMPATH\rewrite.php(44): require_once('C:\\laragon\\data\\kainkita\\public\\index.php')
WARNING - 2026-05-17 05:25:25 --> [DEPRECATED] Creation of dynamic property CodeIgniter\View\View::$db is deprecated in APPPATH\Views\layout\template.php on line 4.
 1 SYSTEMPATH\View\View.php(238): include('C:\\laragon\\data\\kainkita\\app\\Views\\layout\\template.php')
 2 SYSTEMPATH\View\View.php(241): CodeIgniter\View\View->CodeIgniter\View\{closure}()
 3 SYSTEMPATH\View\View.php(254): CodeIgniter\View\View->render('layout/template', [], true)
 4 SYSTEMPATH\Common.php(1250): CodeIgniter\View\View->render('Modul\\My_orders\\Views\\viewOrders', [], true)
 5 ROOTPATH\modul\My_orders\Controllers\My_orders.php(49): view('Modul\\My_orders\\Views\\viewOrders', [...])
 6 SYSTEMPATH\CodeIgniter.php(951): Modul\My_orders\Controllers\My_orders->index()
 7 SYSTEMPATH\CodeIgniter.php(497): CodeIgniter\CodeIgniter->runController(Object(Modul\My_orders\Controllers\My_orders))
 8 SYSTEMPATH\CodeIgniter.php(340): CodeIgniter\CodeIgniter->handleRequest(null, Object(Config\Cache), false)
 9 SYSTEMPATH\Boot.php(417): CodeIgniter\CodeIgniter->run()
10 SYSTEMPATH\Boot.php(68): CodeIgniter\Boot::runCodeIgniter(Object(CodeIgniter\CodeIgniter))
11 FCPATH\index.php(59): CodeIgniter\Boot::bootWeb(Object(Config\Paths))
12 SYSTEMPATH\rewrite.php(44): require_once('C:\\laragon\\data\\kainkita\\public\\index.php')
DEBUG - 2026-05-17 05:25:26 --> Session: Class initialized using 'CodeIgniter\Session\Handlers\FileHandler' driver.
WARNING - 2026-05-17 05:25:26 --> [DEPRECATED] Creation of dynamic property Modul\Carts\Controllers\Carts::$session is deprecated in APPPATH\Controllers\BaseController.php on line 47.
 1 SYSTEMPATH\CodeIgniter.php(922): App\Controllers\BaseController->initController(Object(CodeIgniter\HTTP\IncomingRequest), Object(CodeIgniter\HTTP\Response), Object(CodeIgniter\Log\Logger))
 2 SYSTEMPATH\CodeIgniter.php(488): CodeIgniter\CodeIgniter->createController()
 3 SYSTEMPATH\CodeIgniter.php(340): CodeIgniter\CodeIgniter->handleRequest(null, Object(Config\Cache), false)
 4 SYSTEMPATH\Boot.php(417): CodeIgniter\CodeIgniter->run()
 5 SYSTEMPATH\Boot.php(68): CodeIgniter\Boot::runCodeIgniter(Object(CodeIgniter\CodeIgniter))
 6 FCPATH\index.php(59): CodeIgniter\Boot::bootWeb(Object(Config\Paths))
 7 SYSTEMPATH\rewrite.php(44): require_once('C:\\laragon\\data\\kainkita\\public\\index.php')
WARNING - 2026-05-17 05:25:26 --> [DEPRECATED] Creation of dynamic property Modul\Carts\Controllers\Carts::$validation is deprecated in APPPATH\Controllers\BaseController.php on line 48.
 1 SYSTEMPATH\CodeIgniter.php(922): App\Controllers\BaseController->initController(Object(CodeIgniter\HTTP\IncomingRequest), Object(CodeIgniter\HTTP\Response), Object(CodeIgniter\Log\Logger))
 2 SYSTEMPATH\CodeIgniter.php(488): CodeIgniter\CodeIgniter->createController()
 3 SYSTEMPATH\CodeIgniter.php(340): CodeIgniter\CodeIgniter->handleRequest(null, Object(Config\Cache), false)
 4 SYSTEMPATH\Boot.php(417): CodeIgniter\CodeIgniter->run()
 5 SYSTEMPATH\Boot.php(68): CodeIgniter\Boot::runCodeIgniter(Object(CodeIgniter\CodeIgniter))
 6 FCPATH\index.php(59): CodeIgniter\Boot::bootWeb(Object(Config\Paths))
 7 SYSTEMPATH\rewrite.php(44): require_once('C:\\laragon\\data\\kainkita\\public\\index.php')
WARNING - 2026-05-17 05:25:26 --> [DEPRECATED] Creation of dynamic property Modul\Carts\Controllers\Carts::$db is deprecated in APPPATH\Controllers\BaseController.php on line 50.
 1 SYSTEMPATH\CodeIgniter.php(922): App\Controllers\BaseController->initController(Object(CodeIgniter\HTTP\IncomingRequest), Object(CodeIgniter\HTTP\Response), Object(CodeIgniter\Log\Logger))
 2 SYSTEMPATH\CodeIgniter.php(488): CodeIgniter\CodeIgniter->createController()
 3 SYSTEMPATH\CodeIgniter.php(340): CodeIgniter\CodeIgniter->handleRequest(null, Object(Config\Cache), false)
 4 SYSTEMPATH\Boot.php(417): CodeIgniter\CodeIgniter->run()
 5 SYSTEMPATH\Boot.php(68): CodeIgniter\Boot::runCodeIgniter(Object(CodeIgniter\CodeIgniter))
 6 FCPATH\index.php(59): CodeIgniter\Boot::bootWeb(Object(Config\Paths))
 7 SYSTEMPATH\rewrite.php(44): require_once('C:\\laragon\\data\\kainkita\\public\\index.php')
WARNING - 2026-05-17 05:25:26 --> [DEPRECATED] Creation of dynamic property Modul\Carts\Controllers\Carts::$uri is deprecated in APPPATH\Controllers\BaseController.php on line 51.
 1 SYSTEMPATH\CodeIgniter.php(922): App\Controllers\BaseController->initController(Object(CodeIgniter\HTTP\IncomingRequest), Object(CodeIgniter\HTTP\Response), Object(CodeIgniter\Log\Logger))
 2 SYSTEMPATH\CodeIgniter.php(488): CodeIgniter\CodeIgniter->createController()
 3 SYSTEMPATH\CodeIgniter.php(340): CodeIgniter\CodeIgniter->handleRequest(null, Object(Config\Cache), false)
 4 SYSTEMPATH\Boot.php(417): CodeIgniter\CodeIgniter->run()
 5 SYSTEMPATH\Boot.php(68): CodeIgniter\Boot::runCodeIgniter(Object(CodeIgniter\CodeIgniter))
 6 FCPATH\index.php(59): CodeIgniter\Boot::bootWeb(Object(Config\Paths))
 7 SYSTEMPATH\rewrite.php(44): require_once('C:\\laragon\\data\\kainkita\\public\\index.php')
WARNING - 2026-05-17 05:25:26 --> [DEPRECATED] Creation of dynamic property Modul\Carts\Controllers\Carts::$pager is deprecated in APPPATH\Controllers\BaseController.php on line 52.
 1 SYSTEMPATH\CodeIgniter.php(922): App\Controllers\BaseController->initController(Object(CodeIgniter\HTTP\IncomingRequest), Object(CodeIgniter\HTTP\Response), Object(CodeIgniter\Log\Logger))
 2 SYSTEMPATH\CodeIgniter.php(488): CodeIgniter\CodeIgniter->createController()
 3 SYSTEMPATH\CodeIgniter.php(340): CodeIgniter\CodeIgniter->handleRequest(null, Object(Config\Cache), false)
 4 SYSTEMPATH\Boot.php(417): CodeIgniter\CodeIgniter->run()
 5 SYSTEMPATH\Boot.php(68): CodeIgniter\Boot::runCodeIgniter(Object(CodeIgniter\CodeIgniter))
 6 FCPATH\index.php(59): CodeIgniter\Boot::bootWeb(Object(Config\Paths))
 7 SYSTEMPATH\rewrite.php(44): require_once('C:\\laragon\\data\\kainkita\\public\\index.php')
DEBUG - 2026-05-17 05:25:27 --> Session: Class initialized using 'CodeIgniter\Session\Handlers\FileHandler' driver.
WARNING - 2026-05-17 05:25:27 --> [DEPRECATED] Creation of dynamic property Modul\Wishlists\Controllers\Wishlists::$wishlist is deprecated in ROOTPATH\modul\Wishlists\Controllers\Wishlists.php on line 13.
 1 SYSTEMPATH\CodeIgniter.php(921): Modul\Wishlists\Controllers\Wishlists->__construct()
 2 SYSTEMPATH\CodeIgniter.php(488): CodeIgniter\CodeIgniter->createController()
 3 SYSTEMPATH\CodeIgniter.php(340): CodeIgniter\CodeIgniter->handleRequest(null, Object(Config\Cache), false)
 4 SYSTEMPATH\Boot.php(417): CodeIgniter\CodeIgniter->run()
 5 SYSTEMPATH\Boot.php(68): CodeIgniter\Boot::runCodeIgniter(Object(CodeIgniter\CodeIgniter))
 6 FCPATH\index.php(59): CodeIgniter\Boot::bootWeb(Object(Config\Paths))
 7 SYSTEMPATH\rewrite.php(44): require_once('C:\\laragon\\data\\kainkita\\public\\index.php')
WARNING - 2026-05-17 05:25:27 --> [DEPRECATED] Creation of dynamic property Modul\Wishlists\Controllers\Wishlists::$customers is deprecated in ROOTPATH\modul\Wishlists\Controllers\Wishlists.php on line 14.
 1 SYSTEMPATH\CodeIgniter.php(921): Modul\Wishlists\Controllers\Wishlists->__construct()
 2 SYSTEMPATH\CodeIgniter.php(488): CodeIgniter\CodeIgniter->createController()
 3 SYSTEMPATH\CodeIgniter.php(340): CodeIgniter\CodeIgniter->handleRequest(null, Object(Config\Cache), false)
 4 SYSTEMPATH\Boot.php(417): CodeIgniter\CodeIgniter->run()
 5 SYSTEMPATH\Boot.php(68): CodeIgniter\Boot::runCodeIgniter(Object(CodeIgniter\CodeIgniter))
 6 FCPATH\index.php(59): CodeIgniter\Boot::bootWeb(Object(Config\Paths))
 7 SYSTEMPATH\rewrite.php(44): require_once('C:\\laragon\\data\\kainkita\\public\\index.php')
WARNING - 2026-05-17 05:25:27 --> [DEPRECATED] Creation of dynamic property Modul\Wishlists\Controllers\Wishlists::$session is deprecated in APPPATH\Controllers\BaseController.php on line 47.
 1 SYSTEMPATH\CodeIgniter.php(922): App\Controllers\BaseController->initController(Object(CodeIgniter\HTTP\IncomingRequest), Object(CodeIgniter\HTTP\Response), Object(CodeIgniter\Log\Logger))
 2 SYSTEMPATH\CodeIgniter.php(488): CodeIgniter\CodeIgniter->createController()
 3 SYSTEMPATH\CodeIgniter.php(340): CodeIgniter\CodeIgniter->handleRequest(null, Object(Config\Cache), false)
 4 SYSTEMPATH\Boot.php(417): CodeIgniter\CodeIgniter->run()
 5 SYSTEMPATH\Boot.php(68): CodeIgniter\Boot::runCodeIgniter(Object(CodeIgniter\CodeIgniter))
 6 FCPATH\index.php(59): CodeIgniter\Boot::bootWeb(Object(Config\Paths))
 7 SYSTEMPATH\rewrite.php(44): require_once('C:\\laragon\\data\\kainkita\\public\\index.php')
WARNING - 2026-05-17 05:25:27 --> [DEPRECATED] Creation of dynamic property Modul\Wishlists\Controllers\Wishlists::$validation is deprecated in APPPATH\Controllers\BaseController.php on line 48.
 1 SYSTEMPATH\CodeIgniter.php(922): App\Controllers\BaseController->initController(Object(CodeIgniter\HTTP\IncomingRequest), Object(CodeIgniter\HTTP\Response), Object(CodeIgniter\Log\Logger))
 2 SYSTEMPATH\CodeIgniter.php(488): CodeIgniter\CodeIgniter->createController()
 3 SYSTEMPATH\CodeIgniter.php(340): CodeIgniter\CodeIgniter->handleRequest(null, Object(Config\Cache), false)
 4 SYSTEMPATH\Boot.php(417): CodeIgniter\CodeIgniter->run()
 5 SYSTEMPATH\Boot.php(68): CodeIgniter\Boot::runCodeIgniter(Object(CodeIgniter\CodeIgniter))
 6 FCPATH\index.php(59): CodeIgniter\Boot::bootWeb(Object(Config\Paths))
 7 SYSTEMPATH\rewrite.php(44): require_once('C:\\laragon\\data\\kainkita\\public\\index.php')
WARNING - 2026-05-17 05:25:27 --> [DEPRECATED] Creation of dynamic property Modul\Wishlists\Controllers\Wishlists::$db is deprecated in APPPATH\Controllers\BaseController.php on line 50.
 1 SYSTEMPATH\CodeIgniter.php(922): App\Controllers\BaseController->initController(Object(CodeIgniter\HTTP\IncomingRequest), Object(CodeIgniter\HTTP\Response), Object(CodeIgniter\Log\Logger))
 2 SYSTEMPATH\CodeIgniter.php(488): CodeIgniter\CodeIgniter->createController()
 3 SYSTEMPATH\CodeIgniter.php(340): CodeIgniter\CodeIgniter->handleRequest(null, Object(Config\Cache), false)
 4 SYSTEMPATH\Boot.php(417): CodeIgniter\CodeIgniter->run()
 5 SYSTEMPATH\Boot.php(68): CodeIgniter\Boot::runCodeIgniter(Object(CodeIgniter\CodeIgniter))
 6 FCPATH\index.php(59): CodeIgniter\Boot::bootWeb(Object(Config\Paths))
 7 SYSTEMPATH\rewrite.php(44): require_once('C:\\laragon\\data\\kainkita\\public\\index.php')
WARNING - 2026-05-17 05:25:27 --> [DEPRECATED] Creation of dynamic property Modul\Wishlists\Controllers\Wishlists::$uri is deprecated in APPPATH\Controllers\BaseController.php on line 51.
 1 SYSTEMPATH\CodeIgniter.php(922): App\Controllers\BaseController->initController(Object(CodeIgniter\HTTP\IncomingRequest), Object(CodeIgniter\HTTP\Response), Object(CodeIgniter\Log\Logger))
 2 SYSTEMPATH\CodeIgniter.php(488): CodeIgniter\CodeIgniter->createController()
 3 SYSTEMPATH\CodeIgniter.php(340): CodeIgniter\CodeIgniter->handleRequest(null, Object(Config\Cache), false)
 4 SYSTEMPATH\Boot.php(417): CodeIgniter\CodeIgniter->run()
 5 SYSTEMPATH\Boot.php(68): CodeIgniter\Boot::runCodeIgniter(Object(CodeIgniter\CodeIgniter))
 6 FCPATH\index.php(59): CodeIgniter\Boot::bootWeb(Object(Config\Paths))
 7 SYSTEMPATH\rewrite.php(44): require_once('C:\\laragon\\data\\kainkita\\public\\index.php')
WARNING - 2026-05-17 05:25:27 --> [DEPRECATED] Creation of dynamic property Modul\Wishlists\Controllers\Wishlists::$pager is deprecated in APPPATH\Controllers\BaseController.php on line 52.
 1 SYSTEMPATH\CodeIgniter.php(922): App\Controllers\BaseController->initController(Object(CodeIgniter\HTTP\IncomingRequest), Object(CodeIgniter\HTTP\Response), Object(CodeIgniter\Log\Logger))
 2 SYSTEMPATH\CodeIgniter.php(488): CodeIgniter\CodeIgniter->createController()
 3 SYSTEMPATH\CodeIgniter.php(340): CodeIgniter\CodeIgniter->handleRequest(null, Object(Config\Cache), false)
 4 SYSTEMPATH\Boot.php(417): CodeIgniter\CodeIgniter->run()
 5 SYSTEMPATH\Boot.php(68): CodeIgniter\Boot::runCodeIgniter(Object(CodeIgniter\CodeIgniter))
 6 FCPATH\index.php(59): CodeIgniter\Boot::bootWeb(Object(Config\Paths))
 7 SYSTEMPATH\rewrite.php(44): require_once('C:\\laragon\\data\\kainkita\\public\\index.php')
WARNING - 2026-05-17 05:25:27 --> [DEPRECATED] Creation of dynamic property CodeIgniter\View\View::$db is deprecated in APPPATH\Views\layout\template.php on line 4.
 1 SYSTEMPATH\View\View.php(238): include('C:\\laragon\\data\\kainkita\\app\\Views\\layout\\template.php')
 2 SYSTEMPATH\View\View.php(241): CodeIgniter\View\View->CodeIgniter\View\{closure}()
 3 SYSTEMPATH\View\View.php(254): CodeIgniter\View\View->render('layout/template', [], true)
 4 SYSTEMPATH\Common.php(1250): CodeIgniter\View\View->render('Modul\\Wishlists\\Views\\viewWishlist', [], true)
 5 ROOTPATH\modul\Wishlists\Controllers\Wishlists.php(51): view('Modul\\Wishlists\\Views\\viewWishlist', [...])
 6 SYSTEMPATH\CodeIgniter.php(951): Modul\Wishlists\Controllers\Wishlists->index()
 7 SYSTEMPATH\CodeIgniter.php(497): CodeIgniter\CodeIgniter->runController(Object(Modul\Wishlists\Controllers\Wishlists))
 8 SYSTEMPATH\CodeIgniter.php(340): CodeIgniter\CodeIgniter->handleRequest(null, Object(Config\Cache), false)
 9 SYSTEMPATH\Boot.php(417): CodeIgniter\CodeIgniter->run()
10 SYSTEMPATH\Boot.php(68): CodeIgniter\Boot::runCodeIgniter(Object(CodeIgniter\CodeIgniter))
11 FCPATH\index.php(59): CodeIgniter\Boot::bootWeb(Object(Config\Paths))
12 SYSTEMPATH\rewrite.php(44): require_once('C:\\laragon\\data\\kainkita\\public\\index.php')
DEBUG - 2026-05-17 05:25:28 --> Session: Class initialized using 'CodeIgniter\Session\Handlers\FileHandler' driver.
WARNING - 2026-05-17 05:25:28 --> [DEPRECATED] Creation of dynamic property Modul\Carts\Controllers\Carts::$session is deprecated in APPPATH\Controllers\BaseController.php on line 47.
 1 SYSTEMPATH\CodeIgniter.php(922): App\Controllers\BaseController->initController(Object(CodeIgniter\HTTP\IncomingRequest), Object(CodeIgniter\HTTP\Response), Object(CodeIgniter\Log\Logger))
 2 SYSTEMPATH\CodeIgniter.php(488): CodeIgniter\CodeIgniter->createController()
 3 SYSTEMPATH\CodeIgniter.php(340): CodeIgniter\CodeIgniter->handleRequest(null, Object(Config\Cache), false)
 4 SYSTEMPATH\Boot.php(417): CodeIgniter\CodeIgniter->run()
 5 SYSTEMPATH\Boot.php(68): CodeIgniter\Boot::runCodeIgniter(Object(CodeIgniter\CodeIgniter))
 6 FCPATH\index.php(59): CodeIgniter\Boot::bootWeb(Object(Config\Paths))
 7 SYSTEMPATH\rewrite.php(44): require_once('C:\\laragon\\data\\kainkita\\public\\index.php')
WARNING - 2026-05-17 05:25:28 --> [DEPRECATED] Creation of dynamic property Modul\Carts\Controllers\Carts::$validation is deprecated in APPPATH\Controllers\BaseController.php on line 48.
 1 SYSTEMPATH\CodeIgniter.php(922): App\Controllers\BaseController->initController(Object(CodeIgniter\HTTP\IncomingRequest), Object(CodeIgniter\HTTP\Response), Object(CodeIgniter\Log\Logger))
 2 SYSTEMPATH\CodeIgniter.php(488): CodeIgniter\CodeIgniter->createController()
 3 SYSTEMPATH\CodeIgniter.php(340): CodeIgniter\CodeIgniter->handleRequest(null, Object(Config\Cache), false)
 4 SYSTEMPATH\Boot.php(417): CodeIgniter\CodeIgniter->run()
 5 SYSTEMPATH\Boot.php(68): CodeIgniter\Boot::runCodeIgniter(Object(CodeIgniter\CodeIgniter))
 6 FCPATH\index.php(59): CodeIgniter\Boot::bootWeb(Object(Config\Paths))
 7 SYSTEMPATH\rewrite.php(44): require_once('C:\\laragon\\data\\kainkita\\public\\index.php')
WARNING - 2026-05-17 05:25:28 --> [DEPRECATED] Creation of dynamic property Modul\Carts\Controllers\Carts::$db is deprecated in APPPATH\Controllers\BaseController.php on line 50.
 1 SYSTEMPATH\CodeIgniter.php(922): App\Controllers\BaseController->initController(Object(CodeIgniter\HTTP\IncomingRequest), Object(CodeIgniter\HTTP\Response), Object(CodeIgniter\Log\Logger))
 2 SYSTEMPATH\CodeIgniter.php(488): CodeIgniter\CodeIgniter->createController()
 3 SYSTEMPATH\CodeIgniter.php(340): CodeIgniter\CodeIgniter->handleRequest(null, Object(Config\Cache), false)
 4 SYSTEMPATH\Boot.php(417): CodeIgniter\CodeIgniter->run()
 5 SYSTEMPATH\Boot.php(68): CodeIgniter\Boot::runCodeIgniter(Object(CodeIgniter\CodeIgniter))
 6 FCPATH\index.php(59): CodeIgniter\Boot::bootWeb(Object(Config\Paths))
 7 SYSTEMPATH\rewrite.php(44): require_once('C:\\laragon\\data\\kainkita\\public\\index.php')
WARNING - 2026-05-17 05:25:28 --> [DEPRECATED] Creation of dynamic property Modul\Carts\Controllers\Carts::$uri is deprecated in APPPATH\Controllers\BaseController.php on line 51.
 1 SYSTEMPATH\CodeIgniter.php(922): App\Controllers\BaseController->initController(Object(CodeIgniter\HTTP\IncomingRequest), Object(CodeIgniter\HTTP\Response), Object(CodeIgniter\Log\Logger))
 2 SYSTEMPATH\CodeIgniter.php(488): CodeIgniter\CodeIgniter->createController()
 3 SYSTEMPATH\CodeIgniter.php(340): CodeIgniter\CodeIgniter->handleRequest(null, Object(Config\Cache), false)
 4 SYSTEMPATH\Boot.php(417): CodeIgniter\CodeIgniter->run()
 5 SYSTEMPATH\Boot.php(68): CodeIgniter\Boot::runCodeIgniter(Object(CodeIgniter\CodeIgniter))
 6 FCPATH\index.php(59): CodeIgniter\Boot::bootWeb(Object(Config\Paths))
 7 SYSTEMPATH\rewrite.php(44): require_once('C:\\laragon\\data\\kainkita\\public\\index.php')
WARNING - 2026-05-17 05:25:28 --> [DEPRECATED] Creation of dynamic property Modul\Carts\Controllers\Carts::$pager is deprecated in APPPATH\Controllers\BaseController.php on line 52.
 1 SYSTEMPATH\CodeIgniter.php(922): App\Controllers\BaseController->initController(Object(CodeIgniter\HTTP\IncomingRequest), Object(CodeIgniter\HTTP\Response), Object(CodeIgniter\Log\Logger))
 2 SYSTEMPATH\CodeIgniter.php(488): CodeIgniter\CodeIgniter->createController()
 3 SYSTEMPATH\CodeIgniter.php(340): CodeIgniter\CodeIgniter->handleRequest(null, Object(Config\Cache), false)
 4 SYSTEMPATH\Boot.php(417): CodeIgniter\CodeIgniter->run()
 5 SYSTEMPATH\Boot.php(68): CodeIgniter\Boot::runCodeIgniter(Object(CodeIgniter\CodeIgniter))
 6 FCPATH\index.php(59): CodeIgniter\Boot::bootWeb(Object(Config\Paths))
 7 SYSTEMPATH\rewrite.php(44): require_once('C:\\laragon\\data\\kainkita\\public\\index.php')
DEBUG - 2026-05-17 05:25:29 --> Session: Class initialized using 'CodeIgniter\Session\Handlers\FileHandler' driver.
WARNING - 2026-05-17 05:25:29 --> [DEPRECATED] Creation of dynamic property Modul\My_orders\Controllers\My_orders::$customers is deprecated in ROOTPATH\modul\My_orders\Controllers\My_orders.php on line 12.
 1 SYSTEMPATH\CodeIgniter.php(921): Modul\My_orders\Controllers\My_orders->__construct()
 2 SYSTEMPATH\CodeIgniter.php(488): CodeIgniter\CodeIgniter->createController()
 3 SYSTEMPATH\CodeIgniter.php(340): CodeIgniter\CodeIgniter->handleRequest(null, Object(Config\Cache), false)
 4 SYSTEMPATH\Boot.php(417): CodeIgniter\CodeIgniter->run()
 5 SYSTEMPATH\Boot.php(68): CodeIgniter\Boot::runCodeIgniter(Object(CodeIgniter\CodeIgniter))
 6 FCPATH\index.php(59): CodeIgniter\Boot::bootWeb(Object(Config\Paths))
 7 SYSTEMPATH\rewrite.php(44): require_once('C:\\laragon\\data\\kainkita\\public\\index.php')
WARNING - 2026-05-17 05:25:29 --> [DEPRECATED] Creation of dynamic property Modul\My_orders\Controllers\My_orders::$session is deprecated in APPPATH\Controllers\BaseController.php on line 47.
 1 SYSTEMPATH\CodeIgniter.php(922): App\Controllers\BaseController->initController(Object(CodeIgniter\HTTP\IncomingRequest), Object(CodeIgniter\HTTP\Response), Object(CodeIgniter\Log\Logger))
 2 SYSTEMPATH\CodeIgniter.php(488): CodeIgniter\CodeIgniter->createController()
 3 SYSTEMPATH\CodeIgniter.php(340): CodeIgniter\CodeIgniter->handleRequest(null, Object(Config\Cache), false)
 4 SYSTEMPATH\Boot.php(417): CodeIgniter\CodeIgniter->run()
 5 SYSTEMPATH\Boot.php(68): CodeIgniter\Boot::runCodeIgniter(Object(CodeIgniter\CodeIgniter))
 6 FCPATH\index.php(59): CodeIgniter\Boot::bootWeb(Object(Config\Paths))
 7 SYSTEMPATH\rewrite.php(44): require_once('C:\\laragon\\data\\kainkita\\public\\index.php')
WARNING - 2026-05-17 05:25:29 --> [DEPRECATED] Creation of dynamic property Modul\My_orders\Controllers\My_orders::$validation is deprecated in APPPATH\Controllers\BaseController.php on line 48.
 1 SYSTEMPATH\CodeIgniter.php(922): App\Controllers\BaseController->initController(Object(CodeIgniter\HTTP\IncomingRequest), Object(CodeIgniter\HTTP\Response), Object(CodeIgniter\Log\Logger))
 2 SYSTEMPATH\CodeIgniter.php(488): CodeIgniter\CodeIgniter->createController()
 3 SYSTEMPATH\CodeIgniter.php(340): CodeIgniter\CodeIgniter->handleRequest(null, Object(Config\Cache), false)
 4 SYSTEMPATH\Boot.php(417): CodeIgniter\CodeIgniter->run()
 5 SYSTEMPATH\Boot.php(68): CodeIgniter\Boot::runCodeIgniter(Object(CodeIgniter\CodeIgniter))
 6 FCPATH\index.php(59): CodeIgniter\Boot::bootWeb(Object(Config\Paths))
 7 SYSTEMPATH\rewrite.php(44): require_once('C:\\laragon\\data\\kainkita\\public\\index.php')
WARNING - 2026-05-17 05:25:29 --> [DEPRECATED] Creation of dynamic property Modul\My_orders\Controllers\My_orders::$db is deprecated in APPPATH\Controllers\BaseController.php on line 50.
 1 SYSTEMPATH\CodeIgniter.php(922): App\Controllers\BaseController->initController(Object(CodeIgniter\HTTP\IncomingRequest), Object(CodeIgniter\HTTP\Response), Object(CodeIgniter\Log\Logger))
 2 SYSTEMPATH\CodeIgniter.php(488): CodeIgniter\CodeIgniter->createController()
 3 SYSTEMPATH\CodeIgniter.php(340): CodeIgniter\CodeIgniter->handleRequest(null, Object(Config\Cache), false)
 4 SYSTEMPATH\Boot.php(417): CodeIgniter\CodeIgniter->run()
 5 SYSTEMPATH\Boot.php(68): CodeIgniter\Boot::runCodeIgniter(Object(CodeIgniter\CodeIgniter))
 6 FCPATH\index.php(59): CodeIgniter\Boot::bootWeb(Object(Config\Paths))
 7 SYSTEMPATH\rewrite.php(44): require_once('C:\\laragon\\data\\kainkita\\public\\index.php')
WARNING - 2026-05-17 05:25:29 --> [DEPRECATED] Creation of dynamic property Modul\My_orders\Controllers\My_orders::$uri is deprecated in APPPATH\Controllers\BaseController.php on line 51.
 1 SYSTEMPATH\CodeIgniter.php(922): App\Controllers\BaseController->initController(Object(CodeIgniter\HTTP\IncomingRequest), Object(CodeIgniter\HTTP\Response), Object(CodeIgniter\Log\Logger))
 2 SYSTEMPATH\CodeIgniter.php(488): CodeIgniter\CodeIgniter->createController()
 3 SYSTEMPATH\CodeIgniter.php(340): CodeIgniter\CodeIgniter->handleRequest(null, Object(Config\Cache), false)
 4 SYSTEMPATH\Boot.php(417): CodeIgniter\CodeIgniter->run()
 5 SYSTEMPATH\Boot.php(68): CodeIgniter\Boot::runCodeIgniter(Object(CodeIgniter\CodeIgniter))
 6 FCPATH\index.php(59): CodeIgniter\Boot::bootWeb(Object(Config\Paths))
 7 SYSTEMPATH\rewrite.php(44): require_once('C:\\laragon\\data\\kainkita\\public\\index.php')
WARNING - 2026-05-17 05:25:29 --> [DEPRECATED] Creation of dynamic property Modul\My_orders\Controllers\My_orders::$pager is deprecated in APPPATH\Controllers\BaseController.php on line 52.
 1 SYSTEMPATH\CodeIgniter.php(922): App\Controllers\BaseController->initController(Object(CodeIgniter\HTTP\IncomingRequest), Object(CodeIgniter\HTTP\Response), Object(CodeIgniter\Log\Logger))
 2 SYSTEMPATH\CodeIgniter.php(488): CodeIgniter\CodeIgniter->createController()
 3 SYSTEMPATH\CodeIgniter.php(340): CodeIgniter\CodeIgniter->handleRequest(null, Object(Config\Cache), false)
 4 SYSTEMPATH\Boot.php(417): CodeIgniter\CodeIgniter->run()
 5 SYSTEMPATH\Boot.php(68): CodeIgniter\Boot::runCodeIgniter(Object(CodeIgniter\CodeIgniter))
 6 FCPATH\index.php(59): CodeIgniter\Boot::bootWeb(Object(Config\Paths))
 7 SYSTEMPATH\rewrite.php(44): require_once('C:\\laragon\\data\\kainkita\\public\\index.php')
WARNING - 2026-05-17 05:25:29 --> [DEPRECATED] Creation of dynamic property CodeIgniter\View\View::$db is deprecated in APPPATH\Views\layout\template.php on line 4.
 1 SYSTEMPATH\View\View.php(238): include('C:\\laragon\\data\\kainkita\\app\\Views\\layout\\template.php')
 2 SYSTEMPATH\View\View.php(241): CodeIgniter\View\View->CodeIgniter\View\{closure}()
 3 SYSTEMPATH\View\View.php(254): CodeIgniter\View\View->render('layout/template', [], true)
 4 SYSTEMPATH\Common.php(1250): CodeIgniter\View\View->render('Modul\\My_orders\\Views\\viewOrders', [], true)
 5 ROOTPATH\modul\My_orders\Controllers\My_orders.php(49): view('Modul\\My_orders\\Views\\viewOrders', [...])
 6 SYSTEMPATH\CodeIgniter.php(951): Modul\My_orders\Controllers\My_orders->index()
 7 SYSTEMPATH\CodeIgniter.php(497): CodeIgniter\CodeIgniter->runController(Object(Modul\My_orders\Controllers\My_orders))
 8 SYSTEMPATH\CodeIgniter.php(340): CodeIgniter\CodeIgniter->handleRequest(null, Object(Config\Cache), false)
 9 SYSTEMPATH\Boot.php(417): CodeIgniter\CodeIgniter->run()
10 SYSTEMPATH\Boot.php(68): CodeIgniter\Boot::runCodeIgniter(Object(CodeIgniter\CodeIgniter))
11 FCPATH\index.php(59): CodeIgniter\Boot::bootWeb(Object(Config\Paths))
12 SYSTEMPATH\rewrite.php(44): require_once('C:\\laragon\\data\\kainkita\\public\\index.php')
DEBUG - 2026-05-17 05:25:30 --> Session: Class initialized using 'CodeIgniter\Session\Handlers\FileHandler' driver.
WARNING - 2026-05-17 05:25:30 --> [DEPRECATED] Creation of dynamic property Modul\Carts\Controllers\Carts::$session is deprecated in APPPATH\Controllers\BaseController.php on line 47.
 1 SYSTEMPATH\CodeIgniter.php(922): App\Controllers\BaseController->initController(Object(CodeIgniter\HTTP\IncomingRequest), Object(CodeIgniter\HTTP\Response), Object(CodeIgniter\Log\Logger))
 2 SYSTEMPATH\CodeIgniter.php(488): CodeIgniter\CodeIgniter->createController()
 3 SYSTEMPATH\CodeIgniter.php(340): CodeIgniter\CodeIgniter->handleRequest(null, Object(Config\Cache), false)
 4 SYSTEMPATH\Boot.php(417): CodeIgniter\CodeIgniter->run()
 5 SYSTEMPATH\Boot.php(68): CodeIgniter\Boot::runCodeIgniter(Object(CodeIgniter\CodeIgniter))
 6 FCPATH\index.php(59): CodeIgniter\Boot::bootWeb(Object(Config\Paths))
 7 SYSTEMPATH\rewrite.php(44): require_once('C:\\laragon\\data\\kainkita\\public\\index.php')
WARNING - 2026-05-17 05:25:30 --> [DEPRECATED] Creation of dynamic property Modul\Carts\Controllers\Carts::$validation is deprecated in APPPATH\Controllers\BaseController.php on line 48.
 1 SYSTEMPATH\CodeIgniter.php(922): App\Controllers\BaseController->initController(Object(CodeIgniter\HTTP\IncomingRequest), Object(CodeIgniter\HTTP\Response), Object(CodeIgniter\Log\Logger))
 2 SYSTEMPATH\CodeIgniter.php(488): CodeIgniter\CodeIgniter->createController()
 3 SYSTEMPATH\CodeIgniter.php(340): CodeIgniter\CodeIgniter->handleRequest(null, Object(Config\Cache), false)
 4 SYSTEMPATH\Boot.php(417): CodeIgniter\CodeIgniter->run()
 5 SYSTEMPATH\Boot.php(68): CodeIgniter\Boot::runCodeIgniter(Object(CodeIgniter\CodeIgniter))
 6 FCPATH\index.php(59): CodeIgniter\Boot::bootWeb(Object(Config\Paths))
 7 SYSTEMPATH\rewrite.php(44): require_once('C:\\laragon\\data\\kainkita\\public\\index.php')
WARNING - 2026-05-17 05:25:30 --> [DEPRECATED] Creation of dynamic property Modul\Carts\Controllers\Carts::$db is deprecated in APPPATH\Controllers\BaseController.php on line 50.
 1 SYSTEMPATH\CodeIgniter.php(922): App\Controllers\BaseController->initController(Object(CodeIgniter\HTTP\IncomingRequest), Object(CodeIgniter\HTTP\Response), Object(CodeIgniter\Log\Logger))
 2 SYSTEMPATH\CodeIgniter.php(488): CodeIgniter\CodeIgniter->createController()
 3 SYSTEMPATH\CodeIgniter.php(340): CodeIgniter\CodeIgniter->handleRequest(null, Object(Config\Cache), false)
 4 SYSTEMPATH\Boot.php(417): CodeIgniter\CodeIgniter->run()
 5 SYSTEMPATH\Boot.php(68): CodeIgniter\Boot::runCodeIgniter(Object(CodeIgniter\CodeIgniter))
 6 FCPATH\index.php(59): CodeIgniter\Boot::bootWeb(Object(Config\Paths))
 7 SYSTEMPATH\rewrite.php(44): require_once('C:\\laragon\\data\\kainkita\\public\\index.php')
WARNING - 2026-05-17 05:25:30 --> [DEPRECATED] Creation of dynamic property Modul\Carts\Controllers\Carts::$uri is deprecated in APPPATH\Controllers\BaseController.php on line 51.
 1 SYSTEMPATH\CodeIgniter.php(922): App\Controllers\BaseController->initController(Object(CodeIgniter\HTTP\IncomingRequest), Object(CodeIgniter\HTTP\Response), Object(CodeIgniter\Log\Logger))
 2 SYSTEMPATH\CodeIgniter.php(488): CodeIgniter\CodeIgniter->createController()
 3 SYSTEMPATH\CodeIgniter.php(340): CodeIgniter\CodeIgniter->handleRequest(null, Object(Config\Cache), false)
 4 SYSTEMPATH\Boot.php(417): CodeIgniter\CodeIgniter->run()
 5 SYSTEMPATH\Boot.php(68): CodeIgniter\Boot::runCodeIgniter(Object(CodeIgniter\CodeIgniter))
 6 FCPATH\index.php(59): CodeIgniter\Boot::bootWeb(Object(Config\Paths))
 7 SYSTEMPATH\rewrite.php(44): require_once('C:\\laragon\\data\\kainkita\\public\\index.php')
WARNING - 2026-05-17 05:25:30 --> [DEPRECATED] Creation of dynamic property Modul\Carts\Controllers\Carts::$pager is deprecated in APPPATH\Controllers\BaseController.php on line 52.
 1 SYSTEMPATH\CodeIgniter.php(922): App\Controllers\BaseController->initController(Object(CodeIgniter\HTTP\IncomingRequest), Object(CodeIgniter\HTTP\Response), Object(CodeIgniter\Log\Logger))
 2 SYSTEMPATH\CodeIgniter.php(488): CodeIgniter\CodeIgniter->createController()
 3 SYSTEMPATH\CodeIgniter.php(340): CodeIgniter\CodeIgniter->handleRequest(null, Object(Config\Cache), false)
 4 SYSTEMPATH\Boot.php(417): CodeIgniter\CodeIgniter->run()
 5 SYSTEMPATH\Boot.php(68): CodeIgniter\Boot::runCodeIgniter(Object(CodeIgniter\CodeIgniter))
 6 FCPATH\index.php(59): CodeIgniter\Boot::bootWeb(Object(Config\Paths))
 7 SYSTEMPATH\rewrite.php(44): require_once('C:\\laragon\\data\\kainkita\\public\\index.php')
DEBUG - 2026-05-17 05:25:30 --> Session: Class initialized using 'CodeIgniter\Session\Handlers\FileHandler' driver.
WARNING - 2026-05-17 05:25:30 --> [DEPRECATED] Creation of dynamic property Modul\Wishlists\Controllers\Wishlists::$wishlist is deprecated in ROOTPATH\modul\Wishlists\Controllers\Wishlists.php on line 13.
 1 SYSTEMPATH\CodeIgniter.php(921): Modul\Wishlists\Controllers\Wishlists->__construct()
 2 SYSTEMPATH\CodeIgniter.php(488): CodeIgniter\CodeIgniter->createController()
 3 SYSTEMPATH\CodeIgniter.php(340): CodeIgniter\CodeIgniter->handleRequest(null, Object(Config\Cache), false)
 4 SYSTEMPATH\Boot.php(417): CodeIgniter\CodeIgniter->run()
 5 SYSTEMPATH\Boot.php(68): CodeIgniter\Boot::runCodeIgniter(Object(CodeIgniter\CodeIgniter))
 6 FCPATH\index.php(59): CodeIgniter\Boot::bootWeb(Object(Config\Paths))
 7 SYSTEMPATH\rewrite.php(44): require_once('C:\\laragon\\data\\kainkita\\public\\index.php')
WARNING - 2026-05-17 05:25:30 --> [DEPRECATED] Creation of dynamic property Modul\Wishlists\Controllers\Wishlists::$customers is deprecated in ROOTPATH\modul\Wishlists\Controllers\Wishlists.php on line 14.
 1 SYSTEMPATH\CodeIgniter.php(921): Modul\Wishlists\Controllers\Wishlists->__construct()
 2 SYSTEMPATH\CodeIgniter.php(488): CodeIgniter\CodeIgniter->createController()
 3 SYSTEMPATH\CodeIgniter.php(340): CodeIgniter\CodeIgniter->handleRequest(null, Object(Config\Cache), false)
 4 SYSTEMPATH\Boot.php(417): CodeIgniter\CodeIgniter->run()
 5 SYSTEMPATH\Boot.php(68): CodeIgniter\Boot::runCodeIgniter(Object(CodeIgniter\CodeIgniter))
 6 FCPATH\index.php(59): CodeIgniter\Boot::bootWeb(Object(Config\Paths))
 7 SYSTEMPATH\rewrite.php(44): require_once('C:\\laragon\\data\\kainkita\\public\\index.php')
WARNING - 2026-05-17 05:25:30 --> [DEPRECATED] Creation of dynamic property Modul\Wishlists\Controllers\Wishlists::$session is deprecated in APPPATH\Controllers\BaseController.php on line 47.
 1 SYSTEMPATH\CodeIgniter.php(922): App\Controllers\BaseController->initController(Object(CodeIgniter\HTTP\IncomingRequest), Object(CodeIgniter\HTTP\Response), Object(CodeIgniter\Log\Logger))
 2 SYSTEMPATH\CodeIgniter.php(488): CodeIgniter\CodeIgniter->createController()
 3 SYSTEMPATH\CodeIgniter.php(340): CodeIgniter\CodeIgniter->handleRequest(null, Object(Config\Cache), false)
 4 SYSTEMPATH\Boot.php(417): CodeIgniter\CodeIgniter->run()
 5 SYSTEMPATH\Boot.php(68): CodeIgniter\Boot::runCodeIgniter(Object(CodeIgniter\CodeIgniter))
 6 FCPATH\index.php(59): CodeIgniter\Boot::bootWeb(Object(Config\Paths))
 7 SYSTEMPATH\rewrite.php(44): require_once('C:\\laragon\\data\\kainkita\\public\\index.php')
WARNING - 2026-05-17 05:25:30 --> [DEPRECATED] Creation of dynamic property Modul\Wishlists\Controllers\Wishlists::$validation is deprecated in APPPATH\Controllers\BaseController.php on line 48.
 1 SYSTEMPATH\CodeIgniter.php(922): App\Controllers\BaseController->initController(Object(CodeIgniter\HTTP\IncomingRequest), Object(CodeIgniter\HTTP\Response), Object(CodeIgniter\Log\Logger))
 2 SYSTEMPATH\CodeIgniter.php(488): CodeIgniter\CodeIgniter->createController()
 3 SYSTEMPATH\CodeIgniter.php(340): CodeIgniter\CodeIgniter->handleRequest(null, Object(Config\Cache), false)
 4 SYSTEMPATH\Boot.php(417): CodeIgniter\CodeIgniter->run()
 5 SYSTEMPATH\Boot.php(68): CodeIgniter\Boot::runCodeIgniter(Object(CodeIgniter\CodeIgniter))
 6 FCPATH\index.php(59): CodeIgniter\Boot::bootWeb(Object(Config\Paths))
 7 SYSTEMPATH\rewrite.php(44): require_once('C:\\laragon\\data\\kainkita\\public\\index.php')
WARNING - 2026-05-17 05:25:30 --> [DEPRECATED] Creation of dynamic property Modul\Wishlists\Controllers\Wishlists::$db is deprecated in APPPATH\Controllers\BaseController.php on line 50.
 1 SYSTEMPATH\CodeIgniter.php(922): App\Controllers\BaseController->initController(Object(CodeIgniter\HTTP\IncomingRequest), Object(CodeIgniter\HTTP\Response), Object(CodeIgniter\Log\Logger))
 2 SYSTEMPATH\CodeIgniter.php(488): CodeIgniter\CodeIgniter->createController()
 3 SYSTEMPATH\CodeIgniter.php(340): CodeIgniter\CodeIgniter->handleRequest(null, Object(Config\Cache), false)
 4 SYSTEMPATH\Boot.php(417): CodeIgniter\CodeIgniter->run()
 5 SYSTEMPATH\Boot.php(68): CodeIgniter\Boot::runCodeIgniter(Object(CodeIgniter\CodeIgniter))
 6 FCPATH\index.php(59): CodeIgniter\Boot::bootWeb(Object(Config\Paths))
 7 SYSTEMPATH\rewrite.php(44): require_once('C:\\laragon\\data\\kainkita\\public\\index.php')
WARNING - 2026-05-17 05:25:30 --> [DEPRECATED] Creation of dynamic property Modul\Wishlists\Controllers\Wishlists::$uri is deprecated in APPPATH\Controllers\BaseController.php on line 51.
 1 SYSTEMPATH\CodeIgniter.php(922): App\Controllers\BaseController->initController(Object(CodeIgniter\HTTP\IncomingRequest), Object(CodeIgniter\HTTP\Response), Object(CodeIgniter\Log\Logger))
 2 SYSTEMPATH\CodeIgniter.php(488): CodeIgniter\CodeIgniter->createController()
 3 SYSTEMPATH\CodeIgniter.php(340): CodeIgniter\CodeIgniter->handleRequest(null, Object(Config\Cache), false)
 4 SYSTEMPATH\Boot.php(417): CodeIgniter\CodeIgniter->run()
 5 SYSTEMPATH\Boot.php(68): CodeIgniter\Boot::runCodeIgniter(Object(CodeIgniter\CodeIgniter))
 6 FCPATH\index.php(59): CodeIgniter\Boot::bootWeb(Object(Config\Paths))
 7 SYSTEMPATH\rewrite.php(44): require_once('C:\\laragon\\data\\kainkita\\public\\index.php')
WARNING - 2026-05-17 05:25:30 --> [DEPRECATED] Creation of dynamic property Modul\Wishlists\Controllers\Wishlists::$pager is deprecated in APPPATH\Controllers\BaseController.php on line 52.
 1 SYSTEMPATH\CodeIgniter.php(922): App\Controllers\BaseController->initController(Object(CodeIgniter\HTTP\IncomingRequest), Object(CodeIgniter\HTTP\Response), Object(CodeIgniter\Log\Logger))
 2 SYSTEMPATH\CodeIgniter.php(488): CodeIgniter\CodeIgniter->createController()
 3 SYSTEMPATH\CodeIgniter.php(340): CodeIgniter\CodeIgniter->handleRequest(null, Object(Config\Cache), false)
 4 SYSTEMPATH\Boot.php(417): CodeIgniter\CodeIgniter->run()
 5 SYSTEMPATH\Boot.php(68): CodeIgniter\Boot::runCodeIgniter(Object(CodeIgniter\CodeIgniter))
 6 FCPATH\index.php(59): CodeIgniter\Boot::bootWeb(Object(Config\Paths))
 7 SYSTEMPATH\rewrite.php(44): require_once('C:\\laragon\\data\\kainkita\\public\\index.php')
WARNING - 2026-05-17 05:25:30 --> [DEPRECATED] Creation of dynamic property CodeIgniter\View\View::$db is deprecated in APPPATH\Views\layout\template.php on line 4.
 1 SYSTEMPATH\View\View.php(238): include('C:\\laragon\\data\\kainkita\\app\\Views\\layout\\template.php')
 2 SYSTEMPATH\View\View.php(241): CodeIgniter\View\View->CodeIgniter\View\{closure}()
 3 SYSTEMPATH\View\View.php(254): CodeIgniter\View\View->render('layout/template', [], true)
 4 SYSTEMPATH\Common.php(1250): CodeIgniter\View\View->render('Modul\\Wishlists\\Views\\viewWishlist', [], true)
 5 ROOTPATH\modul\Wishlists\Controllers\Wishlists.php(51): view('Modul\\Wishlists\\Views\\viewWishlist', [...])
 6 SYSTEMPATH\CodeIgniter.php(951): Modul\Wishlists\Controllers\Wishlists->index()
 7 SYSTEMPATH\CodeIgniter.php(497): CodeIgniter\CodeIgniter->runController(Object(Modul\Wishlists\Controllers\Wishlists))
 8 SYSTEMPATH\CodeIgniter.php(340): CodeIgniter\CodeIgniter->handleRequest(null, Object(Config\Cache), false)
 9 SYSTEMPATH\Boot.php(417): CodeIgniter\CodeIgniter->run()
10 SYSTEMPATH\Boot.php(68): CodeIgniter\Boot::runCodeIgniter(Object(CodeIgniter\CodeIgniter))
11 FCPATH\index.php(59): CodeIgniter\Boot::bootWeb(Object(Config\Paths))
12 SYSTEMPATH\rewrite.php(44): require_once('C:\\laragon\\data\\kainkita\\public\\index.php')
DEBUG - 2026-05-17 05:25:31 --> Session: Class initialized using 'CodeIgniter\Session\Handlers\FileHandler' driver.
WARNING - 2026-05-17 05:25:31 --> [DEPRECATED] Creation of dynamic property Modul\Carts\Controllers\Carts::$session is deprecated in APPPATH\Controllers\BaseController.php on line 47.
 1 SYSTEMPATH\CodeIgniter.php(922): App\Controllers\BaseController->initController(Object(CodeIgniter\HTTP\IncomingRequest), Object(CodeIgniter\HTTP\Response), Object(CodeIgniter\Log\Logger))
 2 SYSTEMPATH\CodeIgniter.php(488): CodeIgniter\CodeIgniter->createController()
 3 SYSTEMPATH\CodeIgniter.php(340): CodeIgniter\CodeIgniter->handleRequest(null, Object(Config\Cache), false)
 4 SYSTEMPATH\Boot.php(417): CodeIgniter\CodeIgniter->run()
 5 SYSTEMPATH\Boot.php(68): CodeIgniter\Boot::runCodeIgniter(Object(CodeIgniter\CodeIgniter))
 6 FCPATH\index.php(59): CodeIgniter\Boot::bootWeb(Object(Config\Paths))
 7 SYSTEMPATH\rewrite.php(44): require_once('C:\\laragon\\data\\kainkita\\public\\index.php')
WARNING - 2026-05-17 05:25:31 --> [DEPRECATED] Creation of dynamic property Modul\Carts\Controllers\Carts::$validation is deprecated in APPPATH\Controllers\BaseController.php on line 48.
 1 SYSTEMPATH\CodeIgniter.php(922): App\Controllers\BaseController->initController(Object(CodeIgniter\HTTP\IncomingRequest), Object(CodeIgniter\HTTP\Response), Object(CodeIgniter\Log\Logger))
 2 SYSTEMPATH\CodeIgniter.php(488): CodeIgniter\CodeIgniter->createController()
 3 SYSTEMPATH\CodeIgniter.php(340): CodeIgniter\CodeIgniter->handleRequest(null, Object(Config\Cache), false)
 4 SYSTEMPATH\Boot.php(417): CodeIgniter\CodeIgniter->run()
 5 SYSTEMPATH\Boot.php(68): CodeIgniter\Boot::runCodeIgniter(Object(CodeIgniter\CodeIgniter))
 6 FCPATH\index.php(59): CodeIgniter\Boot::bootWeb(Object(Config\Paths))
 7 SYSTEMPATH\rewrite.php(44): require_once('C:\\laragon\\data\\kainkita\\public\\index.php')
WARNING - 2026-05-17 05:25:31 --> [DEPRECATED] Creation of dynamic property Modul\Carts\Controllers\Carts::$db is deprecated in APPPATH\Controllers\BaseController.php on line 50.
 1 SYSTEMPATH\CodeIgniter.php(922): App\Controllers\BaseController->initController(Object(CodeIgniter\HTTP\IncomingRequest), Object(CodeIgniter\HTTP\Response), Object(CodeIgniter\Log\Logger))
 2 SYSTEMPATH\CodeIgniter.php(488): CodeIgniter\CodeIgniter->createController()
 3 SYSTEMPATH\CodeIgniter.php(340): CodeIgniter\CodeIgniter->handleRequest(null, Object(Config\Cache), false)
 4 SYSTEMPATH\Boot.php(417): CodeIgniter\CodeIgniter->run()
 5 SYSTEMPATH\Boot.php(68): CodeIgniter\Boot::runCodeIgniter(Object(CodeIgniter\CodeIgniter))
 6 FCPATH\index.php(59): CodeIgniter\Boot::bootWeb(Object(Config\Paths))
 7 SYSTEMPATH\rewrite.php(44): require_once('C:\\laragon\\data\\kainkita\\public\\index.php')
WARNING - 2026-05-17 05:25:31 --> [DEPRECATED] Creation of dynamic property Modul\Carts\Controllers\Carts::$uri is deprecated in APPPATH\Controllers\BaseController.php on line 51.
 1 SYSTEMPATH\CodeIgniter.php(922): App\Controllers\BaseController->initController(Object(CodeIgniter\HTTP\IncomingRequest), Object(CodeIgniter\HTTP\Response), Object(CodeIgniter\Log\Logger))
 2 SYSTEMPATH\CodeIgniter.php(488): CodeIgniter\CodeIgniter->createController()
 3 SYSTEMPATH\CodeIgniter.php(340): CodeIgniter\CodeIgniter->handleRequest(null, Object(Config\Cache), false)
 4 SYSTEMPATH\Boot.php(417): CodeIgniter\CodeIgniter->run()
 5 SYSTEMPATH\Boot.php(68): CodeIgniter\Boot::runCodeIgniter(Object(CodeIgniter\CodeIgniter))
 6 FCPATH\index.php(59): CodeIgniter\Boot::bootWeb(Object(Config\Paths))
 7 SYSTEMPATH\rewrite.php(44): require_once('C:\\laragon\\data\\kainkita\\public\\index.php')
WARNING - 2026-05-17 05:25:31 --> [DEPRECATED] Creation of dynamic property Modul\Carts\Controllers\Carts::$pager is deprecated in APPPATH\Controllers\BaseController.php on line 52.
 1 SYSTEMPATH\CodeIgniter.php(922): App\Controllers\BaseController->initController(Object(CodeIgniter\HTTP\IncomingRequest), Object(CodeIgniter\HTTP\Response), Object(CodeIgniter\Log\Logger))
 2 SYSTEMPATH\CodeIgniter.php(488): CodeIgniter\CodeIgniter->createController()
 3 SYSTEMPATH\CodeIgniter.php(340): CodeIgniter\CodeIgniter->handleRequest(null, Object(Config\Cache), false)
 4 SYSTEMPATH\Boot.php(417): CodeIgniter\CodeIgniter->run()
 5 SYSTEMPATH\Boot.php(68): CodeIgniter\Boot::runCodeIgniter(Object(CodeIgniter\CodeIgniter))
 6 FCPATH\index.php(59): CodeIgniter\Boot::bootWeb(Object(Config\Paths))
 7 SYSTEMPATH\rewrite.php(44): require_once('C:\\laragon\\data\\kainkita\\public\\index.php')
WARNING - 2026-05-17 05:25:32 --> [DEPRECATED] Creation of dynamic property Modul\Profile\Controllers\Profile::$customers is deprecated in ROOTPATH\modul\Profile\Controllers\Profile.php on line 12.
 1 SYSTEMPATH\CodeIgniter.php(921): Modul\Profile\Controllers\Profile->__construct()
 2 SYSTEMPATH\CodeIgniter.php(488): CodeIgniter\CodeIgniter->createController()
 3 SYSTEMPATH\CodeIgniter.php(340): CodeIgniter\CodeIgniter->handleRequest(null, Object(Config\Cache), false)
 4 SYSTEMPATH\Boot.php(417): CodeIgniter\CodeIgniter->run()
 5 SYSTEMPATH\Boot.php(68): CodeIgniter\Boot::runCodeIgniter(Object(CodeIgniter\CodeIgniter))
 6 FCPATH\index.php(59): CodeIgniter\Boot::bootWeb(Object(Config\Paths))
 7 SYSTEMPATH\rewrite.php(44): require_once('C:\\laragon\\data\\kainkita\\public\\index.php')
DEBUG - 2026-05-17 05:25:32 --> Session: Class initialized using 'CodeIgniter\Session\Handlers\FileHandler' driver.
WARNING - 2026-05-17 05:25:32 --> [DEPRECATED] Creation of dynamic property Modul\Profile\Controllers\Profile::$session is deprecated in APPPATH\Controllers\BaseController.php on line 47.
 1 SYSTEMPATH\CodeIgniter.php(922): App\Controllers\BaseController->initController(Object(CodeIgniter\HTTP\IncomingRequest), Object(CodeIgniter\HTTP\Response), Object(CodeIgniter\Log\Logger))
 2 SYSTEMPATH\CodeIgniter.php(488): CodeIgniter\CodeIgniter->createController()
 3 SYSTEMPATH\CodeIgniter.php(340): CodeIgniter\CodeIgniter->handleRequest(null, Object(Config\Cache), false)
 4 SYSTEMPATH\Boot.php(417): CodeIgniter\CodeIgniter->run()
 5 SYSTEMPATH\Boot.php(68): CodeIgniter\Boot::runCodeIgniter(Object(CodeIgniter\CodeIgniter))
 6 FCPATH\index.php(59): CodeIgniter\Boot::bootWeb(Object(Config\Paths))
 7 SYSTEMPATH\rewrite.php(44): require_once('C:\\laragon\\data\\kainkita\\public\\index.php')
WARNING - 2026-05-17 05:25:32 --> [DEPRECATED] Creation of dynamic property Modul\Profile\Controllers\Profile::$validation is deprecated in APPPATH\Controllers\BaseController.php on line 48.
 1 SYSTEMPATH\CodeIgniter.php(922): App\Controllers\BaseController->initController(Object(CodeIgniter\HTTP\IncomingRequest), Object(CodeIgniter\HTTP\Response), Object(CodeIgniter\Log\Logger))
 2 SYSTEMPATH\CodeIgniter.php(488): CodeIgniter\CodeIgniter->createController()
 3 SYSTEMPATH\CodeIgniter.php(340): CodeIgniter\CodeIgniter->handleRequest(null, Object(Config\Cache), false)
 4 SYSTEMPATH\Boot.php(417): CodeIgniter\CodeIgniter->run()
 5 SYSTEMPATH\Boot.php(68): CodeIgniter\Boot::runCodeIgniter(Object(CodeIgniter\CodeIgniter))
 6 FCPATH\index.php(59): CodeIgniter\Boot::bootWeb(Object(Config\Paths))
 7 SYSTEMPATH\rewrite.php(44): require_once('C:\\laragon\\data\\kainkita\\public\\index.php')
WARNING - 2026-05-17 05:25:32 --> [DEPRECATED] Creation of dynamic property Modul\Profile\Controllers\Profile::$db is deprecated in APPPATH\Controllers\BaseController.php on line 50.
 1 SYSTEMPATH\CodeIgniter.php(922): App\Controllers\BaseController->initController(Object(CodeIgniter\HTTP\IncomingRequest), Object(CodeIgniter\HTTP\Response), Object(CodeIgniter\Log\Logger))
 2 SYSTEMPATH\CodeIgniter.php(488): CodeIgniter\CodeIgniter->createController()
 3 SYSTEMPATH\CodeIgniter.php(340): CodeIgniter\CodeIgniter->handleRequest(null, Object(Config\Cache), false)
 4 SYSTEMPATH\Boot.php(417): CodeIgniter\CodeIgniter->run()
 5 SYSTEMPATH\Boot.php(68): CodeIgniter\Boot::runCodeIgniter(Object(CodeIgniter\CodeIgniter))
 6 FCPATH\index.php(59): CodeIgniter\Boot::bootWeb(Object(Config\Paths))
 7 SYSTEMPATH\rewrite.php(44): require_once('C:\\laragon\\data\\kainkita\\public\\index.php')
WARNING - 2026-05-17 05:25:32 --> [DEPRECATED] Creation of dynamic property Modul\Profile\Controllers\Profile::$uri is deprecated in APPPATH\Controllers\BaseController.php on line 51.
 1 SYSTEMPATH\CodeIgniter.php(922): App\Controllers\BaseController->initController(Object(CodeIgniter\HTTP\IncomingRequest), Object(CodeIgniter\HTTP\Response), Object(CodeIgniter\Log\Logger))
 2 SYSTEMPATH\CodeIgniter.php(488): CodeIgniter\CodeIgniter->createController()
 3 SYSTEMPATH\CodeIgniter.php(340): CodeIgniter\CodeIgniter->handleRequest(null, Object(Config\Cache), false)
 4 SYSTEMPATH\Boot.php(417): CodeIgniter\CodeIgniter->run()
 5 SYSTEMPATH\Boot.php(68): CodeIgniter\Boot::runCodeIgniter(Object(CodeIgniter\CodeIgniter))
 6 FCPATH\index.php(59): CodeIgniter\Boot::bootWeb(Object(Config\Paths))
 7 SYSTEMPATH\rewrite.php(44): require_once('C:\\laragon\\data\\kainkita\\public\\index.php')
WARNING - 2026-05-17 05:25:32 --> [DEPRECATED] Creation of dynamic property Modul\Profile\Controllers\Profile::$pager is deprecated in APPPATH\Controllers\BaseController.php on line 52.
 1 SYSTEMPATH\CodeIgniter.php(922): App\Controllers\BaseController->initController(Object(CodeIgniter\HTTP\IncomingRequest), Object(CodeIgniter\HTTP\Response), Object(CodeIgniter\Log\Logger))
 2 SYSTEMPATH\CodeIgniter.php(488): CodeIgniter\CodeIgniter->createController()
 3 SYSTEMPATH\CodeIgniter.php(340): CodeIgniter\CodeIgniter->handleRequest(null, Object(Config\Cache), false)
 4 SYSTEMPATH\Boot.php(417): CodeIgniter\CodeIgniter->run()
 5 SYSTEMPATH\Boot.php(68): CodeIgniter\Boot::runCodeIgniter(Object(CodeIgniter\CodeIgniter))
 6 FCPATH\index.php(59): CodeIgniter\Boot::bootWeb(Object(Config\Paths))
 7 SYSTEMPATH\rewrite.php(44): require_once('C:\\laragon\\data\\kainkita\\public\\index.php')
WARNING - 2026-05-17 05:25:32 --> [DEPRECATED] Creation of dynamic property CodeIgniter\View\View::$db is deprecated in APPPATH\Views\layout\template.php on line 4.
 1 SYSTEMPATH\View\View.php(238): include('C:\\laragon\\data\\kainkita\\app\\Views\\layout\\template.php')
 2 SYSTEMPATH\View\View.php(241): CodeIgniter\View\View->CodeIgniter\View\{closure}()
 3 SYSTEMPATH\View\View.php(254): CodeIgniter\View\View->render('layout/template', [], true)
 4 SYSTEMPATH\Common.php(1250): CodeIgniter\View\View->render('Modul\\Profile\\Views\\viewProfile', [], true)
 5 ROOTPATH\modul\Profile\Controllers\Profile.php(56): view('Modul\\Profile\\Views\\viewProfile', [...])
 6 SYSTEMPATH\CodeIgniter.php(951): Modul\Profile\Controllers\Profile->index()
 7 SYSTEMPATH\CodeIgniter.php(497): CodeIgniter\CodeIgniter->runController(Object(Modul\Profile\Controllers\Profile))
 8 SYSTEMPATH\CodeIgniter.php(340): CodeIgniter\CodeIgniter->handleRequest(null, Object(Config\Cache), false)
 9 SYSTEMPATH\Boot.php(417): CodeIgniter\CodeIgniter->run()
10 SYSTEMPATH\Boot.php(68): CodeIgniter\Boot::runCodeIgniter(Object(CodeIgniter\CodeIgniter))
11 FCPATH\index.php(59): CodeIgniter\Boot::bootWeb(Object(Config\Paths))
12 SYSTEMPATH\rewrite.php(44): require_once('C:\\laragon\\data\\kainkita\\public\\index.php')
DEBUG - 2026-05-17 05:25:33 --> Session: Class initialized using 'CodeIgniter\Session\Handlers\FileHandler' driver.
WARNING - 2026-05-17 05:25:33 --> [DEPRECATED] Creation of dynamic property Modul\Carts\Controllers\Carts::$session is deprecated in APPPATH\Controllers\BaseController.php on line 47.
 1 SYSTEMPATH\CodeIgniter.php(922): App\Controllers\BaseController->initController(Object(CodeIgniter\HTTP\IncomingRequest), Object(CodeIgniter\HTTP\Response), Object(CodeIgniter\Log\Logger))
 2 SYSTEMPATH\CodeIgniter.php(488): CodeIgniter\CodeIgniter->createController()
 3 SYSTEMPATH\CodeIgniter.php(340): CodeIgniter\CodeIgniter->handleRequest(null, Object(Config\Cache), false)
 4 SYSTEMPATH\Boot.php(417): CodeIgniter\CodeIgniter->run()
 5 SYSTEMPATH\Boot.php(68): CodeIgniter\Boot::runCodeIgniter(Object(CodeIgniter\CodeIgniter))
 6 FCPATH\index.php(59): CodeIgniter\Boot::bootWeb(Object(Config\Paths))
 7 SYSTEMPATH\rewrite.php(44): require_once('C:\\laragon\\data\\kainkita\\public\\index.php')
WARNING - 2026-05-17 05:25:33 --> [DEPRECATED] Creation of dynamic property Modul\Carts\Controllers\Carts::$validation is deprecated in APPPATH\Controllers\BaseController.php on line 48.
 1 SYSTEMPATH\CodeIgniter.php(922): App\Controllers\BaseController->initController(Object(CodeIgniter\HTTP\IncomingRequest), Object(CodeIgniter\HTTP\Response), Object(CodeIgniter\Log\Logger))
 2 SYSTEMPATH\CodeIgniter.php(488): CodeIgniter\CodeIgniter->createController()
 3 SYSTEMPATH\CodeIgniter.php(340): CodeIgniter\CodeIgniter->handleRequest(null, Object(Config\Cache), false)
 4 SYSTEMPATH\Boot.php(417): CodeIgniter\CodeIgniter->run()
 5 SYSTEMPATH\Boot.php(68): CodeIgniter\Boot::runCodeIgniter(Object(CodeIgniter\CodeIgniter))
 6 FCPATH\index.php(59): CodeIgniter\Boot::bootWeb(Object(Config\Paths))
 7 SYSTEMPATH\rewrite.php(44): require_once('C:\\laragon\\data\\kainkita\\public\\index.php')
WARNING - 2026-05-17 05:25:33 --> [DEPRECATED] Creation of dynamic property Modul\Carts\Controllers\Carts::$db is deprecated in APPPATH\Controllers\BaseController.php on line 50.
 1 SYSTEMPATH\CodeIgniter.php(922): App\Controllers\BaseController->initController(Object(CodeIgniter\HTTP\IncomingRequest), Object(CodeIgniter\HTTP\Response), Object(CodeIgniter\Log\Logger))
 2 SYSTEMPATH\CodeIgniter.php(488): CodeIgniter\CodeIgniter->createController()
 3 SYSTEMPATH\CodeIgniter.php(340): CodeIgniter\CodeIgniter->handleRequest(null, Object(Config\Cache), false)
 4 SYSTEMPATH\Boot.php(417): CodeIgniter\CodeIgniter->run()
 5 SYSTEMPATH\Boot.php(68): CodeIgniter\Boot::runCodeIgniter(Object(CodeIgniter\CodeIgniter))
 6 FCPATH\index.php(59): CodeIgniter\Boot::bootWeb(Object(Config\Paths))
 7 SYSTEMPATH\rewrite.php(44): require_once('C:\\laragon\\data\\kainkita\\public\\index.php')
WARNING - 2026-05-17 05:25:33 --> [DEPRECATED] Creation of dynamic property Modul\Carts\Controllers\Carts::$uri is deprecated in APPPATH\Controllers\BaseController.php on line 51.
 1 SYSTEMPATH\CodeIgniter.php(922): App\Controllers\BaseController->initController(Object(CodeIgniter\HTTP\IncomingRequest), Object(CodeIgniter\HTTP\Response), Object(CodeIgniter\Log\Logger))
 2 SYSTEMPATH\CodeIgniter.php(488): CodeIgniter\CodeIgniter->createController()
 3 SYSTEMPATH\CodeIgniter.php(340): CodeIgniter\CodeIgniter->handleRequest(null, Object(Config\Cache), false)
 4 SYSTEMPATH\Boot.php(417): CodeIgniter\CodeIgniter->run()
 5 SYSTEMPATH\Boot.php(68): CodeIgniter\Boot::runCodeIgniter(Object(CodeIgniter\CodeIgniter))
 6 FCPATH\index.php(59): CodeIgniter\Boot::bootWeb(Object(Config\Paths))
 7 SYSTEMPATH\rewrite.php(44): require_once('C:\\laragon\\data\\kainkita\\public\\index.php')
WARNING - 2026-05-17 05:25:33 --> [DEPRECATED] Creation of dynamic property Modul\Carts\Controllers\Carts::$pager is deprecated in APPPATH\Controllers\BaseController.php on line 52.
 1 SYSTEMPATH\CodeIgniter.php(922): App\Controllers\BaseController->initController(Object(CodeIgniter\HTTP\IncomingRequest), Object(CodeIgniter\HTTP\Response), Object(CodeIgniter\Log\Logger))
 2 SYSTEMPATH\CodeIgniter.php(488): CodeIgniter\CodeIgniter->createController()
 3 SYSTEMPATH\CodeIgniter.php(340): CodeIgniter\CodeIgniter->handleRequest(null, Object(Config\Cache), false)
 4 SYSTEMPATH\Boot.php(417): CodeIgniter\CodeIgniter->run()
 5 SYSTEMPATH\Boot.php(68): CodeIgniter\Boot::runCodeIgniter(Object(CodeIgniter\CodeIgniter))
 6 FCPATH\index.php(59): CodeIgniter\Boot::bootWeb(Object(Config\Paths))
 7 SYSTEMPATH\rewrite.php(44): require_once('C:\\laragon\\data\\kainkita\\public\\index.php')
DEBUG - 2026-05-17 05:25:36 --> Session: Class initialized using 'CodeIgniter\Session\Handlers\FileHandler' driver.
WARNING - 2026-05-17 05:25:36 --> [DEPRECATED] Creation of dynamic property Modul\Wishlists\Controllers\Wishlists::$wishlist is deprecated in ROOTPATH\modul\Wishlists\Controllers\Wishlists.php on line 13.
 1 SYSTEMPATH\CodeIgniter.php(921): Modul\Wishlists\Controllers\Wishlists->__construct()
 2 SYSTEMPATH\CodeIgniter.php(488): CodeIgniter\CodeIgniter->createController()
 3 SYSTEMPATH\CodeIgniter.php(340): CodeIgniter\CodeIgniter->handleRequest(null, Object(Config\Cache), false)
 4 SYSTEMPATH\Boot.php(417): CodeIgniter\CodeIgniter->run()
 5 SYSTEMPATH\Boot.php(68): CodeIgniter\Boot::runCodeIgniter(Object(CodeIgniter\CodeIgniter))
 6 FCPATH\index.php(59): CodeIgniter\Boot::bootWeb(Object(Config\Paths))
 7 SYSTEMPATH\rewrite.php(44): require_once('C:\\laragon\\data\\kainkita\\public\\index.php')
WARNING - 2026-05-17 05:25:36 --> [DEPRECATED] Creation of dynamic property Modul\Wishlists\Controllers\Wishlists::$customers is deprecated in ROOTPATH\modul\Wishlists\Controllers\Wishlists.php on line 14.
 1 SYSTEMPATH\CodeIgniter.php(921): Modul\Wishlists\Controllers\Wishlists->__construct()
 2 SYSTEMPATH\CodeIgniter.php(488): CodeIgniter\CodeIgniter->createController()
 3 SYSTEMPATH\CodeIgniter.php(340): CodeIgniter\CodeIgniter->handleRequest(null, Object(Config\Cache), false)
 4 SYSTEMPATH\Boot.php(417): CodeIgniter\CodeIgniter->run()
 5 SYSTEMPATH\Boot.php(68): CodeIgniter\Boot::runCodeIgniter(Object(CodeIgniter\CodeIgniter))
 6 FCPATH\index.php(59): CodeIgniter\Boot::bootWeb(Object(Config\Paths))
 7 SYSTEMPATH\rewrite.php(44): require_once('C:\\laragon\\data\\kainkita\\public\\index.php')
WARNING - 2026-05-17 05:25:36 --> [DEPRECATED] Creation of dynamic property Modul\Wishlists\Controllers\Wishlists::$session is deprecated in APPPATH\Controllers\BaseController.php on line 47.
 1 SYSTEMPATH\CodeIgniter.php(922): App\Controllers\BaseController->initController(Object(CodeIgniter\HTTP\IncomingRequest), Object(CodeIgniter\HTTP\Response), Object(CodeIgniter\Log\Logger))
 2 SYSTEMPATH\CodeIgniter.php(488): CodeIgniter\CodeIgniter->createController()
 3 SYSTEMPATH\CodeIgniter.php(340): CodeIgniter\CodeIgniter->handleRequest(null, Object(Config\Cache), false)
 4 SYSTEMPATH\Boot.php(417): CodeIgniter\CodeIgniter->run()
 5 SYSTEMPATH\Boot.php(68): CodeIgniter\Boot::runCodeIgniter(Object(CodeIgniter\CodeIgniter))
 6 FCPATH\index.php(59): CodeIgniter\Boot::bootWeb(Object(Config\Paths))
 7 SYSTEMPATH\rewrite.php(44): require_once('C:\\laragon\\data\\kainkita\\public\\index.php')
WARNING - 2026-05-17 05:25:36 --> [DEPRECATED] Creation of dynamic property Modul\Wishlists\Controllers\Wishlists::$validation is deprecated in APPPATH\Controllers\BaseController.php on line 48.
 1 SYSTEMPATH\CodeIgniter.php(922): App\Controllers\BaseController->initController(Object(CodeIgniter\HTTP\IncomingRequest), Object(CodeIgniter\HTTP\Response), Object(CodeIgniter\Log\Logger))
 2 SYSTEMPATH\CodeIgniter.php(488): CodeIgniter\CodeIgniter->createController()
 3 SYSTEMPATH\CodeIgniter.php(340): CodeIgniter\CodeIgniter->handleRequest(null, Object(Config\Cache), false)
 4 SYSTEMPATH\Boot.php(417): CodeIgniter\CodeIgniter->run()
 5 SYSTEMPATH\Boot.php(68): CodeIgniter\Boot::runCodeIgniter(Object(CodeIgniter\CodeIgniter))
 6 FCPATH\index.php(59): CodeIgniter\Boot::bootWeb(Object(Config\Paths))
 7 SYSTEMPATH\rewrite.php(44): require_once('C:\\laragon\\data\\kainkita\\public\\index.php')
WARNING - 2026-05-17 05:25:36 --> [DEPRECATED] Creation of dynamic property Modul\Wishlists\Controllers\Wishlists::$db is deprecated in APPPATH\Controllers\BaseController.php on line 50.
 1 SYSTEMPATH\CodeIgniter.php(922): App\Controllers\BaseController->initController(Object(CodeIgniter\HTTP\IncomingRequest), Object(CodeIgniter\HTTP\Response), Object(CodeIgniter\Log\Logger))
 2 SYSTEMPATH\CodeIgniter.php(488): CodeIgniter\CodeIgniter->createController()
 3 SYSTEMPATH\CodeIgniter.php(340): CodeIgniter\CodeIgniter->handleRequest(null, Object(Config\Cache), false)
 4 SYSTEMPATH\Boot.php(417): CodeIgniter\CodeIgniter->run()
 5 SYSTEMPATH\Boot.php(68): CodeIgniter\Boot::runCodeIgniter(Object(CodeIgniter\CodeIgniter))
 6 FCPATH\index.php(59): CodeIgniter\Boot::bootWeb(Object(Config\Paths))
 7 SYSTEMPATH\rewrite.php(44): require_once('C:\\laragon\\data\\kainkita\\public\\index.php')
WARNING - 2026-05-17 05:25:36 --> [DEPRECATED] Creation of dynamic property Modul\Wishlists\Controllers\Wishlists::$uri is deprecated in APPPATH\Controllers\BaseController.php on line 51.
 1 SYSTEMPATH\CodeIgniter.php(922): App\Controllers\BaseController->initController(Object(CodeIgniter\HTTP\IncomingRequest), Object(CodeIgniter\HTTP\Response), Object(CodeIgniter\Log\Logger))
 2 SYSTEMPATH\CodeIgniter.php(488): CodeIgniter\CodeIgniter->createController()
 3 SYSTEMPATH\CodeIgniter.php(340): CodeIgniter\CodeIgniter->handleRequest(null, Object(Config\Cache), false)
 4 SYSTEMPATH\Boot.php(417): CodeIgniter\CodeIgniter->run()
 5 SYSTEMPATH\Boot.php(68): CodeIgniter\Boot::runCodeIgniter(Object(CodeIgniter\CodeIgniter))
 6 FCPATH\index.php(59): CodeIgniter\Boot::bootWeb(Object(Config\Paths))
 7 SYSTEMPATH\rewrite.php(44): require_once('C:\\laragon\\data\\kainkita\\public\\index.php')
WARNING - 2026-05-17 05:25:36 --> [DEPRECATED] Creation of dynamic property Modul\Wishlists\Controllers\Wishlists::$pager is deprecated in APPPATH\Controllers\BaseController.php on line 52.
 1 SYSTEMPATH\CodeIgniter.php(922): App\Controllers\BaseController->initController(Object(CodeIgniter\HTTP\IncomingRequest), Object(CodeIgniter\HTTP\Response), Object(CodeIgniter\Log\Logger))
 2 SYSTEMPATH\CodeIgniter.php(488): CodeIgniter\CodeIgniter->createController()
 3 SYSTEMPATH\CodeIgniter.php(340): CodeIgniter\CodeIgniter->handleRequest(null, Object(Config\Cache), false)
 4 SYSTEMPATH\Boot.php(417): CodeIgniter\CodeIgniter->run()
 5 SYSTEMPATH\Boot.php(68): CodeIgniter\Boot::runCodeIgniter(Object(CodeIgniter\CodeIgniter))
 6 FCPATH\index.php(59): CodeIgniter\Boot::bootWeb(Object(Config\Paths))
 7 SYSTEMPATH\rewrite.php(44): require_once('C:\\laragon\\data\\kainkita\\public\\index.php')
WARNING - 2026-05-17 05:25:36 --> [DEPRECATED] Creation of dynamic property CodeIgniter\View\View::$db is deprecated in APPPATH\Views\layout\template.php on line 4.
 1 SYSTEMPATH\View\View.php(238): include('C:\\laragon\\data\\kainkita\\app\\Views\\layout\\template.php')
 2 SYSTEMPATH\View\View.php(241): CodeIgniter\View\View->CodeIgniter\View\{closure}()
 3 SYSTEMPATH\View\View.php(254): CodeIgniter\View\View->render('layout/template', [], true)
 4 SYSTEMPATH\Common.php(1250): CodeIgniter\View\View->render('Modul\\Wishlists\\Views\\viewWishlist', [], true)
 5 ROOTPATH\modul\Wishlists\Controllers\Wishlists.php(51): view('Modul\\Wishlists\\Views\\viewWishlist', [...])
 6 SYSTEMPATH\CodeIgniter.php(951): Modul\Wishlists\Controllers\Wishlists->index()
 7 SYSTEMPATH\CodeIgniter.php(497): CodeIgniter\CodeIgniter->runController(Object(Modul\Wishlists\Controllers\Wishlists))
 8 SYSTEMPATH\CodeIgniter.php(340): CodeIgniter\CodeIgniter->handleRequest(null, Object(Config\Cache), false)
 9 SYSTEMPATH\Boot.php(417): CodeIgniter\CodeIgniter->run()
10 SYSTEMPATH\Boot.php(68): CodeIgniter\Boot::runCodeIgniter(Object(CodeIgniter\CodeIgniter))
11 FCPATH\index.php(59): CodeIgniter\Boot::bootWeb(Object(Config\Paths))
12 SYSTEMPATH\rewrite.php(44): require_once('C:\\laragon\\data\\kainkita\\public\\index.php')
DEBUG - 2026-05-17 05:25:37 --> Session: Class initialized using 'CodeIgniter\Session\Handlers\FileHandler' driver.
WARNING - 2026-05-17 05:25:37 --> [DEPRECATED] Creation of dynamic property Modul\Carts\Controllers\Carts::$session is deprecated in APPPATH\Controllers\BaseController.php on line 47.
 1 SYSTEMPATH\CodeIgniter.php(922): App\Controllers\BaseController->initController(Object(CodeIgniter\HTTP\IncomingRequest), Object(CodeIgniter\HTTP\Response), Object(CodeIgniter\Log\Logger))
 2 SYSTEMPATH\CodeIgniter.php(488): CodeIgniter\CodeIgniter->createController()
 3 SYSTEMPATH\CodeIgniter.php(340): CodeIgniter\CodeIgniter->handleRequest(null, Object(Config\Cache), false)
 4 SYSTEMPATH\Boot.php(417): CodeIgniter\CodeIgniter->run()
 5 SYSTEMPATH\Boot.php(68): CodeIgniter\Boot::runCodeIgniter(Object(CodeIgniter\CodeIgniter))
 6 FCPATH\index.php(59): CodeIgniter\Boot::bootWeb(Object(Config\Paths))
 7 SYSTEMPATH\rewrite.php(44): require_once('C:\\laragon\\data\\kainkita\\public\\index.php')
WARNING - 2026-05-17 05:25:37 --> [DEPRECATED] Creation of dynamic property Modul\Carts\Controllers\Carts::$validation is deprecated in APPPATH\Controllers\BaseController.php on line 48.
 1 SYSTEMPATH\CodeIgniter.php(922): App\Controllers\BaseController->initController(Object(CodeIgniter\HTTP\IncomingRequest), Object(CodeIgniter\HTTP\Response), Object(CodeIgniter\Log\Logger))
 2 SYSTEMPATH\CodeIgniter.php(488): CodeIgniter\CodeIgniter->createController()
 3 SYSTEMPATH\CodeIgniter.php(340): CodeIgniter\CodeIgniter->handleRequest(null, Object(Config\Cache), false)
 4 SYSTEMPATH\Boot.php(417): CodeIgniter\CodeIgniter->run()
 5 SYSTEMPATH\Boot.php(68): CodeIgniter\Boot::runCodeIgniter(Object(CodeIgniter\CodeIgniter))
 6 FCPATH\index.php(59): CodeIgniter\Boot::bootWeb(Object(Config\Paths))
 7 SYSTEMPATH\rewrite.php(44): require_once('C:\\laragon\\data\\kainkita\\public\\index.php')
WARNING - 2026-05-17 05:25:37 --> [DEPRECATED] Creation of dynamic property Modul\Carts\Controllers\Carts::$db is deprecated in APPPATH\Controllers\BaseController.php on line 50.
 1 SYSTEMPATH\CodeIgniter.php(922): App\Controllers\BaseController->initController(Object(CodeIgniter\HTTP\IncomingRequest), Object(CodeIgniter\HTTP\Response), Object(CodeIgniter\Log\Logger))
 2 SYSTEMPATH\CodeIgniter.php(488): CodeIgniter\CodeIgniter->createController()
 3 SYSTEMPATH\CodeIgniter.php(340): CodeIgniter\CodeIgniter->handleRequest(null, Object(Config\Cache), false)
 4 SYSTEMPATH\Boot.php(417): CodeIgniter\CodeIgniter->run()
 5 SYSTEMPATH\Boot.php(68): CodeIgniter\Boot::runCodeIgniter(Object(CodeIgniter\CodeIgniter))
 6 FCPATH\index.php(59): CodeIgniter\Boot::bootWeb(Object(Config\Paths))
 7 SYSTEMPATH\rewrite.php(44): require_once('C:\\laragon\\data\\kainkita\\public\\index.php')
WARNING - 2026-05-17 05:25:37 --> [DEPRECATED] Creation of dynamic property Modul\Carts\Controllers\Carts::$uri is deprecated in APPPATH\Controllers\BaseController.php on line 51.
 1 SYSTEMPATH\CodeIgniter.php(922): App\Controllers\BaseController->initController(Object(CodeIgniter\HTTP\IncomingRequest), Object(CodeIgniter\HTTP\Response), Object(CodeIgniter\Log\Logger))
 2 SYSTEMPATH\CodeIgniter.php(488): CodeIgniter\CodeIgniter->createController()
 3 SYSTEMPATH\CodeIgniter.php(340): CodeIgniter\CodeIgniter->handleRequest(null, Object(Config\Cache), false)
 4 SYSTEMPATH\Boot.php(417): CodeIgniter\CodeIgniter->run()
 5 SYSTEMPATH\Boot.php(68): CodeIgniter\Boot::runCodeIgniter(Object(CodeIgniter\CodeIgniter))
 6 FCPATH\index.php(59): CodeIgniter\Boot::bootWeb(Object(Config\Paths))
 7 SYSTEMPATH\rewrite.php(44): require_once('C:\\laragon\\data\\kainkita\\public\\index.php')
WARNING - 2026-05-17 05:25:37 --> [DEPRECATED] Creation of dynamic property Modul\Carts\Controllers\Carts::$pager is deprecated in APPPATH\Controllers\BaseController.php on line 52.
 1 SYSTEMPATH\CodeIgniter.php(922): App\Controllers\BaseController->initController(Object(CodeIgniter\HTTP\IncomingRequest), Object(CodeIgniter\HTTP\Response), Object(CodeIgniter\Log\Logger))
 2 SYSTEMPATH\CodeIgniter.php(488): CodeIgniter\CodeIgniter->createController()
 3 SYSTEMPATH\CodeIgniter.php(340): CodeIgniter\CodeIgniter->handleRequest(null, Object(Config\Cache), false)
 4 SYSTEMPATH\Boot.php(417): CodeIgniter\CodeIgniter->run()
 5 SYSTEMPATH\Boot.php(68): CodeIgniter\Boot::runCodeIgniter(Object(CodeIgniter\CodeIgniter))
 6 FCPATH\index.php(59): CodeIgniter\Boot::bootWeb(Object(Config\Paths))
 7 SYSTEMPATH\rewrite.php(44): require_once('C:\\laragon\\data\\kainkita\\public\\index.php')
DEBUG - 2026-05-17 05:25:37 --> Session: Class initialized using 'CodeIgniter\Session\Handlers\FileHandler' driver.
WARNING - 2026-05-17 05:25:37 --> [DEPRECATED] Creation of dynamic property Modul\My_orders\Controllers\My_orders::$customers is deprecated in ROOTPATH\modul\My_orders\Controllers\My_orders.php on line 12.
 1 SYSTEMPATH\CodeIgniter.php(921): Modul\My_orders\Controllers\My_orders->__construct()
 2 SYSTEMPATH\CodeIgniter.php(488): CodeIgniter\CodeIgniter->createController()
 3 SYSTEMPATH\CodeIgniter.php(340): CodeIgniter\CodeIgniter->handleRequest(null, Object(Config\Cache), false)
 4 SYSTEMPATH\Boot.php(417): CodeIgniter\CodeIgniter->run()
 5 SYSTEMPATH\Boot.php(68): CodeIgniter\Boot::runCodeIgniter(Object(CodeIgniter\CodeIgniter))
 6 FCPATH\index.php(59): CodeIgniter\Boot::bootWeb(Object(Config\Paths))
 7 SYSTEMPATH\rewrite.php(44): require_once('C:\\laragon\\data\\kainkita\\public\\index.php')
WARNING - 2026-05-17 05:25:37 --> [DEPRECATED] Creation of dynamic property Modul\My_orders\Controllers\My_orders::$session is deprecated in APPPATH\Controllers\BaseController.php on line 47.
 1 SYSTEMPATH\CodeIgniter.php(922): App\Controllers\BaseController->initController(Object(CodeIgniter\HTTP\IncomingRequest), Object(CodeIgniter\HTTP\Response), Object(CodeIgniter\Log\Logger))
 2 SYSTEMPATH\CodeIgniter.php(488): CodeIgniter\CodeIgniter->createController()
 3 SYSTEMPATH\CodeIgniter.php(340): CodeIgniter\CodeIgniter->handleRequest(null, Object(Config\Cache), false)
 4 SYSTEMPATH\Boot.php(417): CodeIgniter\CodeIgniter->run()
 5 SYSTEMPATH\Boot.php(68): CodeIgniter\Boot::runCodeIgniter(Object(CodeIgniter\CodeIgniter))
 6 FCPATH\index.php(59): CodeIgniter\Boot::bootWeb(Object(Config\Paths))
 7 SYSTEMPATH\rewrite.php(44): require_once('C:\\laragon\\data\\kainkita\\public\\index.php')
WARNING - 2026-05-17 05:25:37 --> [DEPRECATED] Creation of dynamic property Modul\My_orders\Controllers\My_orders::$validation is deprecated in APPPATH\Controllers\BaseController.php on line 48.
 1 SYSTEMPATH\CodeIgniter.php(922): App\Controllers\BaseController->initController(Object(CodeIgniter\HTTP\IncomingRequest), Object(CodeIgniter\HTTP\Response), Object(CodeIgniter\Log\Logger))
 2 SYSTEMPATH\CodeIgniter.php(488): CodeIgniter\CodeIgniter->createController()
 3 SYSTEMPATH\CodeIgniter.php(340): CodeIgniter\CodeIgniter->handleRequest(null, Object(Config\Cache), false)
 4 SYSTEMPATH\Boot.php(417): CodeIgniter\CodeIgniter->run()
 5 SYSTEMPATH\Boot.php(68): CodeIgniter\Boot::runCodeIgniter(Object(CodeIgniter\CodeIgniter))
 6 FCPATH\index.php(59): CodeIgniter\Boot::bootWeb(Object(Config\Paths))
 7 SYSTEMPATH\rewrite.php(44): require_once('C:\\laragon\\data\\kainkita\\public\\index.php')
WARNING - 2026-05-17 05:25:37 --> [DEPRECATED] Creation of dynamic property Modul\My_orders\Controllers\My_orders::$db is deprecated in APPPATH\Controllers\BaseController.php on line 50.
 1 SYSTEMPATH\CodeIgniter.php(922): App\Controllers\BaseController->initController(Object(CodeIgniter\HTTP\IncomingRequest), Object(CodeIgniter\HTTP\Response), Object(CodeIgniter\Log\Logger))
 2 SYSTEMPATH\CodeIgniter.php(488): CodeIgniter\CodeIgniter->createController()
 3 SYSTEMPATH\CodeIgniter.php(340): CodeIgniter\CodeIgniter->handleRequest(null, Object(Config\Cache), false)
 4 SYSTEMPATH\Boot.php(417): CodeIgniter\CodeIgniter->run()
 5 SYSTEMPATH\Boot.php(68): CodeIgniter\Boot::runCodeIgniter(Object(CodeIgniter\CodeIgniter))
 6 FCPATH\index.php(59): CodeIgniter\Boot::bootWeb(Object(Config\Paths))
 7 SYSTEMPATH\rewrite.php(44): require_once('C:\\laragon\\data\\kainkita\\public\\index.php')
WARNING - 2026-05-17 05:25:37 --> [DEPRECATED] Creation of dynamic property Modul\My_orders\Controllers\My_orders::$uri is deprecated in APPPATH\Controllers\BaseController.php on line 51.
 1 SYSTEMPATH\CodeIgniter.php(922): App\Controllers\BaseController->initController(Object(CodeIgniter\HTTP\IncomingRequest), Object(CodeIgniter\HTTP\Response), Object(CodeIgniter\Log\Logger))
 2 SYSTEMPATH\CodeIgniter.php(488): CodeIgniter\CodeIgniter->createController()
 3 SYSTEMPATH\CodeIgniter.php(340): CodeIgniter\CodeIgniter->handleRequest(null, Object(Config\Cache), false)
 4 SYSTEMPATH\Boot.php(417): CodeIgniter\CodeIgniter->run()
 5 SYSTEMPATH\Boot.php(68): CodeIgniter\Boot::runCodeIgniter(Object(CodeIgniter\CodeIgniter))
 6 FCPATH\index.php(59): CodeIgniter\Boot::bootWeb(Object(Config\Paths))
 7 SYSTEMPATH\rewrite.php(44): require_once('C:\\laragon\\data\\kainkita\\public\\index.php')
WARNING - 2026-05-17 05:25:37 --> [DEPRECATED] Creation of dynamic property Modul\My_orders\Controllers\My_orders::$pager is deprecated in APPPATH\Controllers\BaseController.php on line 52.
 1 SYSTEMPATH\CodeIgniter.php(922): App\Controllers\BaseController->initController(Object(CodeIgniter\HTTP\IncomingRequest), Object(CodeIgniter\HTTP\Response), Object(CodeIgniter\Log\Logger))
 2 SYSTEMPATH\CodeIgniter.php(488): CodeIgniter\CodeIgniter->createController()
 3 SYSTEMPATH\CodeIgniter.php(340): CodeIgniter\CodeIgniter->handleRequest(null, Object(Config\Cache), false)
 4 SYSTEMPATH\Boot.php(417): CodeIgniter\CodeIgniter->run()
 5 SYSTEMPATH\Boot.php(68): CodeIgniter\Boot::runCodeIgniter(Object(CodeIgniter\CodeIgniter))
 6 FCPATH\index.php(59): CodeIgniter\Boot::bootWeb(Object(Config\Paths))
 7 SYSTEMPATH\rewrite.php(44): require_once('C:\\laragon\\data\\kainkita\\public\\index.php')
WARNING - 2026-05-17 05:25:37 --> [DEPRECATED] Creation of dynamic property CodeIgniter\View\View::$db is deprecated in APPPATH\Views\layout\template.php on line 4.
 1 SYSTEMPATH\View\View.php(238): include('C:\\laragon\\data\\kainkita\\app\\Views\\layout\\template.php')
 2 SYSTEMPATH\View\View.php(241): CodeIgniter\View\View->CodeIgniter\View\{closure}()
 3 SYSTEMPATH\View\View.php(254): CodeIgniter\View\View->render('layout/template', [], true)
 4 SYSTEMPATH\Common.php(1250): CodeIgniter\View\View->render('Modul\\My_orders\\Views\\viewOrders', [], true)
 5 ROOTPATH\modul\My_orders\Controllers\My_orders.php(49): view('Modul\\My_orders\\Views\\viewOrders', [...])
 6 SYSTEMPATH\CodeIgniter.php(951): Modul\My_orders\Controllers\My_orders->index()
 7 SYSTEMPATH\CodeIgniter.php(497): CodeIgniter\CodeIgniter->runController(Object(Modul\My_orders\Controllers\My_orders))
 8 SYSTEMPATH\CodeIgniter.php(340): CodeIgniter\CodeIgniter->handleRequest(null, Object(Config\Cache), false)
 9 SYSTEMPATH\Boot.php(417): CodeIgniter\CodeIgniter->run()
10 SYSTEMPATH\Boot.php(68): CodeIgniter\Boot::runCodeIgniter(Object(CodeIgniter\CodeIgniter))
11 FCPATH\index.php(59): CodeIgniter\Boot::bootWeb(Object(Config\Paths))
12 SYSTEMPATH\rewrite.php(44): require_once('C:\\laragon\\data\\kainkita\\public\\index.php')
DEBUG - 2026-05-17 05:25:38 --> Session: Class initialized using 'CodeIgniter\Session\Handlers\FileHandler' driver.
WARNING - 2026-05-17 05:25:38 --> [DEPRECATED] Creation of dynamic property Modul\Carts\Controllers\Carts::$session is deprecated in APPPATH\Controllers\BaseController.php on line 47.
 1 SYSTEMPATH\CodeIgniter.php(922): App\Controllers\BaseController->initController(Object(CodeIgniter\HTTP\IncomingRequest), Object(CodeIgniter\HTTP\Response), Object(CodeIgniter\Log\Logger))
 2 SYSTEMPATH\CodeIgniter.php(488): CodeIgniter\CodeIgniter->createController()
 3 SYSTEMPATH\CodeIgniter.php(340): CodeIgniter\CodeIgniter->handleRequest(null, Object(Config\Cache), false)
 4 SYSTEMPATH\Boot.php(417): CodeIgniter\CodeIgniter->run()
 5 SYSTEMPATH\Boot.php(68): CodeIgniter\Boot::runCodeIgniter(Object(CodeIgniter\CodeIgniter))
 6 FCPATH\index.php(59): CodeIgniter\Boot::bootWeb(Object(Config\Paths))
 7 SYSTEMPATH\rewrite.php(44): require_once('C:\\laragon\\data\\kainkita\\public\\index.php')
WARNING - 2026-05-17 05:25:38 --> [DEPRECATED] Creation of dynamic property Modul\Carts\Controllers\Carts::$validation is deprecated in APPPATH\Controllers\BaseController.php on line 48.
 1 SYSTEMPATH\CodeIgniter.php(922): App\Controllers\BaseController->initController(Object(CodeIgniter\HTTP\IncomingRequest), Object(CodeIgniter\HTTP\Response), Object(CodeIgniter\Log\Logger))
 2 SYSTEMPATH\CodeIgniter.php(488): CodeIgniter\CodeIgniter->createController()
 3 SYSTEMPATH\CodeIgniter.php(340): CodeIgniter\CodeIgniter->handleRequest(null, Object(Config\Cache), false)
 4 SYSTEMPATH\Boot.php(417): CodeIgniter\CodeIgniter->run()
 5 SYSTEMPATH\Boot.php(68): CodeIgniter\Boot::runCodeIgniter(Object(CodeIgniter\CodeIgniter))
 6 FCPATH\index.php(59): CodeIgniter\Boot::bootWeb(Object(Config\Paths))
 7 SYSTEMPATH\rewrite.php(44): require_once('C:\\laragon\\data\\kainkita\\public\\index.php')
WARNING - 2026-05-17 05:25:38 --> [DEPRECATED] Creation of dynamic property Modul\Carts\Controllers\Carts::$db is deprecated in APPPATH\Controllers\BaseController.php on line 50.
 1 SYSTEMPATH\CodeIgniter.php(922): App\Controllers\BaseController->initController(Object(CodeIgniter\HTTP\IncomingRequest), Object(CodeIgniter\HTTP\Response), Object(CodeIgniter\Log\Logger))
 2 SYSTEMPATH\CodeIgniter.php(488): CodeIgniter\CodeIgniter->createController()
 3 SYSTEMPATH\CodeIgniter.php(340): CodeIgniter\CodeIgniter->handleRequest(null, Object(Config\Cache), false)
 4 SYSTEMPATH\Boot.php(417): CodeIgniter\CodeIgniter->run()
 5 SYSTEMPATH\Boot.php(68): CodeIgniter\Boot::runCodeIgniter(Object(CodeIgniter\CodeIgniter))
 6 FCPATH\index.php(59): CodeIgniter\Boot::bootWeb(Object(Config\Paths))
 7 SYSTEMPATH\rewrite.php(44): require_once('C:\\laragon\\data\\kainkita\\public\\index.php')
WARNING - 2026-05-17 05:25:38 --> [DEPRECATED] Creation of dynamic property Modul\Carts\Controllers\Carts::$uri is deprecated in APPPATH\Controllers\BaseController.php on line 51.
 1 SYSTEMPATH\CodeIgniter.php(922): App\Controllers\BaseController->initController(Object(CodeIgniter\HTTP\IncomingRequest), Object(CodeIgniter\HTTP\Response), Object(CodeIgniter\Log\Logger))
 2 SYSTEMPATH\CodeIgniter.php(488): CodeIgniter\CodeIgniter->createController()
 3 SYSTEMPATH\CodeIgniter.php(340): CodeIgniter\CodeIgniter->handleRequest(null, Object(Config\Cache), false)
 4 SYSTEMPATH\Boot.php(417): CodeIgniter\CodeIgniter->run()
 5 SYSTEMPATH\Boot.php(68): CodeIgniter\Boot::runCodeIgniter(Object(CodeIgniter\CodeIgniter))
 6 FCPATH\index.php(59): CodeIgniter\Boot::bootWeb(Object(Config\Paths))
 7 SYSTEMPATH\rewrite.php(44): require_once('C:\\laragon\\data\\kainkita\\public\\index.php')
WARNING - 2026-05-17 05:25:38 --> [DEPRECATED] Creation of dynamic property Modul\Carts\Controllers\Carts::$pager is deprecated in APPPATH\Controllers\BaseController.php on line 52.
 1 SYSTEMPATH\CodeIgniter.php(922): App\Controllers\BaseController->initController(Object(CodeIgniter\HTTP\IncomingRequest), Object(CodeIgniter\HTTP\Response), Object(CodeIgniter\Log\Logger))
 2 SYSTEMPATH\CodeIgniter.php(488): CodeIgniter\CodeIgniter->createController()
 3 SYSTEMPATH\CodeIgniter.php(340): CodeIgniter\CodeIgniter->handleRequest(null, Object(Config\Cache), false)
 4 SYSTEMPATH\Boot.php(417): CodeIgniter\CodeIgniter->run()
 5 SYSTEMPATH\Boot.php(68): CodeIgniter\Boot::runCodeIgniter(Object(CodeIgniter\CodeIgniter))
 6 FCPATH\index.php(59): CodeIgniter\Boot::bootWeb(Object(Config\Paths))
 7 SYSTEMPATH\rewrite.php(44): require_once('C:\\laragon\\data\\kainkita\\public\\index.php')
DEBUG - 2026-05-17 05:25:45 --> Session: Class initialized using 'CodeIgniter\Session\Handlers\FileHandler' driver.
WARNING - 2026-05-17 05:25:45 --> [DEPRECATED] Creation of dynamic property Modul\Contact\Controllers\Contact::$session is deprecated in APPPATH\Controllers\BaseController.php on line 47.
 1 SYSTEMPATH\CodeIgniter.php(922): App\Controllers\BaseController->initController(Object(CodeIgniter\HTTP\IncomingRequest), Object(CodeIgniter\HTTP\Response), Object(CodeIgniter\Log\Logger))
 2 SYSTEMPATH\CodeIgniter.php(488): CodeIgniter\CodeIgniter->createController()
 3 SYSTEMPATH\CodeIgniter.php(340): CodeIgniter\CodeIgniter->handleRequest(null, Object(Config\Cache), false)
 4 SYSTEMPATH\Boot.php(417): CodeIgniter\CodeIgniter->run()
 5 SYSTEMPATH\Boot.php(68): CodeIgniter\Boot::runCodeIgniter(Object(CodeIgniter\CodeIgniter))
 6 FCPATH\index.php(59): CodeIgniter\Boot::bootWeb(Object(Config\Paths))
 7 SYSTEMPATH\rewrite.php(44): require_once('C:\\laragon\\data\\kainkita\\public\\index.php')
WARNING - 2026-05-17 05:25:45 --> [DEPRECATED] Creation of dynamic property Modul\Contact\Controllers\Contact::$validation is deprecated in APPPATH\Controllers\BaseController.php on line 48.
 1 SYSTEMPATH\CodeIgniter.php(922): App\Controllers\BaseController->initController(Object(CodeIgniter\HTTP\IncomingRequest), Object(CodeIgniter\HTTP\Response), Object(CodeIgniter\Log\Logger))
 2 SYSTEMPATH\CodeIgniter.php(488): CodeIgniter\CodeIgniter->createController()
 3 SYSTEMPATH\CodeIgniter.php(340): CodeIgniter\CodeIgniter->handleRequest(null, Object(Config\Cache), false)
 4 SYSTEMPATH\Boot.php(417): CodeIgniter\CodeIgniter->run()
 5 SYSTEMPATH\Boot.php(68): CodeIgniter\Boot::runCodeIgniter(Object(CodeIgniter\CodeIgniter))
 6 FCPATH\index.php(59): CodeIgniter\Boot::bootWeb(Object(Config\Paths))
 7 SYSTEMPATH\rewrite.php(44): require_once('C:\\laragon\\data\\kainkita\\public\\index.php')
WARNING - 2026-05-17 05:25:45 --> [DEPRECATED] Creation of dynamic property Modul\Contact\Controllers\Contact::$db is deprecated in APPPATH\Controllers\BaseController.php on line 50.
 1 SYSTEMPATH\CodeIgniter.php(922): App\Controllers\BaseController->initController(Object(CodeIgniter\HTTP\IncomingRequest), Object(CodeIgniter\HTTP\Response), Object(CodeIgniter\Log\Logger))
 2 SYSTEMPATH\CodeIgniter.php(488): CodeIgniter\CodeIgniter->createController()
 3 SYSTEMPATH\CodeIgniter.php(340): CodeIgniter\CodeIgniter->handleRequest(null, Object(Config\Cache), false)
 4 SYSTEMPATH\Boot.php(417): CodeIgniter\CodeIgniter->run()
 5 SYSTEMPATH\Boot.php(68): CodeIgniter\Boot::runCodeIgniter(Object(CodeIgniter\CodeIgniter))
 6 FCPATH\index.php(59): CodeIgniter\Boot::bootWeb(Object(Config\Paths))
 7 SYSTEMPATH\rewrite.php(44): require_once('C:\\laragon\\data\\kainkita\\public\\index.php')
WARNING - 2026-05-17 05:25:45 --> [DEPRECATED] Creation of dynamic property Modul\Contact\Controllers\Contact::$uri is deprecated in APPPATH\Controllers\BaseController.php on line 51.
 1 SYSTEMPATH\CodeIgniter.php(922): App\Controllers\BaseController->initController(Object(CodeIgniter\HTTP\IncomingRequest), Object(CodeIgniter\HTTP\Response), Object(CodeIgniter\Log\Logger))
 2 SYSTEMPATH\CodeIgniter.php(488): CodeIgniter\CodeIgniter->createController()
 3 SYSTEMPATH\CodeIgniter.php(340): CodeIgniter\CodeIgniter->handleRequest(null, Object(Config\Cache), false)
 4 SYSTEMPATH\Boot.php(417): CodeIgniter\CodeIgniter->run()
 5 SYSTEMPATH\Boot.php(68): CodeIgniter\Boot::runCodeIgniter(Object(CodeIgniter\CodeIgniter))
 6 FCPATH\index.php(59): CodeIgniter\Boot::bootWeb(Object(Config\Paths))
 7 SYSTEMPATH\rewrite.php(44): require_once('C:\\laragon\\data\\kainkita\\public\\index.php')
WARNING - 2026-05-17 05:25:45 --> [DEPRECATED] Creation of dynamic property Modul\Contact\Controllers\Contact::$pager is deprecated in APPPATH\Controllers\BaseController.php on line 52.
 1 SYSTEMPATH\CodeIgniter.php(922): App\Controllers\BaseController->initController(Object(CodeIgniter\HTTP\IncomingRequest), Object(CodeIgniter\HTTP\Response), Object(CodeIgniter\Log\Logger))
 2 SYSTEMPATH\CodeIgniter.php(488): CodeIgniter\CodeIgniter->createController()
 3 SYSTEMPATH\CodeIgniter.php(340): CodeIgniter\CodeIgniter->handleRequest(null, Object(Config\Cache), false)
 4 SYSTEMPATH\Boot.php(417): CodeIgniter\CodeIgniter->run()
 5 SYSTEMPATH\Boot.php(68): CodeIgniter\Boot::runCodeIgniter(Object(CodeIgniter\CodeIgniter))
 6 FCPATH\index.php(59): CodeIgniter\Boot::bootWeb(Object(Config\Paths))
 7 SYSTEMPATH\rewrite.php(44): require_once('C:\\laragon\\data\\kainkita\\public\\index.php')
WARNING - 2026-05-17 05:25:45 --> [DEPRECATED] Creation of dynamic property CodeIgniter\View\View::$db is deprecated in APPPATH\Views\layout\template.php on line 4.
 1 SYSTEMPATH\View\View.php(238): include('C:\\laragon\\data\\kainkita\\app\\Views\\layout\\template.php')
 2 SYSTEMPATH\View\View.php(241): CodeIgniter\View\View->CodeIgniter\View\{closure}()
 3 SYSTEMPATH\View\View.php(254): CodeIgniter\View\View->render('layout/template', [], true)
 4 SYSTEMPATH\Common.php(1250): CodeIgniter\View\View->render('Modul\\Contact\\Views\\viewContact', [], true)
 5 ROOTPATH\modul\Contact\Controllers\Contact.php(17): view('Modul\\Contact\\Views\\viewContact', [...])
 6 SYSTEMPATH\CodeIgniter.php(951): Modul\Contact\Controllers\Contact->index()
 7 SYSTEMPATH\CodeIgniter.php(497): CodeIgniter\CodeIgniter->runController(Object(Modul\Contact\Controllers\Contact))
 8 SYSTEMPATH\CodeIgniter.php(340): CodeIgniter\CodeIgniter->handleRequest(null, Object(Config\Cache), false)
 9 SYSTEMPATH\Boot.php(417): CodeIgniter\CodeIgniter->run()
10 SYSTEMPATH\Boot.php(68): CodeIgniter\Boot::runCodeIgniter(Object(CodeIgniter\CodeIgniter))
11 FCPATH\index.php(59): CodeIgniter\Boot::bootWeb(Object(Config\Paths))
12 SYSTEMPATH\rewrite.php(44): require_once('C:\\laragon\\data\\kainkita\\public\\index.php')
DEBUG - 2026-05-17 05:25:46 --> Session: Class initialized using 'CodeIgniter\Session\Handlers\FileHandler' driver.
WARNING - 2026-05-17 05:25:46 --> [DEPRECATED] Creation of dynamic property Modul\Carts\Controllers\Carts::$session is deprecated in APPPATH\Controllers\BaseController.php on line 47.
 1 SYSTEMPATH\CodeIgniter.php(922): App\Controllers\BaseController->initController(Object(CodeIgniter\HTTP\IncomingRequest), Object(CodeIgniter\HTTP\Response), Object(CodeIgniter\Log\Logger))
 2 SYSTEMPATH\CodeIgniter.php(488): CodeIgniter\CodeIgniter->createController()
 3 SYSTEMPATH\CodeIgniter.php(340): CodeIgniter\CodeIgniter->handleRequest(null, Object(Config\Cache), false)
 4 SYSTEMPATH\Boot.php(417): CodeIgniter\CodeIgniter->run()
 5 SYSTEMPATH\Boot.php(68): CodeIgniter\Boot::runCodeIgniter(Object(CodeIgniter\CodeIgniter))
 6 FCPATH\index.php(59): CodeIgniter\Boot::bootWeb(Object(Config\Paths))
 7 SYSTEMPATH\rewrite.php(44): require_once('C:\\laragon\\data\\kainkita\\public\\index.php')
WARNING - 2026-05-17 05:25:46 --> [DEPRECATED] Creation of dynamic property Modul\Carts\Controllers\Carts::$validation is deprecated in APPPATH\Controllers\BaseController.php on line 48.
 1 SYSTEMPATH\CodeIgniter.php(922): App\Controllers\BaseController->initController(Object(CodeIgniter\HTTP\IncomingRequest), Object(CodeIgniter\HTTP\Response), Object(CodeIgniter\Log\Logger))
 2 SYSTEMPATH\CodeIgniter.php(488): CodeIgniter\CodeIgniter->createController()
 3 SYSTEMPATH\CodeIgniter.php(340): CodeIgniter\CodeIgniter->handleRequest(null, Object(Config\Cache), false)
 4 SYSTEMPATH\Boot.php(417): CodeIgniter\CodeIgniter->run()
 5 SYSTEMPATH\Boot.php(68): CodeIgniter\Boot::runCodeIgniter(Object(CodeIgniter\CodeIgniter))
 6 FCPATH\index.php(59): CodeIgniter\Boot::bootWeb(Object(Config\Paths))
 7 SYSTEMPATH\rewrite.php(44): require_once('C:\\laragon\\data\\kainkita\\public\\index.php')
WARNING - 2026-05-17 05:25:46 --> [DEPRECATED] Creation of dynamic property Modul\Carts\Controllers\Carts::$db is deprecated in APPPATH\Controllers\BaseController.php on line 50.
 1 SYSTEMPATH\CodeIgniter.php(922): App\Controllers\BaseController->initController(Object(CodeIgniter\HTTP\IncomingRequest), Object(CodeIgniter\HTTP\Response), Object(CodeIgniter\Log\Logger))
 2 SYSTEMPATH\CodeIgniter.php(488): CodeIgniter\CodeIgniter->createController()
 3 SYSTEMPATH\CodeIgniter.php(340): CodeIgniter\CodeIgniter->handleRequest(null, Object(Config\Cache), false)
 4 SYSTEMPATH\Boot.php(417): CodeIgniter\CodeIgniter->run()
 5 SYSTEMPATH\Boot.php(68): CodeIgniter\Boot::runCodeIgniter(Object(CodeIgniter\CodeIgniter))
 6 FCPATH\index.php(59): CodeIgniter\Boot::bootWeb(Object(Config\Paths))
 7 SYSTEMPATH\rewrite.php(44): require_once('C:\\laragon\\data\\kainkita\\public\\index.php')
WARNING - 2026-05-17 05:25:46 --> [DEPRECATED] Creation of dynamic property Modul\Carts\Controllers\Carts::$uri is deprecated in APPPATH\Controllers\BaseController.php on line 51.
 1 SYSTEMPATH\CodeIgniter.php(922): App\Controllers\BaseController->initController(Object(CodeIgniter\HTTP\IncomingRequest), Object(CodeIgniter\HTTP\Response), Object(CodeIgniter\Log\Logger))
 2 SYSTEMPATH\CodeIgniter.php(488): CodeIgniter\CodeIgniter->createController()
 3 SYSTEMPATH\CodeIgniter.php(340): CodeIgniter\CodeIgniter->handleRequest(null, Object(Config\Cache), false)
 4 SYSTEMPATH\Boot.php(417): CodeIgniter\CodeIgniter->run()
 5 SYSTEMPATH\Boot.php(68): CodeIgniter\Boot::runCodeIgniter(Object(CodeIgniter\CodeIgniter))
 6 FCPATH\index.php(59): CodeIgniter\Boot::bootWeb(Object(Config\Paths))
 7 SYSTEMPATH\rewrite.php(44): require_once('C:\\laragon\\data\\kainkita\\public\\index.php')
WARNING - 2026-05-17 05:25:46 --> [DEPRECATED] Creation of dynamic property Modul\Carts\Controllers\Carts::$pager is deprecated in APPPATH\Controllers\BaseController.php on line 52.
 1 SYSTEMPATH\CodeIgniter.php(922): App\Controllers\BaseController->initController(Object(CodeIgniter\HTTP\IncomingRequest), Object(CodeIgniter\HTTP\Response), Object(CodeIgniter\Log\Logger))
 2 SYSTEMPATH\CodeIgniter.php(488): CodeIgniter\CodeIgniter->createController()
 3 SYSTEMPATH\CodeIgniter.php(340): CodeIgniter\CodeIgniter->handleRequest(null, Object(Config\Cache), false)
 4 SYSTEMPATH\Boot.php(417): CodeIgniter\CodeIgniter->run()
 5 SYSTEMPATH\Boot.php(68): CodeIgniter\Boot::runCodeIgniter(Object(CodeIgniter\CodeIgniter))
 6 FCPATH\index.php(59): CodeIgniter\Boot::bootWeb(Object(Config\Paths))
 7 SYSTEMPATH\rewrite.php(44): require_once('C:\\laragon\\data\\kainkita\\public\\index.php')
DEBUG - 2026-05-17 08:16:38 --> Session: Class initialized using 'CodeIgniter\Session\Handlers\FileHandler' driver.
WARNING - 2026-05-17 08:16:38 --> [DEPRECATED] Creation of dynamic property Modul\Home\Controllers\Home::$session is deprecated in APPPATH\Controllers\BaseController.php on line 47.
 1 SYSTEMPATH\CodeIgniter.php(922): App\Controllers\BaseController->initController(Object(CodeIgniter\HTTP\IncomingRequest), Object(CodeIgniter\HTTP\Response), Object(CodeIgniter\Log\Logger))
 2 SYSTEMPATH\CodeIgniter.php(488): CodeIgniter\CodeIgniter->createController()
 3 SYSTEMPATH\CodeIgniter.php(340): CodeIgniter\CodeIgniter->handleRequest(null, Object(Config\Cache), false)
 4 SYSTEMPATH\Boot.php(417): CodeIgniter\CodeIgniter->run()
 5 SYSTEMPATH\Boot.php(68): CodeIgniter\Boot::runCodeIgniter(Object(CodeIgniter\CodeIgniter))
 6 FCPATH\index.php(59): CodeIgniter\Boot::bootWeb(Object(Config\Paths))
 7 SYSTEMPATH\rewrite.php(44): require_once('C:\\laragon\\data\\kainkita\\public\\index.php')
WARNING - 2026-05-17 08:16:38 --> [DEPRECATED] Creation of dynamic property Modul\Home\Controllers\Home::$validation is deprecated in APPPATH\Controllers\BaseController.php on line 48.
 1 SYSTEMPATH\CodeIgniter.php(922): App\Controllers\BaseController->initController(Object(CodeIgniter\HTTP\IncomingRequest), Object(CodeIgniter\HTTP\Response), Object(CodeIgniter\Log\Logger))
 2 SYSTEMPATH\CodeIgniter.php(488): CodeIgniter\CodeIgniter->createController()
 3 SYSTEMPATH\CodeIgniter.php(340): CodeIgniter\CodeIgniter->handleRequest(null, Object(Config\Cache), false)
 4 SYSTEMPATH\Boot.php(417): CodeIgniter\CodeIgniter->run()
 5 SYSTEMPATH\Boot.php(68): CodeIgniter\Boot::runCodeIgniter(Object(CodeIgniter\CodeIgniter))
 6 FCPATH\index.php(59): CodeIgniter\Boot::bootWeb(Object(Config\Paths))
 7 SYSTEMPATH\rewrite.php(44): require_once('C:\\laragon\\data\\kainkita\\public\\index.php')
WARNING - 2026-05-17 08:16:38 --> [DEPRECATED] Creation of dynamic property Modul\Home\Controllers\Home::$db is deprecated in APPPATH\Controllers\BaseController.php on line 50.
 1 SYSTEMPATH\CodeIgniter.php(922): App\Controllers\BaseController->initController(Object(CodeIgniter\HTTP\IncomingRequest), Object(CodeIgniter\HTTP\Response), Object(CodeIgniter\Log\Logger))
 2 SYSTEMPATH\CodeIgniter.php(488): CodeIgniter\CodeIgniter->createController()
 3 SYSTEMPATH\CodeIgniter.php(340): CodeIgniter\CodeIgniter->handleRequest(null, Object(Config\Cache), false)
 4 SYSTEMPATH\Boot.php(417): CodeIgniter\CodeIgniter->run()
 5 SYSTEMPATH\Boot.php(68): CodeIgniter\Boot::runCodeIgniter(Object(CodeIgniter\CodeIgniter))
 6 FCPATH\index.php(59): CodeIgniter\Boot::bootWeb(Object(Config\Paths))
 7 SYSTEMPATH\rewrite.php(44): require_once('C:\\laragon\\data\\kainkita\\public\\index.php')
WARNING - 2026-05-17 08:16:38 --> [DEPRECATED] Creation of dynamic property Modul\Home\Controllers\Home::$uri is deprecated in APPPATH\Controllers\BaseController.php on line 51.
 1 SYSTEMPATH\CodeIgniter.php(922): App\Controllers\BaseController->initController(Object(CodeIgniter\HTTP\IncomingRequest), Object(CodeIgniter\HTTP\Response), Object(CodeIgniter\Log\Logger))
 2 SYSTEMPATH\CodeIgniter.php(488): CodeIgniter\CodeIgniter->createController()
 3 SYSTEMPATH\CodeIgniter.php(340): CodeIgniter\CodeIgniter->handleRequest(null, Object(Config\Cache), false)
 4 SYSTEMPATH\Boot.php(417): CodeIgniter\CodeIgniter->run()
 5 SYSTEMPATH\Boot.php(68): CodeIgniter\Boot::runCodeIgniter(Object(CodeIgniter\CodeIgniter))
 6 FCPATH\index.php(59): CodeIgniter\Boot::bootWeb(Object(Config\Paths))
 7 SYSTEMPATH\rewrite.php(44): require_once('C:\\laragon\\data\\kainkita\\public\\index.php')
WARNING - 2026-05-17 08:16:38 --> [DEPRECATED] Creation of dynamic property Modul\Home\Controllers\Home::$pager is deprecated in APPPATH\Controllers\BaseController.php on line 52.
 1 SYSTEMPATH\CodeIgniter.php(922): App\Controllers\BaseController->initController(Object(CodeIgniter\HTTP\IncomingRequest), Object(CodeIgniter\HTTP\Response), Object(CodeIgniter\Log\Logger))
 2 SYSTEMPATH\CodeIgniter.php(488): CodeIgniter\CodeIgniter->createController()
 3 SYSTEMPATH\CodeIgniter.php(340): CodeIgniter\CodeIgniter->handleRequest(null, Object(Config\Cache), false)
 4 SYSTEMPATH\Boot.php(417): CodeIgniter\CodeIgniter->run()
 5 SYSTEMPATH\Boot.php(68): CodeIgniter\Boot::runCodeIgniter(Object(CodeIgniter\CodeIgniter))
 6 FCPATH\index.php(59): CodeIgniter\Boot::bootWeb(Object(Config\Paths))
 7 SYSTEMPATH\rewrite.php(44): require_once('C:\\laragon\\data\\kainkita\\public\\index.php')
WARNING - 2026-05-17 08:16:38 --> [DEPRECATED] Creation of dynamic property CodeIgniter\View\View::$db is deprecated in APPPATH\Views\layout\template.php on line 4.
 1 SYSTEMPATH\View\View.php(238): include('C:\\laragon\\data\\kainkita\\app\\Views\\layout\\template.php')
 2 SYSTEMPATH\View\View.php(241): CodeIgniter\View\View->CodeIgniter\View\{closure}()
 3 SYSTEMPATH\View\View.php(254): CodeIgniter\View\View->render('layout/template', [], true)
 4 SYSTEMPATH\Common.php(1250): CodeIgniter\View\View->render('Modul\\Home\\Views\\viewHome', [], true)
 5 ROOTPATH\modul\Home\Controllers\Home.php(71): view('Modul\\Home\\Views\\viewHome', [...])
 6 SYSTEMPATH\CodeIgniter.php(951): Modul\Home\Controllers\Home->index()
 7 SYSTEMPATH\CodeIgniter.php(497): CodeIgniter\CodeIgniter->runController(Object(Modul\Home\Controllers\Home))
 8 SYSTEMPATH\CodeIgniter.php(340): CodeIgniter\CodeIgniter->handleRequest(null, Object(Config\Cache), false)
 9 SYSTEMPATH\Boot.php(417): CodeIgniter\CodeIgniter->run()
10 SYSTEMPATH\Boot.php(68): CodeIgniter\Boot::runCodeIgniter(Object(CodeIgniter\CodeIgniter))
11 FCPATH\index.php(59): CodeIgniter\Boot::bootWeb(Object(Config\Paths))
12 SYSTEMPATH\rewrite.php(44): require_once('C:\\laragon\\data\\kainkita\\public\\index.php')
DEBUG - 2026-05-17 08:16:40 --> Session: Class initialized using 'CodeIgniter\Session\Handlers\FileHandler' driver.
WARNING - 2026-05-17 08:16:40 --> [DEPRECATED] Creation of dynamic property Modul\Carts\Controllers\Carts::$session is deprecated in APPPATH\Controllers\BaseController.php on line 47.
 1 SYSTEMPATH\CodeIgniter.php(922): App\Controllers\BaseController->initController(Object(CodeIgniter\HTTP\IncomingRequest), Object(CodeIgniter\HTTP\Response), Object(CodeIgniter\Log\Logger))
 2 SYSTEMPATH\CodeIgniter.php(488): CodeIgniter\CodeIgniter->createController()
 3 SYSTEMPATH\CodeIgniter.php(340): CodeIgniter\CodeIgniter->handleRequest(null, Object(Config\Cache), false)
 4 SYSTEMPATH\Boot.php(417): CodeIgniter\CodeIgniter->run()
 5 SYSTEMPATH\Boot.php(68): CodeIgniter\Boot::runCodeIgniter(Object(CodeIgniter\CodeIgniter))
 6 FCPATH\index.php(59): CodeIgniter\Boot::bootWeb(Object(Config\Paths))
 7 SYSTEMPATH\rewrite.php(44): require_once('C:\\laragon\\data\\kainkita\\public\\index.php')
WARNING - 2026-05-17 08:16:40 --> [DEPRECATED] Creation of dynamic property Modul\Carts\Controllers\Carts::$validation is deprecated in APPPATH\Controllers\BaseController.php on line 48.
 1 SYSTEMPATH\CodeIgniter.php(922): App\Controllers\BaseController->initController(Object(CodeIgniter\HTTP\IncomingRequest), Object(CodeIgniter\HTTP\Response), Object(CodeIgniter\Log\Logger))
 2 SYSTEMPATH\CodeIgniter.php(488): CodeIgniter\CodeIgniter->createController()
 3 SYSTEMPATH\CodeIgniter.php(340): CodeIgniter\CodeIgniter->handleRequest(null, Object(Config\Cache), false)
 4 SYSTEMPATH\Boot.php(417): CodeIgniter\CodeIgniter->run()
 5 SYSTEMPATH\Boot.php(68): CodeIgniter\Boot::runCodeIgniter(Object(CodeIgniter\CodeIgniter))
 6 FCPATH\index.php(59): CodeIgniter\Boot::bootWeb(Object(Config\Paths))
 7 SYSTEMPATH\rewrite.php(44): require_once('C:\\laragon\\data\\kainkita\\public\\index.php')
WARNING - 2026-05-17 08:16:40 --> [DEPRECATED] Creation of dynamic property Modul\Carts\Controllers\Carts::$db is deprecated in APPPATH\Controllers\BaseController.php on line 50.
 1 SYSTEMPATH\CodeIgniter.php(922): App\Controllers\BaseController->initController(Object(CodeIgniter\HTTP\IncomingRequest), Object(CodeIgniter\HTTP\Response), Object(CodeIgniter\Log\Logger))
 2 SYSTEMPATH\CodeIgniter.php(488): CodeIgniter\CodeIgniter->createController()
 3 SYSTEMPATH\CodeIgniter.php(340): CodeIgniter\CodeIgniter->handleRequest(null, Object(Config\Cache), false)
 4 SYSTEMPATH\Boot.php(417): CodeIgniter\CodeIgniter->run()
 5 SYSTEMPATH\Boot.php(68): CodeIgniter\Boot::runCodeIgniter(Object(CodeIgniter\CodeIgniter))
 6 FCPATH\index.php(59): CodeIgniter\Boot::bootWeb(Object(Config\Paths))
 7 SYSTEMPATH\rewrite.php(44): require_once('C:\\laragon\\data\\kainkita\\public\\index.php')
WARNING - 2026-05-17 08:16:40 --> [DEPRECATED] Creation of dynamic property Modul\Carts\Controllers\Carts::$uri is deprecated in APPPATH\Controllers\BaseController.php on line 51.
 1 SYSTEMPATH\CodeIgniter.php(922): App\Controllers\BaseController->initController(Object(CodeIgniter\HTTP\IncomingRequest), Object(CodeIgniter\HTTP\Response), Object(CodeIgniter\Log\Logger))
 2 SYSTEMPATH\CodeIgniter.php(488): CodeIgniter\CodeIgniter->createController()
 3 SYSTEMPATH\CodeIgniter.php(340): CodeIgniter\CodeIgniter->handleRequest(null, Object(Config\Cache), false)
 4 SYSTEMPATH\Boot.php(417): CodeIgniter\CodeIgniter->run()
 5 SYSTEMPATH\Boot.php(68): CodeIgniter\Boot::runCodeIgniter(Object(CodeIgniter\CodeIgniter))
 6 FCPATH\index.php(59): CodeIgniter\Boot::bootWeb(Object(Config\Paths))
 7 SYSTEMPATH\rewrite.php(44): require_once('C:\\laragon\\data\\kainkita\\public\\index.php')
WARNING - 2026-05-17 08:16:40 --> [DEPRECATED] Creation of dynamic property Modul\Carts\Controllers\Carts::$pager is deprecated in APPPATH\Controllers\BaseController.php on line 52.
 1 SYSTEMPATH\CodeIgniter.php(922): App\Controllers\BaseController->initController(Object(CodeIgniter\HTTP\IncomingRequest), Object(CodeIgniter\HTTP\Response), Object(CodeIgniter\Log\Logger))
 2 SYSTEMPATH\CodeIgniter.php(488): CodeIgniter\CodeIgniter->createController()
 3 SYSTEMPATH\CodeIgniter.php(340): CodeIgniter\CodeIgniter->handleRequest(null, Object(Config\Cache), false)
 4 SYSTEMPATH\Boot.php(417): CodeIgniter\CodeIgniter->run()
 5 SYSTEMPATH\Boot.php(68): CodeIgniter\Boot::runCodeIgniter(Object(CodeIgniter\CodeIgniter))
 6 FCPATH\index.php(59): CodeIgniter\Boot::bootWeb(Object(Config\Paths))
 7 SYSTEMPATH\rewrite.php(44): require_once('C:\\laragon\\data\\kainkita\\public\\index.php')
WARNING - 2026-05-17 08:16:49 --> [DEPRECATED] Creation of dynamic property Modul\Profile\Controllers\Profile::$customers is deprecated in ROOTPATH\modul\Profile\Controllers\Profile.php on line 12.
 1 SYSTEMPATH\CodeIgniter.php(921): Modul\Profile\Controllers\Profile->__construct()
 2 SYSTEMPATH\CodeIgniter.php(488): CodeIgniter\CodeIgniter->createController()
 3 SYSTEMPATH\CodeIgniter.php(340): CodeIgniter\CodeIgniter->handleRequest(null, Object(Config\Cache), false)
 4 SYSTEMPATH\Boot.php(417): CodeIgniter\CodeIgniter->run()
 5 SYSTEMPATH\Boot.php(68): CodeIgniter\Boot::runCodeIgniter(Object(CodeIgniter\CodeIgniter))
 6 FCPATH\index.php(59): CodeIgniter\Boot::bootWeb(Object(Config\Paths))
 7 SYSTEMPATH\rewrite.php(44): require_once('C:\\laragon\\data\\kainkita\\public\\index.php')
DEBUG - 2026-05-17 08:16:49 --> Session: Class initialized using 'CodeIgniter\Session\Handlers\FileHandler' driver.
WARNING - 2026-05-17 08:16:49 --> [DEPRECATED] Creation of dynamic property Modul\Profile\Controllers\Profile::$session is deprecated in APPPATH\Controllers\BaseController.php on line 47.
 1 SYSTEMPATH\CodeIgniter.php(922): App\Controllers\BaseController->initController(Object(CodeIgniter\HTTP\IncomingRequest), Object(CodeIgniter\HTTP\Response), Object(CodeIgniter\Log\Logger))
 2 SYSTEMPATH\CodeIgniter.php(488): CodeIgniter\CodeIgniter->createController()
 3 SYSTEMPATH\CodeIgniter.php(340): CodeIgniter\CodeIgniter->handleRequest(null, Object(Config\Cache), false)
 4 SYSTEMPATH\Boot.php(417): CodeIgniter\CodeIgniter->run()
 5 SYSTEMPATH\Boot.php(68): CodeIgniter\Boot::runCodeIgniter(Object(CodeIgniter\CodeIgniter))
 6 FCPATH\index.php(59): CodeIgniter\Boot::bootWeb(Object(Config\Paths))
 7 SYSTEMPATH\rewrite.php(44): require_once('C:\\laragon\\data\\kainkita\\public\\index.php')
WARNING - 2026-05-17 08:16:49 --> [DEPRECATED] Creation of dynamic property Modul\Profile\Controllers\Profile::$validation is deprecated in APPPATH\Controllers\BaseController.php on line 48.
 1 SYSTEMPATH\CodeIgniter.php(922): App\Controllers\BaseController->initController(Object(CodeIgniter\HTTP\IncomingRequest), Object(CodeIgniter\HTTP\Response), Object(CodeIgniter\Log\Logger))
 2 SYSTEMPATH\CodeIgniter.php(488): CodeIgniter\CodeIgniter->createController()
 3 SYSTEMPATH\CodeIgniter.php(340): CodeIgniter\CodeIgniter->handleRequest(null, Object(Config\Cache), false)
 4 SYSTEMPATH\Boot.php(417): CodeIgniter\CodeIgniter->run()
 5 SYSTEMPATH\Boot.php(68): CodeIgniter\Boot::runCodeIgniter(Object(CodeIgniter\CodeIgniter))
 6 FCPATH\index.php(59): CodeIgniter\Boot::bootWeb(Object(Config\Paths))
 7 SYSTEMPATH\rewrite.php(44): require_once('C:\\laragon\\data\\kainkita\\public\\index.php')
WARNING - 2026-05-17 08:16:49 --> [DEPRECATED] Creation of dynamic property Modul\Profile\Controllers\Profile::$db is deprecated in APPPATH\Controllers\BaseController.php on line 50.
 1 SYSTEMPATH\CodeIgniter.php(922): App\Controllers\BaseController->initController(Object(CodeIgniter\HTTP\IncomingRequest), Object(CodeIgniter\HTTP\Response), Object(CodeIgniter\Log\Logger))
 2 SYSTEMPATH\CodeIgniter.php(488): CodeIgniter\CodeIgniter->createController()
 3 SYSTEMPATH\CodeIgniter.php(340): CodeIgniter\CodeIgniter->handleRequest(null, Object(Config\Cache), false)
 4 SYSTEMPATH\Boot.php(417): CodeIgniter\CodeIgniter->run()
 5 SYSTEMPATH\Boot.php(68): CodeIgniter\Boot::runCodeIgniter(Object(CodeIgniter\CodeIgniter))
 6 FCPATH\index.php(59): CodeIgniter\Boot::bootWeb(Object(Config\Paths))
 7 SYSTEMPATH\rewrite.php(44): require_once('C:\\laragon\\data\\kainkita\\public\\index.php')
WARNING - 2026-05-17 08:16:49 --> [DEPRECATED] Creation of dynamic property Modul\Profile\Controllers\Profile::$uri is deprecated in APPPATH\Controllers\BaseController.php on line 51.
 1 SYSTEMPATH\CodeIgniter.php(922): App\Controllers\BaseController->initController(Object(CodeIgniter\HTTP\IncomingRequest), Object(CodeIgniter\HTTP\Response), Object(CodeIgniter\Log\Logger))
 2 SYSTEMPATH\CodeIgniter.php(488): CodeIgniter\CodeIgniter->createController()
 3 SYSTEMPATH\CodeIgniter.php(340): CodeIgniter\CodeIgniter->handleRequest(null, Object(Config\Cache), false)
 4 SYSTEMPATH\Boot.php(417): CodeIgniter\CodeIgniter->run()
 5 SYSTEMPATH\Boot.php(68): CodeIgniter\Boot::runCodeIgniter(Object(CodeIgniter\CodeIgniter))
 6 FCPATH\index.php(59): CodeIgniter\Boot::bootWeb(Object(Config\Paths))
 7 SYSTEMPATH\rewrite.php(44): require_once('C:\\laragon\\data\\kainkita\\public\\index.php')
WARNING - 2026-05-17 08:16:49 --> [DEPRECATED] Creation of dynamic property Modul\Profile\Controllers\Profile::$pager is deprecated in APPPATH\Controllers\BaseController.php on line 52.
 1 SYSTEMPATH\CodeIgniter.php(922): App\Controllers\BaseController->initController(Object(CodeIgniter\HTTP\IncomingRequest), Object(CodeIgniter\HTTP\Response), Object(CodeIgniter\Log\Logger))
 2 SYSTEMPATH\CodeIgniter.php(488): CodeIgniter\CodeIgniter->createController()
 3 SYSTEMPATH\CodeIgniter.php(340): CodeIgniter\CodeIgniter->handleRequest(null, Object(Config\Cache), false)
 4 SYSTEMPATH\Boot.php(417): CodeIgniter\CodeIgniter->run()
 5 SYSTEMPATH\Boot.php(68): CodeIgniter\Boot::runCodeIgniter(Object(CodeIgniter\CodeIgniter))
 6 FCPATH\index.php(59): CodeIgniter\Boot::bootWeb(Object(Config\Paths))
 7 SYSTEMPATH\rewrite.php(44): require_once('C:\\laragon\\data\\kainkita\\public\\index.php')
DEBUG - 2026-05-17 08:16:50 --> Session: Class initialized using 'CodeIgniter\Session\Handlers\FileHandler' driver.
WARNING - 2026-05-17 08:16:50 --> [DEPRECATED] Creation of dynamic property Modul\Login\Controllers\Login::$session is deprecated in APPPATH\Controllers\BaseController.php on line 47.
 1 SYSTEMPATH\CodeIgniter.php(922): App\Controllers\BaseController->initController(Object(CodeIgniter\HTTP\IncomingRequest), Object(CodeIgniter\HTTP\Response), Object(CodeIgniter\Log\Logger))
 2 SYSTEMPATH\CodeIgniter.php(488): CodeIgniter\CodeIgniter->createController()
 3 SYSTEMPATH\CodeIgniter.php(340): CodeIgniter\CodeIgniter->handleRequest(null, Object(Config\Cache), false)
 4 SYSTEMPATH\Boot.php(417): CodeIgniter\CodeIgniter->run()
 5 SYSTEMPATH\Boot.php(68): CodeIgniter\Boot::runCodeIgniter(Object(CodeIgniter\CodeIgniter))
 6 FCPATH\index.php(59): CodeIgniter\Boot::bootWeb(Object(Config\Paths))
 7 SYSTEMPATH\rewrite.php(44): require_once('C:\\laragon\\data\\kainkita\\public\\index.php')
WARNING - 2026-05-17 08:16:50 --> [DEPRECATED] Creation of dynamic property Modul\Login\Controllers\Login::$validation is deprecated in APPPATH\Controllers\BaseController.php on line 48.
 1 SYSTEMPATH\CodeIgniter.php(922): App\Controllers\BaseController->initController(Object(CodeIgniter\HTTP\IncomingRequest), Object(CodeIgniter\HTTP\Response), Object(CodeIgniter\Log\Logger))
 2 SYSTEMPATH\CodeIgniter.php(488): CodeIgniter\CodeIgniter->createController()
 3 SYSTEMPATH\CodeIgniter.php(340): CodeIgniter\CodeIgniter->handleRequest(null, Object(Config\Cache), false)
 4 SYSTEMPATH\Boot.php(417): CodeIgniter\CodeIgniter->run()
 5 SYSTEMPATH\Boot.php(68): CodeIgniter\Boot::runCodeIgniter(Object(CodeIgniter\CodeIgniter))
 6 FCPATH\index.php(59): CodeIgniter\Boot::bootWeb(Object(Config\Paths))
 7 SYSTEMPATH\rewrite.php(44): require_once('C:\\laragon\\data\\kainkita\\public\\index.php')
WARNING - 2026-05-17 08:16:50 --> [DEPRECATED] Creation of dynamic property Modul\Login\Controllers\Login::$db is deprecated in APPPATH\Controllers\BaseController.php on line 50.
 1 SYSTEMPATH\CodeIgniter.php(922): App\Controllers\BaseController->initController(Object(CodeIgniter\HTTP\IncomingRequest), Object(CodeIgniter\HTTP\Response), Object(CodeIgniter\Log\Logger))
 2 SYSTEMPATH\CodeIgniter.php(488): CodeIgniter\CodeIgniter->createController()
 3 SYSTEMPATH\CodeIgniter.php(340): CodeIgniter\CodeIgniter->handleRequest(null, Object(Config\Cache), false)
 4 SYSTEMPATH\Boot.php(417): CodeIgniter\CodeIgniter->run()
 5 SYSTEMPATH\Boot.php(68): CodeIgniter\Boot::runCodeIgniter(Object(CodeIgniter\CodeIgniter))
 6 FCPATH\index.php(59): CodeIgniter\Boot::bootWeb(Object(Config\Paths))
 7 SYSTEMPATH\rewrite.php(44): require_once('C:\\laragon\\data\\kainkita\\public\\index.php')
WARNING - 2026-05-17 08:16:50 --> [DEPRECATED] Creation of dynamic property Modul\Login\Controllers\Login::$uri is deprecated in APPPATH\Controllers\BaseController.php on line 51.
 1 SYSTEMPATH\CodeIgniter.php(922): App\Controllers\BaseController->initController(Object(CodeIgniter\HTTP\IncomingRequest), Object(CodeIgniter\HTTP\Response), Object(CodeIgniter\Log\Logger))
 2 SYSTEMPATH\CodeIgniter.php(488): CodeIgniter\CodeIgniter->createController()
 3 SYSTEMPATH\CodeIgniter.php(340): CodeIgniter\CodeIgniter->handleRequest(null, Object(Config\Cache), false)
 4 SYSTEMPATH\Boot.php(417): CodeIgniter\CodeIgniter->run()
 5 SYSTEMPATH\Boot.php(68): CodeIgniter\Boot::runCodeIgniter(Object(CodeIgniter\CodeIgniter))
 6 FCPATH\index.php(59): CodeIgniter\Boot::bootWeb(Object(Config\Paths))
 7 SYSTEMPATH\rewrite.php(44): require_once('C:\\laragon\\data\\kainkita\\public\\index.php')
WARNING - 2026-05-17 08:16:50 --> [DEPRECATED] Creation of dynamic property Modul\Login\Controllers\Login::$pager is deprecated in APPPATH\Controllers\BaseController.php on line 52.
 1 SYSTEMPATH\CodeIgniter.php(922): App\Controllers\BaseController->initController(Object(CodeIgniter\HTTP\IncomingRequest), Object(CodeIgniter\HTTP\Response), Object(CodeIgniter\Log\Logger))
 2 SYSTEMPATH\CodeIgniter.php(488): CodeIgniter\CodeIgniter->createController()
 3 SYSTEMPATH\CodeIgniter.php(340): CodeIgniter\CodeIgniter->handleRequest(null, Object(Config\Cache), false)
 4 SYSTEMPATH\Boot.php(417): CodeIgniter\CodeIgniter->run()
 5 SYSTEMPATH\Boot.php(68): CodeIgniter\Boot::runCodeIgniter(Object(CodeIgniter\CodeIgniter))
 6 FCPATH\index.php(59): CodeIgniter\Boot::bootWeb(Object(Config\Paths))
 7 SYSTEMPATH\rewrite.php(44): require_once('C:\\laragon\\data\\kainkita\\public\\index.php')
WARNING - 2026-05-17 08:16:50 --> [DEPRECATED] Creation of dynamic property CodeIgniter\View\View::$db is deprecated in ROOTPATH\modul\Login\Views\viewLogin.php on line 4.
 1 SYSTEMPATH\View\View.php(238): include('C:\\laragon\\data\\kainkita\\modul\\Login\\Views\\viewLogin.php')
 2 SYSTEMPATH\View\View.php(241): CodeIgniter\View\View->CodeIgniter\View\{closure}()
 3 SYSTEMPATH\Common.php(1250): CodeIgniter\View\View->render('Modul\\Login\\Views\\viewLogin', [], true)
 4 ROOTPATH\modul\Login\Controllers\Login.php(25): view('Modul\\Login\\Views\\viewLogin', [...])
 5 SYSTEMPATH\CodeIgniter.php(951): Modul\Login\Controllers\Login->index()
 6 SYSTEMPATH\CodeIgniter.php(497): CodeIgniter\CodeIgniter->runController(Object(Modul\Login\Controllers\Login))
 7 SYSTEMPATH\CodeIgniter.php(340): CodeIgniter\CodeIgniter->handleRequest(null, Object(Config\Cache), false)
 8 SYSTEMPATH\Boot.php(417): CodeIgniter\CodeIgniter->run()
 9 SYSTEMPATH\Boot.php(68): CodeIgniter\Boot::runCodeIgniter(Object(CodeIgniter\CodeIgniter))
10 FCPATH\index.php(59): CodeIgniter\Boot::bootWeb(Object(Config\Paths))
11 SYSTEMPATH\rewrite.php(44): require_once('C:\\laragon\\data\\kainkita\\public\\index.php')
DEBUG - 2026-05-17 08:16:53 --> Session: Class initialized using 'CodeIgniter\Session\Handlers\FileHandler' driver.
WARNING - 2026-05-17 08:16:53 --> [DEPRECATED] Creation of dynamic property Modul\Login\Controllers\Login::$session is deprecated in APPPATH\Controllers\BaseController.php on line 47.
 1 SYSTEMPATH\CodeIgniter.php(922): App\Controllers\BaseController->initController(Object(CodeIgniter\HTTP\IncomingRequest), Object(CodeIgniter\HTTP\Response), Object(CodeIgniter\Log\Logger))
 2 SYSTEMPATH\CodeIgniter.php(488): CodeIgniter\CodeIgniter->createController()
 3 SYSTEMPATH\CodeIgniter.php(340): CodeIgniter\CodeIgniter->handleRequest(null, Object(Config\Cache), false)
 4 SYSTEMPATH\Boot.php(417): CodeIgniter\CodeIgniter->run()
 5 SYSTEMPATH\Boot.php(68): CodeIgniter\Boot::runCodeIgniter(Object(CodeIgniter\CodeIgniter))
 6 FCPATH\index.php(59): CodeIgniter\Boot::bootWeb(Object(Config\Paths))
 7 SYSTEMPATH\rewrite.php(44): require_once('C:\\laragon\\data\\kainkita\\public\\index.php')
WARNING - 2026-05-17 08:16:53 --> [DEPRECATED] Creation of dynamic property Modul\Login\Controllers\Login::$validation is deprecated in APPPATH\Controllers\BaseController.php on line 48.
 1 SYSTEMPATH\CodeIgniter.php(922): App\Controllers\BaseController->initController(Object(CodeIgniter\HTTP\IncomingRequest), Object(CodeIgniter\HTTP\Response), Object(CodeIgniter\Log\Logger))
 2 SYSTEMPATH\CodeIgniter.php(488): CodeIgniter\CodeIgniter->createController()
 3 SYSTEMPATH\CodeIgniter.php(340): CodeIgniter\CodeIgniter->handleRequest(null, Object(Config\Cache), false)
 4 SYSTEMPATH\Boot.php(417): CodeIgniter\CodeIgniter->run()
 5 SYSTEMPATH\Boot.php(68): CodeIgniter\Boot::runCodeIgniter(Object(CodeIgniter\CodeIgniter))
 6 FCPATH\index.php(59): CodeIgniter\Boot::bootWeb(Object(Config\Paths))
 7 SYSTEMPATH\rewrite.php(44): require_once('C:\\laragon\\data\\kainkita\\public\\index.php')
WARNING - 2026-05-17 08:16:53 --> [DEPRECATED] Creation of dynamic property Modul\Login\Controllers\Login::$db is deprecated in APPPATH\Controllers\BaseController.php on line 50.
 1 SYSTEMPATH\CodeIgniter.php(922): App\Controllers\BaseController->initController(Object(CodeIgniter\HTTP\IncomingRequest), Object(CodeIgniter\HTTP\Response), Object(CodeIgniter\Log\Logger))
 2 SYSTEMPATH\CodeIgniter.php(488): CodeIgniter\CodeIgniter->createController()
 3 SYSTEMPATH\CodeIgniter.php(340): CodeIgniter\CodeIgniter->handleRequest(null, Object(Config\Cache), false)
 4 SYSTEMPATH\Boot.php(417): CodeIgniter\CodeIgniter->run()
 5 SYSTEMPATH\Boot.php(68): CodeIgniter\Boot::runCodeIgniter(Object(CodeIgniter\CodeIgniter))
 6 FCPATH\index.php(59): CodeIgniter\Boot::bootWeb(Object(Config\Paths))
 7 SYSTEMPATH\rewrite.php(44): require_once('C:\\laragon\\data\\kainkita\\public\\index.php')
WARNING - 2026-05-17 08:16:53 --> [DEPRECATED] Creation of dynamic property Modul\Login\Controllers\Login::$uri is deprecated in APPPATH\Controllers\BaseController.php on line 51.
 1 SYSTEMPATH\CodeIgniter.php(922): App\Controllers\BaseController->initController(Object(CodeIgniter\HTTP\IncomingRequest), Object(CodeIgniter\HTTP\Response), Object(CodeIgniter\Log\Logger))
 2 SYSTEMPATH\CodeIgniter.php(488): CodeIgniter\CodeIgniter->createController()
 3 SYSTEMPATH\CodeIgniter.php(340): CodeIgniter\CodeIgniter->handleRequest(null, Object(Config\Cache), false)
 4 SYSTEMPATH\Boot.php(417): CodeIgniter\CodeIgniter->run()
 5 SYSTEMPATH\Boot.php(68): CodeIgniter\Boot::runCodeIgniter(Object(CodeIgniter\CodeIgniter))
 6 FCPATH\index.php(59): CodeIgniter\Boot::bootWeb(Object(Config\Paths))
 7 SYSTEMPATH\rewrite.php(44): require_once('C:\\laragon\\data\\kainkita\\public\\index.php')
WARNING - 2026-05-17 08:16:53 --> [DEPRECATED] Creation of dynamic property Modul\Login\Controllers\Login::$pager is deprecated in APPPATH\Controllers\BaseController.php on line 52.
 1 SYSTEMPATH\CodeIgniter.php(922): App\Controllers\BaseController->initController(Object(CodeIgniter\HTTP\IncomingRequest), Object(CodeIgniter\HTTP\Response), Object(CodeIgniter\Log\Logger))
 2 SYSTEMPATH\CodeIgniter.php(488): CodeIgniter\CodeIgniter->createController()
 3 SYSTEMPATH\CodeIgniter.php(340): CodeIgniter\CodeIgniter->handleRequest(null, Object(Config\Cache), false)
 4 SYSTEMPATH\Boot.php(417): CodeIgniter\CodeIgniter->run()
 5 SYSTEMPATH\Boot.php(68): CodeIgniter\Boot::runCodeIgniter(Object(CodeIgniter\CodeIgniter))
 6 FCPATH\index.php(59): CodeIgniter\Boot::bootWeb(Object(Config\Paths))
 7 SYSTEMPATH\rewrite.php(44): require_once('C:\\laragon\\data\\kainkita\\public\\index.php')
DEBUG - 2026-05-17 08:17:00 --> Session: Class initialized using 'CodeIgniter\Session\Handlers\FileHandler' driver.
WARNING - 2026-05-17 08:17:00 --> [DEPRECATED] Creation of dynamic property Modul\Login\Controllers\Login::$session is deprecated in APPPATH\Controllers\BaseController.php on line 47.
 1 SYSTEMPATH\CodeIgniter.php(922): App\Controllers\BaseController->initController(Object(CodeIgniter\HTTP\IncomingRequest), Object(CodeIgniter\HTTP\Response), Object(CodeIgniter\Log\Logger))
 2 SYSTEMPATH\CodeIgniter.php(488): CodeIgniter\CodeIgniter->createController()
 3 SYSTEMPATH\CodeIgniter.php(340): CodeIgniter\CodeIgniter->handleRequest(null, Object(Config\Cache), false)
 4 SYSTEMPATH\Boot.php(417): CodeIgniter\CodeIgniter->run()
 5 SYSTEMPATH\Boot.php(68): CodeIgniter\Boot::runCodeIgniter(Object(CodeIgniter\CodeIgniter))
 6 FCPATH\index.php(59): CodeIgniter\Boot::bootWeb(Object(Config\Paths))
 7 SYSTEMPATH\rewrite.php(44): require_once('C:\\laragon\\data\\kainkita\\public\\index.php')
WARNING - 2026-05-17 08:17:00 --> [DEPRECATED] Creation of dynamic property Modul\Login\Controllers\Login::$validation is deprecated in APPPATH\Controllers\BaseController.php on line 48.
 1 SYSTEMPATH\CodeIgniter.php(922): App\Controllers\BaseController->initController(Object(CodeIgniter\HTTP\IncomingRequest), Object(CodeIgniter\HTTP\Response), Object(CodeIgniter\Log\Logger))
 2 SYSTEMPATH\CodeIgniter.php(488): CodeIgniter\CodeIgniter->createController()
 3 SYSTEMPATH\CodeIgniter.php(340): CodeIgniter\CodeIgniter->handleRequest(null, Object(Config\Cache), false)
 4 SYSTEMPATH\Boot.php(417): CodeIgniter\CodeIgniter->run()
 5 SYSTEMPATH\Boot.php(68): CodeIgniter\Boot::runCodeIgniter(Object(CodeIgniter\CodeIgniter))
 6 FCPATH\index.php(59): CodeIgniter\Boot::bootWeb(Object(Config\Paths))
 7 SYSTEMPATH\rewrite.php(44): require_once('C:\\laragon\\data\\kainkita\\public\\index.php')
WARNING - 2026-05-17 08:17:00 --> [DEPRECATED] Creation of dynamic property Modul\Login\Controllers\Login::$db is deprecated in APPPATH\Controllers\BaseController.php on line 50.
 1 SYSTEMPATH\CodeIgniter.php(922): App\Controllers\BaseController->initController(Object(CodeIgniter\HTTP\IncomingRequest), Object(CodeIgniter\HTTP\Response), Object(CodeIgniter\Log\Logger))
 2 SYSTEMPATH\CodeIgniter.php(488): CodeIgniter\CodeIgniter->createController()
 3 SYSTEMPATH\CodeIgniter.php(340): CodeIgniter\CodeIgniter->handleRequest(null, Object(Config\Cache), false)
 4 SYSTEMPATH\Boot.php(417): CodeIgniter\CodeIgniter->run()
 5 SYSTEMPATH\Boot.php(68): CodeIgniter\Boot::runCodeIgniter(Object(CodeIgniter\CodeIgniter))
 6 FCPATH\index.php(59): CodeIgniter\Boot::bootWeb(Object(Config\Paths))
 7 SYSTEMPATH\rewrite.php(44): require_once('C:\\laragon\\data\\kainkita\\public\\index.php')
WARNING - 2026-05-17 08:17:00 --> [DEPRECATED] Creation of dynamic property Modul\Login\Controllers\Login::$uri is deprecated in APPPATH\Controllers\BaseController.php on line 51.
 1 SYSTEMPATH\CodeIgniter.php(922): App\Controllers\BaseController->initController(Object(CodeIgniter\HTTP\IncomingRequest), Object(CodeIgniter\HTTP\Response), Object(CodeIgniter\Log\Logger))
 2 SYSTEMPATH\CodeIgniter.php(488): CodeIgniter\CodeIgniter->createController()
 3 SYSTEMPATH\CodeIgniter.php(340): CodeIgniter\CodeIgniter->handleRequest(null, Object(Config\Cache), false)
 4 SYSTEMPATH\Boot.php(417): CodeIgniter\CodeIgniter->run()
 5 SYSTEMPATH\Boot.php(68): CodeIgniter\Boot::runCodeIgniter(Object(CodeIgniter\CodeIgniter))
 6 FCPATH\index.php(59): CodeIgniter\Boot::bootWeb(Object(Config\Paths))
 7 SYSTEMPATH\rewrite.php(44): require_once('C:\\laragon\\data\\kainkita\\public\\index.php')
WARNING - 2026-05-17 08:17:00 --> [DEPRECATED] Creation of dynamic property Modul\Login\Controllers\Login::$pager is deprecated in APPPATH\Controllers\BaseController.php on line 52.
 1 SYSTEMPATH\CodeIgniter.php(922): App\Controllers\BaseController->initController(Object(CodeIgniter\HTTP\IncomingRequest), Object(CodeIgniter\HTTP\Response), Object(CodeIgniter\Log\Logger))
 2 SYSTEMPATH\CodeIgniter.php(488): CodeIgniter\CodeIgniter->createController()
 3 SYSTEMPATH\CodeIgniter.php(340): CodeIgniter\CodeIgniter->handleRequest(null, Object(Config\Cache), false)
 4 SYSTEMPATH\Boot.php(417): CodeIgniter\CodeIgniter->run()
 5 SYSTEMPATH\Boot.php(68): CodeIgniter\Boot::runCodeIgniter(Object(CodeIgniter\CodeIgniter))
 6 FCPATH\index.php(59): CodeIgniter\Boot::bootWeb(Object(Config\Paths))
 7 SYSTEMPATH\rewrite.php(44): require_once('C:\\laragon\\data\\kainkita\\public\\index.php')
DEBUG - 2026-05-17 08:17:01 --> Session: Class initialized using 'CodeIgniter\Session\Handlers\FileHandler' driver.
WARNING - 2026-05-17 08:17:01 --> [DEPRECATED] Creation of dynamic property Modul\Home\Controllers\Home::$session is deprecated in APPPATH\Controllers\BaseController.php on line 47.
 1 SYSTEMPATH\CodeIgniter.php(922): App\Controllers\BaseController->initController(Object(CodeIgniter\HTTP\IncomingRequest), Object(CodeIgniter\HTTP\Response), Object(CodeIgniter\Log\Logger))
 2 SYSTEMPATH\CodeIgniter.php(488): CodeIgniter\CodeIgniter->createController()
 3 SYSTEMPATH\CodeIgniter.php(340): CodeIgniter\CodeIgniter->handleRequest(null, Object(Config\Cache), false)
 4 SYSTEMPATH\Boot.php(417): CodeIgniter\CodeIgniter->run()
 5 SYSTEMPATH\Boot.php(68): CodeIgniter\Boot::runCodeIgniter(Object(CodeIgniter\CodeIgniter))
 6 FCPATH\index.php(59): CodeIgniter\Boot::bootWeb(Object(Config\Paths))
 7 SYSTEMPATH\rewrite.php(44): require_once('C:\\laragon\\data\\kainkita\\public\\index.php')
WARNING - 2026-05-17 08:17:01 --> [DEPRECATED] Creation of dynamic property Modul\Home\Controllers\Home::$validation is deprecated in APPPATH\Controllers\BaseController.php on line 48.
 1 SYSTEMPATH\CodeIgniter.php(922): App\Controllers\BaseController->initController(Object(CodeIgniter\HTTP\IncomingRequest), Object(CodeIgniter\HTTP\Response), Object(CodeIgniter\Log\Logger))
 2 SYSTEMPATH\CodeIgniter.php(488): CodeIgniter\CodeIgniter->createController()
 3 SYSTEMPATH\CodeIgniter.php(340): CodeIgniter\CodeIgniter->handleRequest(null, Object(Config\Cache), false)
 4 SYSTEMPATH\Boot.php(417): CodeIgniter\CodeIgniter->run()
 5 SYSTEMPATH\Boot.php(68): CodeIgniter\Boot::runCodeIgniter(Object(CodeIgniter\CodeIgniter))
 6 FCPATH\index.php(59): CodeIgniter\Boot::bootWeb(Object(Config\Paths))
 7 SYSTEMPATH\rewrite.php(44): require_once('C:\\laragon\\data\\kainkita\\public\\index.php')
WARNING - 2026-05-17 08:17:01 --> [DEPRECATED] Creation of dynamic property Modul\Home\Controllers\Home::$db is deprecated in APPPATH\Controllers\BaseController.php on line 50.
 1 SYSTEMPATH\CodeIgniter.php(922): App\Controllers\BaseController->initController(Object(CodeIgniter\HTTP\IncomingRequest), Object(CodeIgniter\HTTP\Response), Object(CodeIgniter\Log\Logger))
 2 SYSTEMPATH\CodeIgniter.php(488): CodeIgniter\CodeIgniter->createController()
 3 SYSTEMPATH\CodeIgniter.php(340): CodeIgniter\CodeIgniter->handleRequest(null, Object(Config\Cache), false)
 4 SYSTEMPATH\Boot.php(417): CodeIgniter\CodeIgniter->run()
 5 SYSTEMPATH\Boot.php(68): CodeIgniter\Boot::runCodeIgniter(Object(CodeIgniter\CodeIgniter))
 6 FCPATH\index.php(59): CodeIgniter\Boot::bootWeb(Object(Config\Paths))
 7 SYSTEMPATH\rewrite.php(44): require_once('C:\\laragon\\data\\kainkita\\public\\index.php')
WARNING - 2026-05-17 08:17:01 --> [DEPRECATED] Creation of dynamic property Modul\Home\Controllers\Home::$uri is deprecated in APPPATH\Controllers\BaseController.php on line 51.
 1 SYSTEMPATH\CodeIgniter.php(922): App\Controllers\BaseController->initController(Object(CodeIgniter\HTTP\IncomingRequest), Object(CodeIgniter\HTTP\Response), Object(CodeIgniter\Log\Logger))
 2 SYSTEMPATH\CodeIgniter.php(488): CodeIgniter\CodeIgniter->createController()
 3 SYSTEMPATH\CodeIgniter.php(340): CodeIgniter\CodeIgniter->handleRequest(null, Object(Config\Cache), false)
 4 SYSTEMPATH\Boot.php(417): CodeIgniter\CodeIgniter->run()
 5 SYSTEMPATH\Boot.php(68): CodeIgniter\Boot::runCodeIgniter(Object(CodeIgniter\CodeIgniter))
 6 FCPATH\index.php(59): CodeIgniter\Boot::bootWeb(Object(Config\Paths))
 7 SYSTEMPATH\rewrite.php(44): require_once('C:\\laragon\\data\\kainkita\\public\\index.php')
WARNING - 2026-05-17 08:17:01 --> [DEPRECATED] Creation of dynamic property Modul\Home\Controllers\Home::$pager is deprecated in APPPATH\Controllers\BaseController.php on line 52.
 1 SYSTEMPATH\CodeIgniter.php(922): App\Controllers\BaseController->initController(Object(CodeIgniter\HTTP\IncomingRequest), Object(CodeIgniter\HTTP\Response), Object(CodeIgniter\Log\Logger))
 2 SYSTEMPATH\CodeIgniter.php(488): CodeIgniter\CodeIgniter->createController()
 3 SYSTEMPATH\CodeIgniter.php(340): CodeIgniter\CodeIgniter->handleRequest(null, Object(Config\Cache), false)
 4 SYSTEMPATH\Boot.php(417): CodeIgniter\CodeIgniter->run()
 5 SYSTEMPATH\Boot.php(68): CodeIgniter\Boot::runCodeIgniter(Object(CodeIgniter\CodeIgniter))
 6 FCPATH\index.php(59): CodeIgniter\Boot::bootWeb(Object(Config\Paths))
 7 SYSTEMPATH\rewrite.php(44): require_once('C:\\laragon\\data\\kainkita\\public\\index.php')
WARNING - 2026-05-17 08:17:01 --> [DEPRECATED] Creation of dynamic property CodeIgniter\View\View::$db is deprecated in APPPATH\Views\layout\template.php on line 4.
 1 SYSTEMPATH\View\View.php(238): include('C:\\laragon\\data\\kainkita\\app\\Views\\layout\\template.php')
 2 SYSTEMPATH\View\View.php(241): CodeIgniter\View\View->CodeIgniter\View\{closure}()
 3 SYSTEMPATH\View\View.php(254): CodeIgniter\View\View->render('layout/template', [], true)
 4 SYSTEMPATH\Common.php(1250): CodeIgniter\View\View->render('Modul\\Home\\Views\\viewHome', [], true)
 5 ROOTPATH\modul\Home\Controllers\Home.php(71): view('Modul\\Home\\Views\\viewHome', [...])
 6 SYSTEMPATH\CodeIgniter.php(951): Modul\Home\Controllers\Home->index()
 7 SYSTEMPATH\CodeIgniter.php(497): CodeIgniter\CodeIgniter->runController(Object(Modul\Home\Controllers\Home))
 8 SYSTEMPATH\CodeIgniter.php(340): CodeIgniter\CodeIgniter->handleRequest(null, Object(Config\Cache), false)
 9 SYSTEMPATH\Boot.php(417): CodeIgniter\CodeIgniter->run()
10 SYSTEMPATH\Boot.php(68): CodeIgniter\Boot::runCodeIgniter(Object(CodeIgniter\CodeIgniter))
11 FCPATH\index.php(59): CodeIgniter\Boot::bootWeb(Object(Config\Paths))
12 SYSTEMPATH\rewrite.php(44): require_once('C:\\laragon\\data\\kainkita\\public\\index.php')
DEBUG - 2026-05-17 08:17:02 --> Session: Class initialized using 'CodeIgniter\Session\Handlers\FileHandler' driver.
WARNING - 2026-05-17 08:17:02 --> [DEPRECATED] Creation of dynamic property Modul\Carts\Controllers\Carts::$session is deprecated in APPPATH\Controllers\BaseController.php on line 47.
 1 SYSTEMPATH\CodeIgniter.php(922): App\Controllers\BaseController->initController(Object(CodeIgniter\HTTP\IncomingRequest), Object(CodeIgniter\HTTP\Response), Object(CodeIgniter\Log\Logger))
 2 SYSTEMPATH\CodeIgniter.php(488): CodeIgniter\CodeIgniter->createController()
 3 SYSTEMPATH\CodeIgniter.php(340): CodeIgniter\CodeIgniter->handleRequest(null, Object(Config\Cache), false)
 4 SYSTEMPATH\Boot.php(417): CodeIgniter\CodeIgniter->run()
 5 SYSTEMPATH\Boot.php(68): CodeIgniter\Boot::runCodeIgniter(Object(CodeIgniter\CodeIgniter))
 6 FCPATH\index.php(59): CodeIgniter\Boot::bootWeb(Object(Config\Paths))
 7 SYSTEMPATH\rewrite.php(44): require_once('C:\\laragon\\data\\kainkita\\public\\index.php')
WARNING - 2026-05-17 08:17:02 --> [DEPRECATED] Creation of dynamic property Modul\Carts\Controllers\Carts::$validation is deprecated in APPPATH\Controllers\BaseController.php on line 48.
 1 SYSTEMPATH\CodeIgniter.php(922): App\Controllers\BaseController->initController(Object(CodeIgniter\HTTP\IncomingRequest), Object(CodeIgniter\HTTP\Response), Object(CodeIgniter\Log\Logger))
 2 SYSTEMPATH\CodeIgniter.php(488): CodeIgniter\CodeIgniter->createController()
 3 SYSTEMPATH\CodeIgniter.php(340): CodeIgniter\CodeIgniter->handleRequest(null, Object(Config\Cache), false)
 4 SYSTEMPATH\Boot.php(417): CodeIgniter\CodeIgniter->run()
 5 SYSTEMPATH\Boot.php(68): CodeIgniter\Boot::runCodeIgniter(Object(CodeIgniter\CodeIgniter))
 6 FCPATH\index.php(59): CodeIgniter\Boot::bootWeb(Object(Config\Paths))
 7 SYSTEMPATH\rewrite.php(44): require_once('C:\\laragon\\data\\kainkita\\public\\index.php')
WARNING - 2026-05-17 08:17:02 --> [DEPRECATED] Creation of dynamic property Modul\Carts\Controllers\Carts::$db is deprecated in APPPATH\Controllers\BaseController.php on line 50.
 1 SYSTEMPATH\CodeIgniter.php(922): App\Controllers\BaseController->initController(Object(CodeIgniter\HTTP\IncomingRequest), Object(CodeIgniter\HTTP\Response), Object(CodeIgniter\Log\Logger))
 2 SYSTEMPATH\CodeIgniter.php(488): CodeIgniter\CodeIgniter->createController()
 3 SYSTEMPATH\CodeIgniter.php(340): CodeIgniter\CodeIgniter->handleRequest(null, Object(Config\Cache), false)
 4 SYSTEMPATH\Boot.php(417): CodeIgniter\CodeIgniter->run()
 5 SYSTEMPATH\Boot.php(68): CodeIgniter\Boot::runCodeIgniter(Object(CodeIgniter\CodeIgniter))
 6 FCPATH\index.php(59): CodeIgniter\Boot::bootWeb(Object(Config\Paths))
 7 SYSTEMPATH\rewrite.php(44): require_once('C:\\laragon\\data\\kainkita\\public\\index.php')
WARNING - 2026-05-17 08:17:02 --> [DEPRECATED] Creation of dynamic property Modul\Carts\Controllers\Carts::$uri is deprecated in APPPATH\Controllers\BaseController.php on line 51.
 1 SYSTEMPATH\CodeIgniter.php(922): App\Controllers\BaseController->initController(Object(CodeIgniter\HTTP\IncomingRequest), Object(CodeIgniter\HTTP\Response), Object(CodeIgniter\Log\Logger))
 2 SYSTEMPATH\CodeIgniter.php(488): CodeIgniter\CodeIgniter->createController()
 3 SYSTEMPATH\CodeIgniter.php(340): CodeIgniter\CodeIgniter->handleRequest(null, Object(Config\Cache), false)
 4 SYSTEMPATH\Boot.php(417): CodeIgniter\CodeIgniter->run()
 5 SYSTEMPATH\Boot.php(68): CodeIgniter\Boot::runCodeIgniter(Object(CodeIgniter\CodeIgniter))
 6 FCPATH\index.php(59): CodeIgniter\Boot::bootWeb(Object(Config\Paths))
 7 SYSTEMPATH\rewrite.php(44): require_once('C:\\laragon\\data\\kainkita\\public\\index.php')
WARNING - 2026-05-17 08:17:02 --> [DEPRECATED] Creation of dynamic property Modul\Carts\Controllers\Carts::$pager is deprecated in APPPATH\Controllers\BaseController.php on line 52.
 1 SYSTEMPATH\CodeIgniter.php(922): App\Controllers\BaseController->initController(Object(CodeIgniter\HTTP\IncomingRequest), Object(CodeIgniter\HTTP\Response), Object(CodeIgniter\Log\Logger))
 2 SYSTEMPATH\CodeIgniter.php(488): CodeIgniter\CodeIgniter->createController()
 3 SYSTEMPATH\CodeIgniter.php(340): CodeIgniter\CodeIgniter->handleRequest(null, Object(Config\Cache), false)
 4 SYSTEMPATH\Boot.php(417): CodeIgniter\CodeIgniter->run()
 5 SYSTEMPATH\Boot.php(68): CodeIgniter\Boot::runCodeIgniter(Object(CodeIgniter\CodeIgniter))
 6 FCPATH\index.php(59): CodeIgniter\Boot::bootWeb(Object(Config\Paths))
 7 SYSTEMPATH\rewrite.php(44): require_once('C:\\laragon\\data\\kainkita\\public\\index.php')
DEBUG - 2026-05-17 08:17:04 --> Session: Class initialized using 'CodeIgniter\Session\Handlers\FileHandler' driver.
WARNING - 2026-05-17 08:17:04 --> [DEPRECATED] Creation of dynamic property Modul\Katalog\Controllers\Katalog::$session is deprecated in APPPATH\Controllers\BaseController.php on line 47.
 1 SYSTEMPATH\CodeIgniter.php(922): App\Controllers\BaseController->initController(Object(CodeIgniter\HTTP\IncomingRequest), Object(CodeIgniter\HTTP\Response), Object(CodeIgniter\Log\Logger))
 2 SYSTEMPATH\CodeIgniter.php(488): CodeIgniter\CodeIgniter->createController()
 3 SYSTEMPATH\CodeIgniter.php(340): CodeIgniter\CodeIgniter->handleRequest(null, Object(Config\Cache), false)
 4 SYSTEMPATH\Boot.php(417): CodeIgniter\CodeIgniter->run()
 5 SYSTEMPATH\Boot.php(68): CodeIgniter\Boot::runCodeIgniter(Object(CodeIgniter\CodeIgniter))
 6 FCPATH\index.php(59): CodeIgniter\Boot::bootWeb(Object(Config\Paths))
 7 SYSTEMPATH\rewrite.php(44): require_once('C:\\laragon\\data\\kainkita\\public\\index.php')
WARNING - 2026-05-17 08:17:04 --> [DEPRECATED] Creation of dynamic property Modul\Katalog\Controllers\Katalog::$validation is deprecated in APPPATH\Controllers\BaseController.php on line 48.
 1 SYSTEMPATH\CodeIgniter.php(922): App\Controllers\BaseController->initController(Object(CodeIgniter\HTTP\IncomingRequest), Object(CodeIgniter\HTTP\Response), Object(CodeIgniter\Log\Logger))
 2 SYSTEMPATH\CodeIgniter.php(488): CodeIgniter\CodeIgniter->createController()
 3 SYSTEMPATH\CodeIgniter.php(340): CodeIgniter\CodeIgniter->handleRequest(null, Object(Config\Cache), false)
 4 SYSTEMPATH\Boot.php(417): CodeIgniter\CodeIgniter->run()
 5 SYSTEMPATH\Boot.php(68): CodeIgniter\Boot::runCodeIgniter(Object(CodeIgniter\CodeIgniter))
 6 FCPATH\index.php(59): CodeIgniter\Boot::bootWeb(Object(Config\Paths))
 7 SYSTEMPATH\rewrite.php(44): require_once('C:\\laragon\\data\\kainkita\\public\\index.php')
WARNING - 2026-05-17 08:17:04 --> [DEPRECATED] Creation of dynamic property Modul\Katalog\Controllers\Katalog::$db is deprecated in APPPATH\Controllers\BaseController.php on line 50.
 1 SYSTEMPATH\CodeIgniter.php(922): App\Controllers\BaseController->initController(Object(CodeIgniter\HTTP\IncomingRequest), Object(CodeIgniter\HTTP\Response), Object(CodeIgniter\Log\Logger))
 2 SYSTEMPATH\CodeIgniter.php(488): CodeIgniter\CodeIgniter->createController()
 3 SYSTEMPATH\CodeIgniter.php(340): CodeIgniter\CodeIgniter->handleRequest(null, Object(Config\Cache), false)
 4 SYSTEMPATH\Boot.php(417): CodeIgniter\CodeIgniter->run()
 5 SYSTEMPATH\Boot.php(68): CodeIgniter\Boot::runCodeIgniter(Object(CodeIgniter\CodeIgniter))
 6 FCPATH\index.php(59): CodeIgniter\Boot::bootWeb(Object(Config\Paths))
 7 SYSTEMPATH\rewrite.php(44): require_once('C:\\laragon\\data\\kainkita\\public\\index.php')
WARNING - 2026-05-17 08:17:04 --> [DEPRECATED] Creation of dynamic property Modul\Katalog\Controllers\Katalog::$uri is deprecated in APPPATH\Controllers\BaseController.php on line 51.
 1 SYSTEMPATH\CodeIgniter.php(922): App\Controllers\BaseController->initController(Object(CodeIgniter\HTTP\IncomingRequest), Object(CodeIgniter\HTTP\Response), Object(CodeIgniter\Log\Logger))
 2 SYSTEMPATH\CodeIgniter.php(488): CodeIgniter\CodeIgniter->createController()
 3 SYSTEMPATH\CodeIgniter.php(340): CodeIgniter\CodeIgniter->handleRequest(null, Object(Config\Cache), false)
 4 SYSTEMPATH\Boot.php(417): CodeIgniter\CodeIgniter->run()
 5 SYSTEMPATH\Boot.php(68): CodeIgniter\Boot::runCodeIgniter(Object(CodeIgniter\CodeIgniter))
 6 FCPATH\index.php(59): CodeIgniter\Boot::bootWeb(Object(Config\Paths))
 7 SYSTEMPATH\rewrite.php(44): require_once('C:\\laragon\\data\\kainkita\\public\\index.php')
WARNING - 2026-05-17 08:17:04 --> [DEPRECATED] Creation of dynamic property Modul\Katalog\Controllers\Katalog::$pager is deprecated in APPPATH\Controllers\BaseController.php on line 52.
 1 SYSTEMPATH\CodeIgniter.php(922): App\Controllers\BaseController->initController(Object(CodeIgniter\HTTP\IncomingRequest), Object(CodeIgniter\HTTP\Response), Object(CodeIgniter\Log\Logger))
 2 SYSTEMPATH\CodeIgniter.php(488): CodeIgniter\CodeIgniter->createController()
 3 SYSTEMPATH\CodeIgniter.php(340): CodeIgniter\CodeIgniter->handleRequest(null, Object(Config\Cache), false)
 4 SYSTEMPATH\Boot.php(417): CodeIgniter\CodeIgniter->run()
 5 SYSTEMPATH\Boot.php(68): CodeIgniter\Boot::runCodeIgniter(Object(CodeIgniter\CodeIgniter))
 6 FCPATH\index.php(59): CodeIgniter\Boot::bootWeb(Object(Config\Paths))
 7 SYSTEMPATH\rewrite.php(44): require_once('C:\\laragon\\data\\kainkita\\public\\index.php')
WARNING - 2026-05-17 08:17:04 --> [DEPRECATED] Creation of dynamic property CodeIgniter\View\View::$db is deprecated in APPPATH\Views\layout\template.php on line 4.
 1 SYSTEMPATH\View\View.php(238): include('C:\\laragon\\data\\kainkita\\app\\Views\\layout\\template.php')
 2 SYSTEMPATH\View\View.php(241): CodeIgniter\View\View->CodeIgniter\View\{closure}()
 3 SYSTEMPATH\View\View.php(254): CodeIgniter\View\View->render('layout/template', [], true)
 4 SYSTEMPATH\Common.php(1250): CodeIgniter\View\View->render('Modul\\Katalog\\Views\\viewKatalog', [], true)
 5 ROOTPATH\modul\Katalog\Controllers\Katalog.php(57): view('Modul\\Katalog\\Views\\viewKatalog', [...])
 6 SYSTEMPATH\CodeIgniter.php(951): Modul\Katalog\Controllers\Katalog->index()
 7 SYSTEMPATH\CodeIgniter.php(497): CodeIgniter\CodeIgniter->runController(Object(Modul\Katalog\Controllers\Katalog))
 8 SYSTEMPATH\CodeIgniter.php(340): CodeIgniter\CodeIgniter->handleRequest(null, Object(Config\Cache), false)
 9 SYSTEMPATH\Boot.php(417): CodeIgniter\CodeIgniter->run()
10 SYSTEMPATH\Boot.php(68): CodeIgniter\Boot::runCodeIgniter(Object(CodeIgniter\CodeIgniter))
11 FCPATH\index.php(59): CodeIgniter\Boot::bootWeb(Object(Config\Paths))
12 SYSTEMPATH\rewrite.php(44): require_once('C:\\laragon\\data\\kainkita\\public\\index.php')
DEBUG - 2026-05-17 08:17:05 --> Session: Class initialized using 'CodeIgniter\Session\Handlers\FileHandler' driver.
WARNING - 2026-05-17 08:17:05 --> [DEPRECATED] Creation of dynamic property Modul\Carts\Controllers\Carts::$session is deprecated in APPPATH\Controllers\BaseController.php on line 47.
 1 SYSTEMPATH\CodeIgniter.php(922): App\Controllers\BaseController->initController(Object(CodeIgniter\HTTP\IncomingRequest), Object(CodeIgniter\HTTP\Response), Object(CodeIgniter\Log\Logger))
 2 SYSTEMPATH\CodeIgniter.php(488): CodeIgniter\CodeIgniter->createController()
 3 SYSTEMPATH\CodeIgniter.php(340): CodeIgniter\CodeIgniter->handleRequest(null, Object(Config\Cache), false)
 4 SYSTEMPATH\Boot.php(417): CodeIgniter\CodeIgniter->run()
 5 SYSTEMPATH\Boot.php(68): CodeIgniter\Boot::runCodeIgniter(Object(CodeIgniter\CodeIgniter))
 6 FCPATH\index.php(59): CodeIgniter\Boot::bootWeb(Object(Config\Paths))
 7 SYSTEMPATH\rewrite.php(44): require_once('C:\\laragon\\data\\kainkita\\public\\index.php')
WARNING - 2026-05-17 08:17:05 --> [DEPRECATED] Creation of dynamic property Modul\Carts\Controllers\Carts::$validation is deprecated in APPPATH\Controllers\BaseController.php on line 48.
 1 SYSTEMPATH\CodeIgniter.php(922): App\Controllers\BaseController->initController(Object(CodeIgniter\HTTP\IncomingRequest), Object(CodeIgniter\HTTP\Response), Object(CodeIgniter\Log\Logger))
 2 SYSTEMPATH\CodeIgniter.php(488): CodeIgniter\CodeIgniter->createController()
 3 SYSTEMPATH\CodeIgniter.php(340): CodeIgniter\CodeIgniter->handleRequest(null, Object(Config\Cache), false)
 4 SYSTEMPATH\Boot.php(417): CodeIgniter\CodeIgniter->run()
 5 SYSTEMPATH\Boot.php(68): CodeIgniter\Boot::runCodeIgniter(Object(CodeIgniter\CodeIgniter))
 6 FCPATH\index.php(59): CodeIgniter\Boot::bootWeb(Object(Config\Paths))
 7 SYSTEMPATH\rewrite.php(44): require_once('C:\\laragon\\data\\kainkita\\public\\index.php')
WARNING - 2026-05-17 08:17:05 --> [DEPRECATED] Creation of dynamic property Modul\Carts\Controllers\Carts::$db is deprecated in APPPATH\Controllers\BaseController.php on line 50.
 1 SYSTEMPATH\CodeIgniter.php(922): App\Controllers\BaseController->initController(Object(CodeIgniter\HTTP\IncomingRequest), Object(CodeIgniter\HTTP\Response), Object(CodeIgniter\Log\Logger))
 2 SYSTEMPATH\CodeIgniter.php(488): CodeIgniter\CodeIgniter->createController()
 3 SYSTEMPATH\CodeIgniter.php(340): CodeIgniter\CodeIgniter->handleRequest(null, Object(Config\Cache), false)
 4 SYSTEMPATH\Boot.php(417): CodeIgniter\CodeIgniter->run()
 5 SYSTEMPATH\Boot.php(68): CodeIgniter\Boot::runCodeIgniter(Object(CodeIgniter\CodeIgniter))
 6 FCPATH\index.php(59): CodeIgniter\Boot::bootWeb(Object(Config\Paths))
 7 SYSTEMPATH\rewrite.php(44): require_once('C:\\laragon\\data\\kainkita\\public\\index.php')
WARNING - 2026-05-17 08:17:05 --> [DEPRECATED] Creation of dynamic property Modul\Carts\Controllers\Carts::$uri is deprecated in APPPATH\Controllers\BaseController.php on line 51.
 1 SYSTEMPATH\CodeIgniter.php(922): App\Controllers\BaseController->initController(Object(CodeIgniter\HTTP\IncomingRequest), Object(CodeIgniter\HTTP\Response), Object(CodeIgniter\Log\Logger))
 2 SYSTEMPATH\CodeIgniter.php(488): CodeIgniter\CodeIgniter->createController()
 3 SYSTEMPATH\CodeIgniter.php(340): CodeIgniter\CodeIgniter->handleRequest(null, Object(Config\Cache), false)
 4 SYSTEMPATH\Boot.php(417): CodeIgniter\CodeIgniter->run()
 5 SYSTEMPATH\Boot.php(68): CodeIgniter\Boot::runCodeIgniter(Object(CodeIgniter\CodeIgniter))
 6 FCPATH\index.php(59): CodeIgniter\Boot::bootWeb(Object(Config\Paths))
 7 SYSTEMPATH\rewrite.php(44): require_once('C:\\laragon\\data\\kainkita\\public\\index.php')
WARNING - 2026-05-17 08:17:05 --> [DEPRECATED] Creation of dynamic property Modul\Carts\Controllers\Carts::$pager is deprecated in APPPATH\Controllers\BaseController.php on line 52.
 1 SYSTEMPATH\CodeIgniter.php(922): App\Controllers\BaseController->initController(Object(CodeIgniter\HTTP\IncomingRequest), Object(CodeIgniter\HTTP\Response), Object(CodeIgniter\Log\Logger))
 2 SYSTEMPATH\CodeIgniter.php(488): CodeIgniter\CodeIgniter->createController()
 3 SYSTEMPATH\CodeIgniter.php(340): CodeIgniter\CodeIgniter->handleRequest(null, Object(Config\Cache), false)
 4 SYSTEMPATH\Boot.php(417): CodeIgniter\CodeIgniter->run()
 5 SYSTEMPATH\Boot.php(68): CodeIgniter\Boot::runCodeIgniter(Object(CodeIgniter\CodeIgniter))
 6 FCPATH\index.php(59): CodeIgniter\Boot::bootWeb(Object(Config\Paths))
 7 SYSTEMPATH\rewrite.php(44): require_once('C:\\laragon\\data\\kainkita\\public\\index.php')
DEBUG - 2026-05-17 08:24:17 --> Session: Class initialized using 'CodeIgniter\Session\Handlers\FileHandler' driver.
WARNING - 2026-05-17 08:24:17 --> [DEPRECATED] Creation of dynamic property Modul\Katalog\Controllers\Katalog::$session is deprecated in APPPATH\Controllers\BaseController.php on line 47.
 1 SYSTEMPATH\CodeIgniter.php(922): App\Controllers\BaseController->initController(Object(CodeIgniter\HTTP\IncomingRequest), Object(CodeIgniter\HTTP\Response), Object(CodeIgniter\Log\Logger))
 2 SYSTEMPATH\CodeIgniter.php(488): CodeIgniter\CodeIgniter->createController()
 3 SYSTEMPATH\CodeIgniter.php(340): CodeIgniter\CodeIgniter->handleRequest(null, Object(Config\Cache), false)
 4 SYSTEMPATH\Boot.php(417): CodeIgniter\CodeIgniter->run()
 5 SYSTEMPATH\Boot.php(68): CodeIgniter\Boot::runCodeIgniter(Object(CodeIgniter\CodeIgniter))
 6 FCPATH\index.php(59): CodeIgniter\Boot::bootWeb(Object(Config\Paths))
 7 SYSTEMPATH\rewrite.php(44): require_once('C:\\laragon\\data\\kainkita\\public\\index.php')
WARNING - 2026-05-17 08:24:17 --> [DEPRECATED] Creation of dynamic property Modul\Katalog\Controllers\Katalog::$validation is deprecated in APPPATH\Controllers\BaseController.php on line 48.
 1 SYSTEMPATH\CodeIgniter.php(922): App\Controllers\BaseController->initController(Object(CodeIgniter\HTTP\IncomingRequest), Object(CodeIgniter\HTTP\Response), Object(CodeIgniter\Log\Logger))
 2 SYSTEMPATH\CodeIgniter.php(488): CodeIgniter\CodeIgniter->createController()
 3 SYSTEMPATH\CodeIgniter.php(340): CodeIgniter\CodeIgniter->handleRequest(null, Object(Config\Cache), false)
 4 SYSTEMPATH\Boot.php(417): CodeIgniter\CodeIgniter->run()
 5 SYSTEMPATH\Boot.php(68): CodeIgniter\Boot::runCodeIgniter(Object(CodeIgniter\CodeIgniter))
 6 FCPATH\index.php(59): CodeIgniter\Boot::bootWeb(Object(Config\Paths))
 7 SYSTEMPATH\rewrite.php(44): require_once('C:\\laragon\\data\\kainkita\\public\\index.php')
WARNING - 2026-05-17 08:24:17 --> [DEPRECATED] Creation of dynamic property Modul\Katalog\Controllers\Katalog::$db is deprecated in APPPATH\Controllers\BaseController.php on line 50.
 1 SYSTEMPATH\CodeIgniter.php(922): App\Controllers\BaseController->initController(Object(CodeIgniter\HTTP\IncomingRequest), Object(CodeIgniter\HTTP\Response), Object(CodeIgniter\Log\Logger))
 2 SYSTEMPATH\CodeIgniter.php(488): CodeIgniter\CodeIgniter->createController()
 3 SYSTEMPATH\CodeIgniter.php(340): CodeIgniter\CodeIgniter->handleRequest(null, Object(Config\Cache), false)
 4 SYSTEMPATH\Boot.php(417): CodeIgniter\CodeIgniter->run()
 5 SYSTEMPATH\Boot.php(68): CodeIgniter\Boot::runCodeIgniter(Object(CodeIgniter\CodeIgniter))
 6 FCPATH\index.php(59): CodeIgniter\Boot::bootWeb(Object(Config\Paths))
 7 SYSTEMPATH\rewrite.php(44): require_once('C:\\laragon\\data\\kainkita\\public\\index.php')
WARNING - 2026-05-17 08:24:17 --> [DEPRECATED] Creation of dynamic property Modul\Katalog\Controllers\Katalog::$uri is deprecated in APPPATH\Controllers\BaseController.php on line 51.
 1 SYSTEMPATH\CodeIgniter.php(922): App\Controllers\BaseController->initController(Object(CodeIgniter\HTTP\IncomingRequest), Object(CodeIgniter\HTTP\Response), Object(CodeIgniter\Log\Logger))
 2 SYSTEMPATH\CodeIgniter.php(488): CodeIgniter\CodeIgniter->createController()
 3 SYSTEMPATH\CodeIgniter.php(340): CodeIgniter\CodeIgniter->handleRequest(null, Object(Config\Cache), false)
 4 SYSTEMPATH\Boot.php(417): CodeIgniter\CodeIgniter->run()
 5 SYSTEMPATH\Boot.php(68): CodeIgniter\Boot::runCodeIgniter(Object(CodeIgniter\CodeIgniter))
 6 FCPATH\index.php(59): CodeIgniter\Boot::bootWeb(Object(Config\Paths))
 7 SYSTEMPATH\rewrite.php(44): require_once('C:\\laragon\\data\\kainkita\\public\\index.php')
WARNING - 2026-05-17 08:24:17 --> [DEPRECATED] Creation of dynamic property Modul\Katalog\Controllers\Katalog::$pager is deprecated in APPPATH\Controllers\BaseController.php on line 52.
 1 SYSTEMPATH\CodeIgniter.php(922): App\Controllers\BaseController->initController(Object(CodeIgniter\HTTP\IncomingRequest), Object(CodeIgniter\HTTP\Response), Object(CodeIgniter\Log\Logger))
 2 SYSTEMPATH\CodeIgniter.php(488): CodeIgniter\CodeIgniter->createController()
 3 SYSTEMPATH\CodeIgniter.php(340): CodeIgniter\CodeIgniter->handleRequest(null, Object(Config\Cache), false)
 4 SYSTEMPATH\Boot.php(417): CodeIgniter\CodeIgniter->run()
 5 SYSTEMPATH\Boot.php(68): CodeIgniter\Boot::runCodeIgniter(Object(CodeIgniter\CodeIgniter))
 6 FCPATH\index.php(59): CodeIgniter\Boot::bootWeb(Object(Config\Paths))
 7 SYSTEMPATH\rewrite.php(44): require_once('C:\\laragon\\data\\kainkita\\public\\index.php')
WARNING - 2026-05-17 08:24:17 --> [DEPRECATED] Creation of dynamic property CodeIgniter\View\View::$db is deprecated in APPPATH\Views\layout\template.php on line 4.
 1 SYSTEMPATH\View\View.php(238): include('C:\\laragon\\data\\kainkita\\app\\Views\\layout\\template.php')
 2 SYSTEMPATH\View\View.php(241): CodeIgniter\View\View->CodeIgniter\View\{closure}()
 3 SYSTEMPATH\View\View.php(254): CodeIgniter\View\View->render('layout/template', [], true)
 4 SYSTEMPATH\Common.php(1250): CodeIgniter\View\View->render('Modul\\Katalog\\Views\\viewKatalog', [], true)
 5 ROOTPATH\modul\Katalog\Controllers\Katalog.php(64): view('Modul\\Katalog\\Views\\viewKatalog', [...])
 6 SYSTEMPATH\CodeIgniter.php(951): Modul\Katalog\Controllers\Katalog->index()
 7 SYSTEMPATH\CodeIgniter.php(497): CodeIgniter\CodeIgniter->runController(Object(Modul\Katalog\Controllers\Katalog))
 8 SYSTEMPATH\CodeIgniter.php(340): CodeIgniter\CodeIgniter->handleRequest(null, Object(Config\Cache), false)
 9 SYSTEMPATH\Boot.php(417): CodeIgniter\CodeIgniter->run()
10 SYSTEMPATH\Boot.php(68): CodeIgniter\Boot::runCodeIgniter(Object(CodeIgniter\CodeIgniter))
11 FCPATH\index.php(59): CodeIgniter\Boot::bootWeb(Object(Config\Paths))
12 SYSTEMPATH\rewrite.php(44): require_once('C:\\laragon\\data\\kainkita\\public\\index.php')
DEBUG - 2026-05-17 08:24:18 --> Session: Class initialized using 'CodeIgniter\Session\Handlers\FileHandler' driver.
WARNING - 2026-05-17 08:24:18 --> [DEPRECATED] Creation of dynamic property Modul\Carts\Controllers\Carts::$session is deprecated in APPPATH\Controllers\BaseController.php on line 47.
 1 SYSTEMPATH\CodeIgniter.php(922): App\Controllers\BaseController->initController(Object(CodeIgniter\HTTP\IncomingRequest), Object(CodeIgniter\HTTP\Response), Object(CodeIgniter\Log\Logger))
 2 SYSTEMPATH\CodeIgniter.php(488): CodeIgniter\CodeIgniter->createController()
 3 SYSTEMPATH\CodeIgniter.php(340): CodeIgniter\CodeIgniter->handleRequest(null, Object(Config\Cache), false)
 4 SYSTEMPATH\Boot.php(417): CodeIgniter\CodeIgniter->run()
 5 SYSTEMPATH\Boot.php(68): CodeIgniter\Boot::runCodeIgniter(Object(CodeIgniter\CodeIgniter))
 6 FCPATH\index.php(59): CodeIgniter\Boot::bootWeb(Object(Config\Paths))
 7 SYSTEMPATH\rewrite.php(44): require_once('C:\\laragon\\data\\kainkita\\public\\index.php')
WARNING - 2026-05-17 08:24:18 --> [DEPRECATED] Creation of dynamic property Modul\Carts\Controllers\Carts::$validation is deprecated in APPPATH\Controllers\BaseController.php on line 48.
 1 SYSTEMPATH\CodeIgniter.php(922): App\Controllers\BaseController->initController(Object(CodeIgniter\HTTP\IncomingRequest), Object(CodeIgniter\HTTP\Response), Object(CodeIgniter\Log\Logger))
 2 SYSTEMPATH\CodeIgniter.php(488): CodeIgniter\CodeIgniter->createController()
 3 SYSTEMPATH\CodeIgniter.php(340): CodeIgniter\CodeIgniter->handleRequest(null, Object(Config\Cache), false)
 4 SYSTEMPATH\Boot.php(417): CodeIgniter\CodeIgniter->run()
 5 SYSTEMPATH\Boot.php(68): CodeIgniter\Boot::runCodeIgniter(Object(CodeIgniter\CodeIgniter))
 6 FCPATH\index.php(59): CodeIgniter\Boot::bootWeb(Object(Config\Paths))
 7 SYSTEMPATH\rewrite.php(44): require_once('C:\\laragon\\data\\kainkita\\public\\index.php')
WARNING - 2026-05-17 08:24:18 --> [DEPRECATED] Creation of dynamic property Modul\Carts\Controllers\Carts::$db is deprecated in APPPATH\Controllers\BaseController.php on line 50.
 1 SYSTEMPATH\CodeIgniter.php(922): App\Controllers\BaseController->initController(Object(CodeIgniter\HTTP\IncomingRequest), Object(CodeIgniter\HTTP\Response), Object(CodeIgniter\Log\Logger))
 2 SYSTEMPATH\CodeIgniter.php(488): CodeIgniter\CodeIgniter->createController()
 3 SYSTEMPATH\CodeIgniter.php(340): CodeIgniter\CodeIgniter->handleRequest(null, Object(Config\Cache), false)
 4 SYSTEMPATH\Boot.php(417): CodeIgniter\CodeIgniter->run()
 5 SYSTEMPATH\Boot.php(68): CodeIgniter\Boot::runCodeIgniter(Object(CodeIgniter\CodeIgniter))
 6 FCPATH\index.php(59): CodeIgniter\Boot::bootWeb(Object(Config\Paths))
 7 SYSTEMPATH\rewrite.php(44): require_once('C:\\laragon\\data\\kainkita\\public\\index.php')
WARNING - 2026-05-17 08:24:18 --> [DEPRECATED] Creation of dynamic property Modul\Carts\Controllers\Carts::$uri is deprecated in APPPATH\Controllers\BaseController.php on line 51.
 1 SYSTEMPATH\CodeIgniter.php(922): App\Controllers\BaseController->initController(Object(CodeIgniter\HTTP\IncomingRequest), Object(CodeIgniter\HTTP\Response), Object(CodeIgniter\Log\Logger))
 2 SYSTEMPATH\CodeIgniter.php(488): CodeIgniter\CodeIgniter->createController()
 3 SYSTEMPATH\CodeIgniter.php(340): CodeIgniter\CodeIgniter->handleRequest(null, Object(Config\Cache), false)
 4 SYSTEMPATH\Boot.php(417): CodeIgniter\CodeIgniter->run()
 5 SYSTEMPATH\Boot.php(68): CodeIgniter\Boot::runCodeIgniter(Object(CodeIgniter\CodeIgniter))
 6 FCPATH\index.php(59): CodeIgniter\Boot::bootWeb(Object(Config\Paths))
 7 SYSTEMPATH\rewrite.php(44): require_once('C:\\laragon\\data\\kainkita\\public\\index.php')
WARNING - 2026-05-17 08:24:18 --> [DEPRECATED] Creation of dynamic property Modul\Carts\Controllers\Carts::$pager is deprecated in APPPATH\Controllers\BaseController.php on line 52.
 1 SYSTEMPATH\CodeIgniter.php(922): App\Controllers\BaseController->initController(Object(CodeIgniter\HTTP\IncomingRequest), Object(CodeIgniter\HTTP\Response), Object(CodeIgniter\Log\Logger))
 2 SYSTEMPATH\CodeIgniter.php(488): CodeIgniter\CodeIgniter->createController()
 3 SYSTEMPATH\CodeIgniter.php(340): CodeIgniter\CodeIgniter->handleRequest(null, Object(Config\Cache), false)
 4 SYSTEMPATH\Boot.php(417): CodeIgniter\CodeIgniter->run()
 5 SYSTEMPATH\Boot.php(68): CodeIgniter\Boot::runCodeIgniter(Object(CodeIgniter\CodeIgniter))
 6 FCPATH\index.php(59): CodeIgniter\Boot::bootWeb(Object(Config\Paths))
 7 SYSTEMPATH\rewrite.php(44): require_once('C:\\laragon\\data\\kainkita\\public\\index.php')
DEBUG - 2026-05-17 08:24:25 --> Session: Class initialized using 'CodeIgniter\Session\Handlers\FileHandler' driver.
WARNING - 2026-05-17 08:24:25 --> [DEPRECATED] Creation of dynamic property Modul\Wishlists\Controllers\Wishlists::$wishlist is deprecated in ROOTPATH\modul\Wishlists\Controllers\Wishlists.php on line 13.
 1 SYSTEMPATH\CodeIgniter.php(921): Modul\Wishlists\Controllers\Wishlists->__construct()
 2 SYSTEMPATH\CodeIgniter.php(488): CodeIgniter\CodeIgniter->createController()
 3 SYSTEMPATH\CodeIgniter.php(340): CodeIgniter\CodeIgniter->handleRequest(null, Object(Config\Cache), false)
 4 SYSTEMPATH\Boot.php(417): CodeIgniter\CodeIgniter->run()
 5 SYSTEMPATH\Boot.php(68): CodeIgniter\Boot::runCodeIgniter(Object(CodeIgniter\CodeIgniter))
 6 FCPATH\index.php(59): CodeIgniter\Boot::bootWeb(Object(Config\Paths))
 7 SYSTEMPATH\rewrite.php(44): require_once('C:\\laragon\\data\\kainkita\\public\\index.php')
WARNING - 2026-05-17 08:24:25 --> [DEPRECATED] Creation of dynamic property Modul\Wishlists\Controllers\Wishlists::$customers is deprecated in ROOTPATH\modul\Wishlists\Controllers\Wishlists.php on line 14.
 1 SYSTEMPATH\CodeIgniter.php(921): Modul\Wishlists\Controllers\Wishlists->__construct()
 2 SYSTEMPATH\CodeIgniter.php(488): CodeIgniter\CodeIgniter->createController()
 3 SYSTEMPATH\CodeIgniter.php(340): CodeIgniter\CodeIgniter->handleRequest(null, Object(Config\Cache), false)
 4 SYSTEMPATH\Boot.php(417): CodeIgniter\CodeIgniter->run()
 5 SYSTEMPATH\Boot.php(68): CodeIgniter\Boot::runCodeIgniter(Object(CodeIgniter\CodeIgniter))
 6 FCPATH\index.php(59): CodeIgniter\Boot::bootWeb(Object(Config\Paths))
 7 SYSTEMPATH\rewrite.php(44): require_once('C:\\laragon\\data\\kainkita\\public\\index.php')
WARNING - 2026-05-17 08:24:25 --> [DEPRECATED] Creation of dynamic property Modul\Wishlists\Controllers\Wishlists::$session is deprecated in APPPATH\Controllers\BaseController.php on line 47.
 1 SYSTEMPATH\CodeIgniter.php(922): App\Controllers\BaseController->initController(Object(CodeIgniter\HTTP\IncomingRequest), Object(CodeIgniter\HTTP\Response), Object(CodeIgniter\Log\Logger))
 2 SYSTEMPATH\CodeIgniter.php(488): CodeIgniter\CodeIgniter->createController()
 3 SYSTEMPATH\CodeIgniter.php(340): CodeIgniter\CodeIgniter->handleRequest(null, Object(Config\Cache), false)
 4 SYSTEMPATH\Boot.php(417): CodeIgniter\CodeIgniter->run()
 5 SYSTEMPATH\Boot.php(68): CodeIgniter\Boot::runCodeIgniter(Object(CodeIgniter\CodeIgniter))
 6 FCPATH\index.php(59): CodeIgniter\Boot::bootWeb(Object(Config\Paths))
 7 SYSTEMPATH\rewrite.php(44): require_once('C:\\laragon\\data\\kainkita\\public\\index.php')
WARNING - 2026-05-17 08:24:25 --> [DEPRECATED] Creation of dynamic property Modul\Wishlists\Controllers\Wishlists::$validation is deprecated in APPPATH\Controllers\BaseController.php on line 48.
 1 SYSTEMPATH\CodeIgniter.php(922): App\Controllers\BaseController->initController(Object(CodeIgniter\HTTP\IncomingRequest), Object(CodeIgniter\HTTP\Response), Object(CodeIgniter\Log\Logger))
 2 SYSTEMPATH\CodeIgniter.php(488): CodeIgniter\CodeIgniter->createController()
 3 SYSTEMPATH\CodeIgniter.php(340): CodeIgniter\CodeIgniter->handleRequest(null, Object(Config\Cache), false)
 4 SYSTEMPATH\Boot.php(417): CodeIgniter\CodeIgniter->run()
 5 SYSTEMPATH\Boot.php(68): CodeIgniter\Boot::runCodeIgniter(Object(CodeIgniter\CodeIgniter))
 6 FCPATH\index.php(59): CodeIgniter\Boot::bootWeb(Object(Config\Paths))
 7 SYSTEMPATH\rewrite.php(44): require_once('C:\\laragon\\data\\kainkita\\public\\index.php')
WARNING - 2026-05-17 08:24:25 --> [DEPRECATED] Creation of dynamic property Modul\Wishlists\Controllers\Wishlists::$db is deprecated in APPPATH\Controllers\BaseController.php on line 50.
 1 SYSTEMPATH\CodeIgniter.php(922): App\Controllers\BaseController->initController(Object(CodeIgniter\HTTP\IncomingRequest), Object(CodeIgniter\HTTP\Response), Object(CodeIgniter\Log\Logger))
 2 SYSTEMPATH\CodeIgniter.php(488): CodeIgniter\CodeIgniter->createController()
 3 SYSTEMPATH\CodeIgniter.php(340): CodeIgniter\CodeIgniter->handleRequest(null, Object(Config\Cache), false)
 4 SYSTEMPATH\Boot.php(417): CodeIgniter\CodeIgniter->run()
 5 SYSTEMPATH\Boot.php(68): CodeIgniter\Boot::runCodeIgniter(Object(CodeIgniter\CodeIgniter))
 6 FCPATH\index.php(59): CodeIgniter\Boot::bootWeb(Object(Config\Paths))
 7 SYSTEMPATH\rewrite.php(44): require_once('C:\\laragon\\data\\kainkita\\public\\index.php')
WARNING - 2026-05-17 08:24:25 --> [DEPRECATED] Creation of dynamic property Modul\Wishlists\Controllers\Wishlists::$uri is deprecated in APPPATH\Controllers\BaseController.php on line 51.
 1 SYSTEMPATH\CodeIgniter.php(922): App\Controllers\BaseController->initController(Object(CodeIgniter\HTTP\IncomingRequest), Object(CodeIgniter\HTTP\Response), Object(CodeIgniter\Log\Logger))
 2 SYSTEMPATH\CodeIgniter.php(488): CodeIgniter\CodeIgniter->createController()
 3 SYSTEMPATH\CodeIgniter.php(340): CodeIgniter\CodeIgniter->handleRequest(null, Object(Config\Cache), false)
 4 SYSTEMPATH\Boot.php(417): CodeIgniter\CodeIgniter->run()
 5 SYSTEMPATH\Boot.php(68): CodeIgniter\Boot::runCodeIgniter(Object(CodeIgniter\CodeIgniter))
 6 FCPATH\index.php(59): CodeIgniter\Boot::bootWeb(Object(Config\Paths))
 7 SYSTEMPATH\rewrite.php(44): require_once('C:\\laragon\\data\\kainkita\\public\\index.php')
WARNING - 2026-05-17 08:24:25 --> [DEPRECATED] Creation of dynamic property Modul\Wishlists\Controllers\Wishlists::$pager is deprecated in APPPATH\Controllers\BaseController.php on line 52.
 1 SYSTEMPATH\CodeIgniter.php(922): App\Controllers\BaseController->initController(Object(CodeIgniter\HTTP\IncomingRequest), Object(CodeIgniter\HTTP\Response), Object(CodeIgniter\Log\Logger))
 2 SYSTEMPATH\CodeIgniter.php(488): CodeIgniter\CodeIgniter->createController()
 3 SYSTEMPATH\CodeIgniter.php(340): CodeIgniter\CodeIgniter->handleRequest(null, Object(Config\Cache), false)
 4 SYSTEMPATH\Boot.php(417): CodeIgniter\CodeIgniter->run()
 5 SYSTEMPATH\Boot.php(68): CodeIgniter\Boot::runCodeIgniter(Object(CodeIgniter\CodeIgniter))
 6 FCPATH\index.php(59): CodeIgniter\Boot::bootWeb(Object(Config\Paths))
 7 SYSTEMPATH\rewrite.php(44): require_once('C:\\laragon\\data\\kainkita\\public\\index.php')
DEBUG - 2026-05-17 08:24:34 --> Session: Class initialized using 'CodeIgniter\Session\Handlers\FileHandler' driver.
WARNING - 2026-05-17 08:24:34 --> [DEPRECATED] Creation of dynamic property Modul\Carts\Controllers\Carts::$session is deprecated in APPPATH\Controllers\BaseController.php on line 47.
 1 SYSTEMPATH\CodeIgniter.php(922): App\Controllers\BaseController->initController(Object(CodeIgniter\HTTP\IncomingRequest), Object(CodeIgniter\HTTP\Response), Object(CodeIgniter\Log\Logger))
 2 SYSTEMPATH\CodeIgniter.php(488): CodeIgniter\CodeIgniter->createController()
 3 SYSTEMPATH\CodeIgniter.php(340): CodeIgniter\CodeIgniter->handleRequest(null, Object(Config\Cache), false)
 4 SYSTEMPATH\Boot.php(417): CodeIgniter\CodeIgniter->run()
 5 SYSTEMPATH\Boot.php(68): CodeIgniter\Boot::runCodeIgniter(Object(CodeIgniter\CodeIgniter))
 6 FCPATH\index.php(59): CodeIgniter\Boot::bootWeb(Object(Config\Paths))
 7 SYSTEMPATH\rewrite.php(44): require_once('C:\\laragon\\data\\kainkita\\public\\index.php')
WARNING - 2026-05-17 08:24:34 --> [DEPRECATED] Creation of dynamic property Modul\Carts\Controllers\Carts::$validation is deprecated in APPPATH\Controllers\BaseController.php on line 48.
 1 SYSTEMPATH\CodeIgniter.php(922): App\Controllers\BaseController->initController(Object(CodeIgniter\HTTP\IncomingRequest), Object(CodeIgniter\HTTP\Response), Object(CodeIgniter\Log\Logger))
 2 SYSTEMPATH\CodeIgniter.php(488): CodeIgniter\CodeIgniter->createController()
 3 SYSTEMPATH\CodeIgniter.php(340): CodeIgniter\CodeIgniter->handleRequest(null, Object(Config\Cache), false)
 4 SYSTEMPATH\Boot.php(417): CodeIgniter\CodeIgniter->run()
 5 SYSTEMPATH\Boot.php(68): CodeIgniter\Boot::runCodeIgniter(Object(CodeIgniter\CodeIgniter))
 6 FCPATH\index.php(59): CodeIgniter\Boot::bootWeb(Object(Config\Paths))
 7 SYSTEMPATH\rewrite.php(44): require_once('C:\\laragon\\data\\kainkita\\public\\index.php')
WARNING - 2026-05-17 08:24:34 --> [DEPRECATED] Creation of dynamic property Modul\Carts\Controllers\Carts::$db is deprecated in APPPATH\Controllers\BaseController.php on line 50.
 1 SYSTEMPATH\CodeIgniter.php(922): App\Controllers\BaseController->initController(Object(CodeIgniter\HTTP\IncomingRequest), Object(CodeIgniter\HTTP\Response), Object(CodeIgniter\Log\Logger))
 2 SYSTEMPATH\CodeIgniter.php(488): CodeIgniter\CodeIgniter->createController()
 3 SYSTEMPATH\CodeIgniter.php(340): CodeIgniter\CodeIgniter->handleRequest(null, Object(Config\Cache), false)
 4 SYSTEMPATH\Boot.php(417): CodeIgniter\CodeIgniter->run()
 5 SYSTEMPATH\Boot.php(68): CodeIgniter\Boot::runCodeIgniter(Object(CodeIgniter\CodeIgniter))
 6 FCPATH\index.php(59): CodeIgniter\Boot::bootWeb(Object(Config\Paths))
 7 SYSTEMPATH\rewrite.php(44): require_once('C:\\laragon\\data\\kainkita\\public\\index.php')
WARNING - 2026-05-17 08:24:34 --> [DEPRECATED] Creation of dynamic property Modul\Carts\Controllers\Carts::$uri is deprecated in APPPATH\Controllers\BaseController.php on line 51.
 1 SYSTEMPATH\CodeIgniter.php(922): App\Controllers\BaseController->initController(Object(CodeIgniter\HTTP\IncomingRequest), Object(CodeIgniter\HTTP\Response), Object(CodeIgniter\Log\Logger))
 2 SYSTEMPATH\CodeIgniter.php(488): CodeIgniter\CodeIgniter->createController()
 3 SYSTEMPATH\CodeIgniter.php(340): CodeIgniter\CodeIgniter->handleRequest(null, Object(Config\Cache), false)
 4 SYSTEMPATH\Boot.php(417): CodeIgniter\CodeIgniter->run()
 5 SYSTEMPATH\Boot.php(68): CodeIgniter\Boot::runCodeIgniter(Object(CodeIgniter\CodeIgniter))
 6 FCPATH\index.php(59): CodeIgniter\Boot::bootWeb(Object(Config\Paths))
 7 SYSTEMPATH\rewrite.php(44): require_once('C:\\laragon\\data\\kainkita\\public\\index.php')
WARNING - 2026-05-17 08:24:34 --> [DEPRECATED] Creation of dynamic property Modul\Carts\Controllers\Carts::$pager is deprecated in APPPATH\Controllers\BaseController.php on line 52.
 1 SYSTEMPATH\CodeIgniter.php(922): App\Controllers\BaseController->initController(Object(CodeIgniter\HTTP\IncomingRequest), Object(CodeIgniter\HTTP\Response), Object(CodeIgniter\Log\Logger))
 2 SYSTEMPATH\CodeIgniter.php(488): CodeIgniter\CodeIgniter->createController()
 3 SYSTEMPATH\CodeIgniter.php(340): CodeIgniter\CodeIgniter->handleRequest(null, Object(Config\Cache), false)
 4 SYSTEMPATH\Boot.php(417): CodeIgniter\CodeIgniter->run()
 5 SYSTEMPATH\Boot.php(68): CodeIgniter\Boot::runCodeIgniter(Object(CodeIgniter\CodeIgniter))
 6 FCPATH\index.php(59): CodeIgniter\Boot::bootWeb(Object(Config\Paths))
 7 SYSTEMPATH\rewrite.php(44): require_once('C:\\laragon\\data\\kainkita\\public\\index.php')
DEBUG - 2026-05-17 08:24:34 --> Session: Class initialized using 'CodeIgniter\Session\Handlers\FileHandler' driver.
WARNING - 2026-05-17 08:24:34 --> [DEPRECATED] Creation of dynamic property Modul\Carts\Controllers\Carts::$session is deprecated in APPPATH\Controllers\BaseController.php on line 47.
 1 SYSTEMPATH\CodeIgniter.php(922): App\Controllers\BaseController->initController(Object(CodeIgniter\HTTP\IncomingRequest), Object(CodeIgniter\HTTP\Response), Object(CodeIgniter\Log\Logger))
 2 SYSTEMPATH\CodeIgniter.php(488): CodeIgniter\CodeIgniter->createController()
 3 SYSTEMPATH\CodeIgniter.php(340): CodeIgniter\CodeIgniter->handleRequest(null, Object(Config\Cache), false)
 4 SYSTEMPATH\Boot.php(417): CodeIgniter\CodeIgniter->run()
 5 SYSTEMPATH\Boot.php(68): CodeIgniter\Boot::runCodeIgniter(Object(CodeIgniter\CodeIgniter))
 6 FCPATH\index.php(59): CodeIgniter\Boot::bootWeb(Object(Config\Paths))
 7 SYSTEMPATH\rewrite.php(44): require_once('C:\\laragon\\data\\kainkita\\public\\index.php')
WARNING - 2026-05-17 08:24:34 --> [DEPRECATED] Creation of dynamic property Modul\Carts\Controllers\Carts::$validation is deprecated in APPPATH\Controllers\BaseController.php on line 48.
 1 SYSTEMPATH\CodeIgniter.php(922): App\Controllers\BaseController->initController(Object(CodeIgniter\HTTP\IncomingRequest), Object(CodeIgniter\HTTP\Response), Object(CodeIgniter\Log\Logger))
 2 SYSTEMPATH\CodeIgniter.php(488): CodeIgniter\CodeIgniter->createController()
 3 SYSTEMPATH\CodeIgniter.php(340): CodeIgniter\CodeIgniter->handleRequest(null, Object(Config\Cache), false)
 4 SYSTEMPATH\Boot.php(417): CodeIgniter\CodeIgniter->run()
 5 SYSTEMPATH\Boot.php(68): CodeIgniter\Boot::runCodeIgniter(Object(CodeIgniter\CodeIgniter))
 6 FCPATH\index.php(59): CodeIgniter\Boot::bootWeb(Object(Config\Paths))
 7 SYSTEMPATH\rewrite.php(44): require_once('C:\\laragon\\data\\kainkita\\public\\index.php')
WARNING - 2026-05-17 08:24:34 --> [DEPRECATED] Creation of dynamic property Modul\Carts\Controllers\Carts::$db is deprecated in APPPATH\Controllers\BaseController.php on line 50.
 1 SYSTEMPATH\CodeIgniter.php(922): App\Controllers\BaseController->initController(Object(CodeIgniter\HTTP\IncomingRequest), Object(CodeIgniter\HTTP\Response), Object(CodeIgniter\Log\Logger))
 2 SYSTEMPATH\CodeIgniter.php(488): CodeIgniter\CodeIgniter->createController()
 3 SYSTEMPATH\CodeIgniter.php(340): CodeIgniter\CodeIgniter->handleRequest(null, Object(Config\Cache), false)
 4 SYSTEMPATH\Boot.php(417): CodeIgniter\CodeIgniter->run()
 5 SYSTEMPATH\Boot.php(68): CodeIgniter\Boot::runCodeIgniter(Object(CodeIgniter\CodeIgniter))
 6 FCPATH\index.php(59): CodeIgniter\Boot::bootWeb(Object(Config\Paths))
 7 SYSTEMPATH\rewrite.php(44): require_once('C:\\laragon\\data\\kainkita\\public\\index.php')
WARNING - 2026-05-17 08:24:34 --> [DEPRECATED] Creation of dynamic property Modul\Carts\Controllers\Carts::$uri is deprecated in APPPATH\Controllers\BaseController.php on line 51.
 1 SYSTEMPATH\CodeIgniter.php(922): App\Controllers\BaseController->initController(Object(CodeIgniter\HTTP\IncomingRequest), Object(CodeIgniter\HTTP\Response), Object(CodeIgniter\Log\Logger))
 2 SYSTEMPATH\CodeIgniter.php(488): CodeIgniter\CodeIgniter->createController()
 3 SYSTEMPATH\CodeIgniter.php(340): CodeIgniter\CodeIgniter->handleRequest(null, Object(Config\Cache), false)
 4 SYSTEMPATH\Boot.php(417): CodeIgniter\CodeIgniter->run()
 5 SYSTEMPATH\Boot.php(68): CodeIgniter\Boot::runCodeIgniter(Object(CodeIgniter\CodeIgniter))
 6 FCPATH\index.php(59): CodeIgniter\Boot::bootWeb(Object(Config\Paths))
 7 SYSTEMPATH\rewrite.php(44): require_once('C:\\laragon\\data\\kainkita\\public\\index.php')
WARNING - 2026-05-17 08:24:34 --> [DEPRECATED] Creation of dynamic property Modul\Carts\Controllers\Carts::$pager is deprecated in APPPATH\Controllers\BaseController.php on line 52.
 1 SYSTEMPATH\CodeIgniter.php(922): App\Controllers\BaseController->initController(Object(CodeIgniter\HTTP\IncomingRequest), Object(CodeIgniter\HTTP\Response), Object(CodeIgniter\Log\Logger))
 2 SYSTEMPATH\CodeIgniter.php(488): CodeIgniter\CodeIgniter->createController()
 3 SYSTEMPATH\CodeIgniter.php(340): CodeIgniter\CodeIgniter->handleRequest(null, Object(Config\Cache), false)
 4 SYSTEMPATH\Boot.php(417): CodeIgniter\CodeIgniter->run()
 5 SYSTEMPATH\Boot.php(68): CodeIgniter\Boot::runCodeIgniter(Object(CodeIgniter\CodeIgniter))
 6 FCPATH\index.php(59): CodeIgniter\Boot::bootWeb(Object(Config\Paths))
 7 SYSTEMPATH\rewrite.php(44): require_once('C:\\laragon\\data\\kainkita\\public\\index.php')
DEBUG - 2026-05-17 08:24:38 --> Session: Class initialized using 'CodeIgniter\Session\Handlers\FileHandler' driver.
WARNING - 2026-05-17 08:24:38 --> [DEPRECATED] Creation of dynamic property Modul\Katalog\Controllers\Katalog::$session is deprecated in APPPATH\Controllers\BaseController.php on line 47.
 1 SYSTEMPATH\CodeIgniter.php(922): App\Controllers\BaseController->initController(Object(CodeIgniter\HTTP\IncomingRequest), Object(CodeIgniter\HTTP\Response), Object(CodeIgniter\Log\Logger))
 2 SYSTEMPATH\CodeIgniter.php(488): CodeIgniter\CodeIgniter->createController()
 3 SYSTEMPATH\CodeIgniter.php(340): CodeIgniter\CodeIgniter->handleRequest(null, Object(Config\Cache), false)
 4 SYSTEMPATH\Boot.php(417): CodeIgniter\CodeIgniter->run()
 5 SYSTEMPATH\Boot.php(68): CodeIgniter\Boot::runCodeIgniter(Object(CodeIgniter\CodeIgniter))
 6 FCPATH\index.php(59): CodeIgniter\Boot::bootWeb(Object(Config\Paths))
 7 SYSTEMPATH\rewrite.php(44): require_once('C:\\laragon\\data\\kainkita\\public\\index.php')
WARNING - 2026-05-17 08:24:38 --> [DEPRECATED] Creation of dynamic property Modul\Katalog\Controllers\Katalog::$validation is deprecated in APPPATH\Controllers\BaseController.php on line 48.
 1 SYSTEMPATH\CodeIgniter.php(922): App\Controllers\BaseController->initController(Object(CodeIgniter\HTTP\IncomingRequest), Object(CodeIgniter\HTTP\Response), Object(CodeIgniter\Log\Logger))
 2 SYSTEMPATH\CodeIgniter.php(488): CodeIgniter\CodeIgniter->createController()
 3 SYSTEMPATH\CodeIgniter.php(340): CodeIgniter\CodeIgniter->handleRequest(null, Object(Config\Cache), false)
 4 SYSTEMPATH\Boot.php(417): CodeIgniter\CodeIgniter->run()
 5 SYSTEMPATH\Boot.php(68): CodeIgniter\Boot::runCodeIgniter(Object(CodeIgniter\CodeIgniter))
 6 FCPATH\index.php(59): CodeIgniter\Boot::bootWeb(Object(Config\Paths))
 7 SYSTEMPATH\rewrite.php(44): require_once('C:\\laragon\\data\\kainkita\\public\\index.php')
WARNING - 2026-05-17 08:24:38 --> [DEPRECATED] Creation of dynamic property Modul\Katalog\Controllers\Katalog::$db is deprecated in APPPATH\Controllers\BaseController.php on line 50.
 1 SYSTEMPATH\CodeIgniter.php(922): App\Controllers\BaseController->initController(Object(CodeIgniter\HTTP\IncomingRequest), Object(CodeIgniter\HTTP\Response), Object(CodeIgniter\Log\Logger))
 2 SYSTEMPATH\CodeIgniter.php(488): CodeIgniter\CodeIgniter->createController()
 3 SYSTEMPATH\CodeIgniter.php(340): CodeIgniter\CodeIgniter->handleRequest(null, Object(Config\Cache), false)
 4 SYSTEMPATH\Boot.php(417): CodeIgniter\CodeIgniter->run()
 5 SYSTEMPATH\Boot.php(68): CodeIgniter\Boot::runCodeIgniter(Object(CodeIgniter\CodeIgniter))
 6 FCPATH\index.php(59): CodeIgniter\Boot::bootWeb(Object(Config\Paths))
 7 SYSTEMPATH\rewrite.php(44): require_once('C:\\laragon\\data\\kainkita\\public\\index.php')
WARNING - 2026-05-17 08:24:38 --> [DEPRECATED] Creation of dynamic property Modul\Katalog\Controllers\Katalog::$uri is deprecated in APPPATH\Controllers\BaseController.php on line 51.
 1 SYSTEMPATH\CodeIgniter.php(922): App\Controllers\BaseController->initController(Object(CodeIgniter\HTTP\IncomingRequest), Object(CodeIgniter\HTTP\Response), Object(CodeIgniter\Log\Logger))
 2 SYSTEMPATH\CodeIgniter.php(488): CodeIgniter\CodeIgniter->createController()
 3 SYSTEMPATH\CodeIgniter.php(340): CodeIgniter\CodeIgniter->handleRequest(null, Object(Config\Cache), false)
 4 SYSTEMPATH\Boot.php(417): CodeIgniter\CodeIgniter->run()
 5 SYSTEMPATH\Boot.php(68): CodeIgniter\Boot::runCodeIgniter(Object(CodeIgniter\CodeIgniter))
 6 FCPATH\index.php(59): CodeIgniter\Boot::bootWeb(Object(Config\Paths))
 7 SYSTEMPATH\rewrite.php(44): require_once('C:\\laragon\\data\\kainkita\\public\\index.php')
WARNING - 2026-05-17 08:24:38 --> [DEPRECATED] Creation of dynamic property Modul\Katalog\Controllers\Katalog::$pager is deprecated in APPPATH\Controllers\BaseController.php on line 52.
 1 SYSTEMPATH\CodeIgniter.php(922): App\Controllers\BaseController->initController(Object(CodeIgniter\HTTP\IncomingRequest), Object(CodeIgniter\HTTP\Response), Object(CodeIgniter\Log\Logger))
 2 SYSTEMPATH\CodeIgniter.php(488): CodeIgniter\CodeIgniter->createController()
 3 SYSTEMPATH\CodeIgniter.php(340): CodeIgniter\CodeIgniter->handleRequest(null, Object(Config\Cache), false)
 4 SYSTEMPATH\Boot.php(417): CodeIgniter\CodeIgniter->run()
 5 SYSTEMPATH\Boot.php(68): CodeIgniter\Boot::runCodeIgniter(Object(CodeIgniter\CodeIgniter))
 6 FCPATH\index.php(59): CodeIgniter\Boot::bootWeb(Object(Config\Paths))
 7 SYSTEMPATH\rewrite.php(44): require_once('C:\\laragon\\data\\kainkita\\public\\index.php')
DEBUG - 2026-05-17 08:24:40 --> Session: Class initialized using 'CodeIgniter\Session\Handlers\FileHandler' driver.
WARNING - 2026-05-17 08:24:40 --> [DEPRECATED] Creation of dynamic property Modul\Katalog\Controllers\Katalog::$session is deprecated in APPPATH\Controllers\BaseController.php on line 47.
 1 SYSTEMPATH\CodeIgniter.php(922): App\Controllers\BaseController->initController(Object(CodeIgniter\HTTP\IncomingRequest), Object(CodeIgniter\HTTP\Response), Object(CodeIgniter\Log\Logger))
 2 SYSTEMPATH\CodeIgniter.php(488): CodeIgniter\CodeIgniter->createController()
 3 SYSTEMPATH\CodeIgniter.php(340): CodeIgniter\CodeIgniter->handleRequest(null, Object(Config\Cache), false)
 4 SYSTEMPATH\Boot.php(417): CodeIgniter\CodeIgniter->run()
 5 SYSTEMPATH\Boot.php(68): CodeIgniter\Boot::runCodeIgniter(Object(CodeIgniter\CodeIgniter))
 6 FCPATH\index.php(59): CodeIgniter\Boot::bootWeb(Object(Config\Paths))
 7 SYSTEMPATH\rewrite.php(44): require_once('C:\\laragon\\data\\kainkita\\public\\index.php')
WARNING - 2026-05-17 08:24:40 --> [DEPRECATED] Creation of dynamic property Modul\Katalog\Controllers\Katalog::$validation is deprecated in APPPATH\Controllers\BaseController.php on line 48.
 1 SYSTEMPATH\CodeIgniter.php(922): App\Controllers\BaseController->initController(Object(CodeIgniter\HTTP\IncomingRequest), Object(CodeIgniter\HTTP\Response), Object(CodeIgniter\Log\Logger))
 2 SYSTEMPATH\CodeIgniter.php(488): CodeIgniter\CodeIgniter->createController()
 3 SYSTEMPATH\CodeIgniter.php(340): CodeIgniter\CodeIgniter->handleRequest(null, Object(Config\Cache), false)
 4 SYSTEMPATH\Boot.php(417): CodeIgniter\CodeIgniter->run()
 5 SYSTEMPATH\Boot.php(68): CodeIgniter\Boot::runCodeIgniter(Object(CodeIgniter\CodeIgniter))
 6 FCPATH\index.php(59): CodeIgniter\Boot::bootWeb(Object(Config\Paths))
 7 SYSTEMPATH\rewrite.php(44): require_once('C:\\laragon\\data\\kainkita\\public\\index.php')
WARNING - 2026-05-17 08:24:40 --> [DEPRECATED] Creation of dynamic property Modul\Katalog\Controllers\Katalog::$db is deprecated in APPPATH\Controllers\BaseController.php on line 50.
 1 SYSTEMPATH\CodeIgniter.php(922): App\Controllers\BaseController->initController(Object(CodeIgniter\HTTP\IncomingRequest), Object(CodeIgniter\HTTP\Response), Object(CodeIgniter\Log\Logger))
 2 SYSTEMPATH\CodeIgniter.php(488): CodeIgniter\CodeIgniter->createController()
 3 SYSTEMPATH\CodeIgniter.php(340): CodeIgniter\CodeIgniter->handleRequest(null, Object(Config\Cache), false)
 4 SYSTEMPATH\Boot.php(417): CodeIgniter\CodeIgniter->run()
 5 SYSTEMPATH\Boot.php(68): CodeIgniter\Boot::runCodeIgniter(Object(CodeIgniter\CodeIgniter))
 6 FCPATH\index.php(59): CodeIgniter\Boot::bootWeb(Object(Config\Paths))
 7 SYSTEMPATH\rewrite.php(44): require_once('C:\\laragon\\data\\kainkita\\public\\index.php')
WARNING - 2026-05-17 08:24:40 --> [DEPRECATED] Creation of dynamic property Modul\Katalog\Controllers\Katalog::$uri is deprecated in APPPATH\Controllers\BaseController.php on line 51.
 1 SYSTEMPATH\CodeIgniter.php(922): App\Controllers\BaseController->initController(Object(CodeIgniter\HTTP\IncomingRequest), Object(CodeIgniter\HTTP\Response), Object(CodeIgniter\Log\Logger))
 2 SYSTEMPATH\CodeIgniter.php(488): CodeIgniter\CodeIgniter->createController()
 3 SYSTEMPATH\CodeIgniter.php(340): CodeIgniter\CodeIgniter->handleRequest(null, Object(Config\Cache), false)
 4 SYSTEMPATH\Boot.php(417): CodeIgniter\CodeIgniter->run()
 5 SYSTEMPATH\Boot.php(68): CodeIgniter\Boot::runCodeIgniter(Object(CodeIgniter\CodeIgniter))
 6 FCPATH\index.php(59): CodeIgniter\Boot::bootWeb(Object(Config\Paths))
 7 SYSTEMPATH\rewrite.php(44): require_once('C:\\laragon\\data\\kainkita\\public\\index.php')
WARNING - 2026-05-17 08:24:40 --> [DEPRECATED] Creation of dynamic property Modul\Katalog\Controllers\Katalog::$pager is deprecated in APPPATH\Controllers\BaseController.php on line 52.
 1 SYSTEMPATH\CodeIgniter.php(922): App\Controllers\BaseController->initController(Object(CodeIgniter\HTTP\IncomingRequest), Object(CodeIgniter\HTTP\Response), Object(CodeIgniter\Log\Logger))
 2 SYSTEMPATH\CodeIgniter.php(488): CodeIgniter\CodeIgniter->createController()
 3 SYSTEMPATH\CodeIgniter.php(340): CodeIgniter\CodeIgniter->handleRequest(null, Object(Config\Cache), false)
 4 SYSTEMPATH\Boot.php(417): CodeIgniter\CodeIgniter->run()
 5 SYSTEMPATH\Boot.php(68): CodeIgniter\Boot::runCodeIgniter(Object(CodeIgniter\CodeIgniter))
 6 FCPATH\index.php(59): CodeIgniter\Boot::bootWeb(Object(Config\Paths))
 7 SYSTEMPATH\rewrite.php(44): require_once('C:\\laragon\\data\\kainkita\\public\\index.php')
DEBUG - 2026-05-17 08:24:41 --> Session: Class initialized using 'CodeIgniter\Session\Handlers\FileHandler' driver.
WARNING - 2026-05-17 08:24:41 --> [DEPRECATED] Creation of dynamic property Modul\Katalog\Controllers\Katalog::$session is deprecated in APPPATH\Controllers\BaseController.php on line 47.
 1 SYSTEMPATH\CodeIgniter.php(922): App\Controllers\BaseController->initController(Object(CodeIgniter\HTTP\IncomingRequest), Object(CodeIgniter\HTTP\Response), Object(CodeIgniter\Log\Logger))
 2 SYSTEMPATH\CodeIgniter.php(488): CodeIgniter\CodeIgniter->createController()
 3 SYSTEMPATH\CodeIgniter.php(340): CodeIgniter\CodeIgniter->handleRequest(null, Object(Config\Cache), false)
 4 SYSTEMPATH\Boot.php(417): CodeIgniter\CodeIgniter->run()
 5 SYSTEMPATH\Boot.php(68): CodeIgniter\Boot::runCodeIgniter(Object(CodeIgniter\CodeIgniter))
 6 FCPATH\index.php(59): CodeIgniter\Boot::bootWeb(Object(Config\Paths))
 7 SYSTEMPATH\rewrite.php(44): require_once('C:\\laragon\\data\\kainkita\\public\\index.php')
WARNING - 2026-05-17 08:24:41 --> [DEPRECATED] Creation of dynamic property Modul\Katalog\Controllers\Katalog::$validation is deprecated in APPPATH\Controllers\BaseController.php on line 48.
 1 SYSTEMPATH\CodeIgniter.php(922): App\Controllers\BaseController->initController(Object(CodeIgniter\HTTP\IncomingRequest), Object(CodeIgniter\HTTP\Response), Object(CodeIgniter\Log\Logger))
 2 SYSTEMPATH\CodeIgniter.php(488): CodeIgniter\CodeIgniter->createController()
 3 SYSTEMPATH\CodeIgniter.php(340): CodeIgniter\CodeIgniter->handleRequest(null, Object(Config\Cache), false)
 4 SYSTEMPATH\Boot.php(417): CodeIgniter\CodeIgniter->run()
 5 SYSTEMPATH\Boot.php(68): CodeIgniter\Boot::runCodeIgniter(Object(CodeIgniter\CodeIgniter))
 6 FCPATH\index.php(59): CodeIgniter\Boot::bootWeb(Object(Config\Paths))
 7 SYSTEMPATH\rewrite.php(44): require_once('C:\\laragon\\data\\kainkita\\public\\index.php')
WARNING - 2026-05-17 08:24:41 --> [DEPRECATED] Creation of dynamic property Modul\Katalog\Controllers\Katalog::$db is deprecated in APPPATH\Controllers\BaseController.php on line 50.
 1 SYSTEMPATH\CodeIgniter.php(922): App\Controllers\BaseController->initController(Object(CodeIgniter\HTTP\IncomingRequest), Object(CodeIgniter\HTTP\Response), Object(CodeIgniter\Log\Logger))
 2 SYSTEMPATH\CodeIgniter.php(488): CodeIgniter\CodeIgniter->createController()
 3 SYSTEMPATH\CodeIgniter.php(340): CodeIgniter\CodeIgniter->handleRequest(null, Object(Config\Cache), false)
 4 SYSTEMPATH\Boot.php(417): CodeIgniter\CodeIgniter->run()
 5 SYSTEMPATH\Boot.php(68): CodeIgniter\Boot::runCodeIgniter(Object(CodeIgniter\CodeIgniter))
 6 FCPATH\index.php(59): CodeIgniter\Boot::bootWeb(Object(Config\Paths))
 7 SYSTEMPATH\rewrite.php(44): require_once('C:\\laragon\\data\\kainkita\\public\\index.php')
WARNING - 2026-05-17 08:24:41 --> [DEPRECATED] Creation of dynamic property Modul\Katalog\Controllers\Katalog::$uri is deprecated in APPPATH\Controllers\BaseController.php on line 51.
 1 SYSTEMPATH\CodeIgniter.php(922): App\Controllers\BaseController->initController(Object(CodeIgniter\HTTP\IncomingRequest), Object(CodeIgniter\HTTP\Response), Object(CodeIgniter\Log\Logger))
 2 SYSTEMPATH\CodeIgniter.php(488): CodeIgniter\CodeIgniter->createController()
 3 SYSTEMPATH\CodeIgniter.php(340): CodeIgniter\CodeIgniter->handleRequest(null, Object(Config\Cache), false)
 4 SYSTEMPATH\Boot.php(417): CodeIgniter\CodeIgniter->run()
 5 SYSTEMPATH\Boot.php(68): CodeIgniter\Boot::runCodeIgniter(Object(CodeIgniter\CodeIgniter))
 6 FCPATH\index.php(59): CodeIgniter\Boot::bootWeb(Object(Config\Paths))
 7 SYSTEMPATH\rewrite.php(44): require_once('C:\\laragon\\data\\kainkita\\public\\index.php')
WARNING - 2026-05-17 08:24:41 --> [DEPRECATED] Creation of dynamic property Modul\Katalog\Controllers\Katalog::$pager is deprecated in APPPATH\Controllers\BaseController.php on line 52.
 1 SYSTEMPATH\CodeIgniter.php(922): App\Controllers\BaseController->initController(Object(CodeIgniter\HTTP\IncomingRequest), Object(CodeIgniter\HTTP\Response), Object(CodeIgniter\Log\Logger))
 2 SYSTEMPATH\CodeIgniter.php(488): CodeIgniter\CodeIgniter->createController()
 3 SYSTEMPATH\CodeIgniter.php(340): CodeIgniter\CodeIgniter->handleRequest(null, Object(Config\Cache), false)
 4 SYSTEMPATH\Boot.php(417): CodeIgniter\CodeIgniter->run()
 5 SYSTEMPATH\Boot.php(68): CodeIgniter\Boot::runCodeIgniter(Object(CodeIgniter\CodeIgniter))
 6 FCPATH\index.php(59): CodeIgniter\Boot::bootWeb(Object(Config\Paths))
 7 SYSTEMPATH\rewrite.php(44): require_once('C:\\laragon\\data\\kainkita\\public\\index.php')
DEBUG - 2026-05-17 08:24:42 --> Session: Class initialized using 'CodeIgniter\Session\Handlers\FileHandler' driver.
WARNING - 2026-05-17 08:24:42 --> [DEPRECATED] Creation of dynamic property Modul\Katalog\Controllers\Katalog::$session is deprecated in APPPATH\Controllers\BaseController.php on line 47.
 1 SYSTEMPATH\CodeIgniter.php(922): App\Controllers\BaseController->initController(Object(CodeIgniter\HTTP\IncomingRequest), Object(CodeIgniter\HTTP\Response), Object(CodeIgniter\Log\Logger))
 2 SYSTEMPATH\CodeIgniter.php(488): CodeIgniter\CodeIgniter->createController()
 3 SYSTEMPATH\CodeIgniter.php(340): CodeIgniter\CodeIgniter->handleRequest(null, Object(Config\Cache), false)
 4 SYSTEMPATH\Boot.php(417): CodeIgniter\CodeIgniter->run()
 5 SYSTEMPATH\Boot.php(68): CodeIgniter\Boot::runCodeIgniter(Object(CodeIgniter\CodeIgniter))
 6 FCPATH\index.php(59): CodeIgniter\Boot::bootWeb(Object(Config\Paths))
 7 SYSTEMPATH\rewrite.php(44): require_once('C:\\laragon\\data\\kainkita\\public\\index.php')
WARNING - 2026-05-17 08:24:42 --> [DEPRECATED] Creation of dynamic property Modul\Katalog\Controllers\Katalog::$validation is deprecated in APPPATH\Controllers\BaseController.php on line 48.
 1 SYSTEMPATH\CodeIgniter.php(922): App\Controllers\BaseController->initController(Object(CodeIgniter\HTTP\IncomingRequest), Object(CodeIgniter\HTTP\Response), Object(CodeIgniter\Log\Logger))
 2 SYSTEMPATH\CodeIgniter.php(488): CodeIgniter\CodeIgniter->createController()
 3 SYSTEMPATH\CodeIgniter.php(340): CodeIgniter\CodeIgniter->handleRequest(null, Object(Config\Cache), false)
 4 SYSTEMPATH\Boot.php(417): CodeIgniter\CodeIgniter->run()
 5 SYSTEMPATH\Boot.php(68): CodeIgniter\Boot::runCodeIgniter(Object(CodeIgniter\CodeIgniter))
 6 FCPATH\index.php(59): CodeIgniter\Boot::bootWeb(Object(Config\Paths))
 7 SYSTEMPATH\rewrite.php(44): require_once('C:\\laragon\\data\\kainkita\\public\\index.php')
WARNING - 2026-05-17 08:24:42 --> [DEPRECATED] Creation of dynamic property Modul\Katalog\Controllers\Katalog::$db is deprecated in APPPATH\Controllers\BaseController.php on line 50.
 1 SYSTEMPATH\CodeIgniter.php(922): App\Controllers\BaseController->initController(Object(CodeIgniter\HTTP\IncomingRequest), Object(CodeIgniter\HTTP\Response), Object(CodeIgniter\Log\Logger))
 2 SYSTEMPATH\CodeIgniter.php(488): CodeIgniter\CodeIgniter->createController()
 3 SYSTEMPATH\CodeIgniter.php(340): CodeIgniter\CodeIgniter->handleRequest(null, Object(Config\Cache), false)
 4 SYSTEMPATH\Boot.php(417): CodeIgniter\CodeIgniter->run()
 5 SYSTEMPATH\Boot.php(68): CodeIgniter\Boot::runCodeIgniter(Object(CodeIgniter\CodeIgniter))
 6 FCPATH\index.php(59): CodeIgniter\Boot::bootWeb(Object(Config\Paths))
 7 SYSTEMPATH\rewrite.php(44): require_once('C:\\laragon\\data\\kainkita\\public\\index.php')
WARNING - 2026-05-17 08:24:42 --> [DEPRECATED] Creation of dynamic property Modul\Katalog\Controllers\Katalog::$uri is deprecated in APPPATH\Controllers\BaseController.php on line 51.
 1 SYSTEMPATH\CodeIgniter.php(922): App\Controllers\BaseController->initController(Object(CodeIgniter\HTTP\IncomingRequest), Object(CodeIgniter\HTTP\Response), Object(CodeIgniter\Log\Logger))
 2 SYSTEMPATH\CodeIgniter.php(488): CodeIgniter\CodeIgniter->createController()
 3 SYSTEMPATH\CodeIgniter.php(340): CodeIgniter\CodeIgniter->handleRequest(null, Object(Config\Cache), false)
 4 SYSTEMPATH\Boot.php(417): CodeIgniter\CodeIgniter->run()
 5 SYSTEMPATH\Boot.php(68): CodeIgniter\Boot::runCodeIgniter(Object(CodeIgniter\CodeIgniter))
 6 FCPATH\index.php(59): CodeIgniter\Boot::bootWeb(Object(Config\Paths))
 7 SYSTEMPATH\rewrite.php(44): require_once('C:\\laragon\\data\\kainkita\\public\\index.php')
WARNING - 2026-05-17 08:24:42 --> [DEPRECATED] Creation of dynamic property Modul\Katalog\Controllers\Katalog::$pager is deprecated in APPPATH\Controllers\BaseController.php on line 52.
 1 SYSTEMPATH\CodeIgniter.php(922): App\Controllers\BaseController->initController(Object(CodeIgniter\HTTP\IncomingRequest), Object(CodeIgniter\HTTP\Response), Object(CodeIgniter\Log\Logger))
 2 SYSTEMPATH\CodeIgniter.php(488): CodeIgniter\CodeIgniter->createController()
 3 SYSTEMPATH\CodeIgniter.php(340): CodeIgniter\CodeIgniter->handleRequest(null, Object(Config\Cache), false)
 4 SYSTEMPATH\Boot.php(417): CodeIgniter\CodeIgniter->run()
 5 SYSTEMPATH\Boot.php(68): CodeIgniter\Boot::runCodeIgniter(Object(CodeIgniter\CodeIgniter))
 6 FCPATH\index.php(59): CodeIgniter\Boot::bootWeb(Object(Config\Paths))
 7 SYSTEMPATH\rewrite.php(44): require_once('C:\\laragon\\data\\kainkita\\public\\index.php')
DEBUG - 2026-05-17 08:24:46 --> Session: Class initialized using 'CodeIgniter\Session\Handlers\FileHandler' driver.
WARNING - 2026-05-17 08:24:46 --> [DEPRECATED] Creation of dynamic property Modul\Katalog\Controllers\Katalog::$session is deprecated in APPPATH\Controllers\BaseController.php on line 47.
 1 SYSTEMPATH\CodeIgniter.php(922): App\Controllers\BaseController->initController(Object(CodeIgniter\HTTP\IncomingRequest), Object(CodeIgniter\HTTP\Response), Object(CodeIgniter\Log\Logger))
 2 SYSTEMPATH\CodeIgniter.php(488): CodeIgniter\CodeIgniter->createController()
 3 SYSTEMPATH\CodeIgniter.php(340): CodeIgniter\CodeIgniter->handleRequest(null, Object(Config\Cache), false)
 4 SYSTEMPATH\Boot.php(417): CodeIgniter\CodeIgniter->run()
 5 SYSTEMPATH\Boot.php(68): CodeIgniter\Boot::runCodeIgniter(Object(CodeIgniter\CodeIgniter))
 6 FCPATH\index.php(59): CodeIgniter\Boot::bootWeb(Object(Config\Paths))
 7 SYSTEMPATH\rewrite.php(44): require_once('C:\\laragon\\data\\kainkita\\public\\index.php')
WARNING - 2026-05-17 08:24:46 --> [DEPRECATED] Creation of dynamic property Modul\Katalog\Controllers\Katalog::$validation is deprecated in APPPATH\Controllers\BaseController.php on line 48.
 1 SYSTEMPATH\CodeIgniter.php(922): App\Controllers\BaseController->initController(Object(CodeIgniter\HTTP\IncomingRequest), Object(CodeIgniter\HTTP\Response), Object(CodeIgniter\Log\Logger))
 2 SYSTEMPATH\CodeIgniter.php(488): CodeIgniter\CodeIgniter->createController()
 3 SYSTEMPATH\CodeIgniter.php(340): CodeIgniter\CodeIgniter->handleRequest(null, Object(Config\Cache), false)
 4 SYSTEMPATH\Boot.php(417): CodeIgniter\CodeIgniter->run()
 5 SYSTEMPATH\Boot.php(68): CodeIgniter\Boot::runCodeIgniter(Object(CodeIgniter\CodeIgniter))
 6 FCPATH\index.php(59): CodeIgniter\Boot::bootWeb(Object(Config\Paths))
 7 SYSTEMPATH\rewrite.php(44): require_once('C:\\laragon\\data\\kainkita\\public\\index.php')
WARNING - 2026-05-17 08:24:46 --> [DEPRECATED] Creation of dynamic property Modul\Katalog\Controllers\Katalog::$db is deprecated in APPPATH\Controllers\BaseController.php on line 50.
 1 SYSTEMPATH\CodeIgniter.php(922): App\Controllers\BaseController->initController(Object(CodeIgniter\HTTP\IncomingRequest), Object(CodeIgniter\HTTP\Response), Object(CodeIgniter\Log\Logger))
 2 SYSTEMPATH\CodeIgniter.php(488): CodeIgniter\CodeIgniter->createController()
 3 SYSTEMPATH\CodeIgniter.php(340): CodeIgniter\CodeIgniter->handleRequest(null, Object(Config\Cache), false)
 4 SYSTEMPATH\Boot.php(417): CodeIgniter\CodeIgniter->run()
 5 SYSTEMPATH\Boot.php(68): CodeIgniter\Boot::runCodeIgniter(Object(CodeIgniter\CodeIgniter))
 6 FCPATH\index.php(59): CodeIgniter\Boot::bootWeb(Object(Config\Paths))
 7 SYSTEMPATH\rewrite.php(44): require_once('C:\\laragon\\data\\kainkita\\public\\index.php')
WARNING - 2026-05-17 08:24:46 --> [DEPRECATED] Creation of dynamic property Modul\Katalog\Controllers\Katalog::$uri is deprecated in APPPATH\Controllers\BaseController.php on line 51.
 1 SYSTEMPATH\CodeIgniter.php(922): App\Controllers\BaseController->initController(Object(CodeIgniter\HTTP\IncomingRequest), Object(CodeIgniter\HTTP\Response), Object(CodeIgniter\Log\Logger))
 2 SYSTEMPATH\CodeIgniter.php(488): CodeIgniter\CodeIgniter->createController()
 3 SYSTEMPATH\CodeIgniter.php(340): CodeIgniter\CodeIgniter->handleRequest(null, Object(Config\Cache), false)
 4 SYSTEMPATH\Boot.php(417): CodeIgniter\CodeIgniter->run()
 5 SYSTEMPATH\Boot.php(68): CodeIgniter\Boot::runCodeIgniter(Object(CodeIgniter\CodeIgniter))
 6 FCPATH\index.php(59): CodeIgniter\Boot::bootWeb(Object(Config\Paths))
 7 SYSTEMPATH\rewrite.php(44): require_once('C:\\laragon\\data\\kainkita\\public\\index.php')
WARNING - 2026-05-17 08:24:46 --> [DEPRECATED] Creation of dynamic property Modul\Katalog\Controllers\Katalog::$pager is deprecated in APPPATH\Controllers\BaseController.php on line 52.
 1 SYSTEMPATH\CodeIgniter.php(922): App\Controllers\BaseController->initController(Object(CodeIgniter\HTTP\IncomingRequest), Object(CodeIgniter\HTTP\Response), Object(CodeIgniter\Log\Logger))
 2 SYSTEMPATH\CodeIgniter.php(488): CodeIgniter\CodeIgniter->createController()
 3 SYSTEMPATH\CodeIgniter.php(340): CodeIgniter\CodeIgniter->handleRequest(null, Object(Config\Cache), false)
 4 SYSTEMPATH\Boot.php(417): CodeIgniter\CodeIgniter->run()
 5 SYSTEMPATH\Boot.php(68): CodeIgniter\Boot::runCodeIgniter(Object(CodeIgniter\CodeIgniter))
 6 FCPATH\index.php(59): CodeIgniter\Boot::bootWeb(Object(Config\Paths))
 7 SYSTEMPATH\rewrite.php(44): require_once('C:\\laragon\\data\\kainkita\\public\\index.php')
DEBUG - 2026-05-17 08:24:47 --> Session: Class initialized using 'CodeIgniter\Session\Handlers\FileHandler' driver.
WARNING - 2026-05-17 08:24:47 --> [DEPRECATED] Creation of dynamic property Modul\Katalog\Controllers\Katalog::$session is deprecated in APPPATH\Controllers\BaseController.php on line 47.
 1 SYSTEMPATH\CodeIgniter.php(922): App\Controllers\BaseController->initController(Object(CodeIgniter\HTTP\IncomingRequest), Object(CodeIgniter\HTTP\Response), Object(CodeIgniter\Log\Logger))
 2 SYSTEMPATH\CodeIgniter.php(488): CodeIgniter\CodeIgniter->createController()
 3 SYSTEMPATH\CodeIgniter.php(340): CodeIgniter\CodeIgniter->handleRequest(null, Object(Config\Cache), false)
 4 SYSTEMPATH\Boot.php(417): CodeIgniter\CodeIgniter->run()
 5 SYSTEMPATH\Boot.php(68): CodeIgniter\Boot::runCodeIgniter(Object(CodeIgniter\CodeIgniter))
 6 FCPATH\index.php(59): CodeIgniter\Boot::bootWeb(Object(Config\Paths))
 7 SYSTEMPATH\rewrite.php(44): require_once('C:\\laragon\\data\\kainkita\\public\\index.php')
WARNING - 2026-05-17 08:24:48 --> [DEPRECATED] Creation of dynamic property Modul\Katalog\Controllers\Katalog::$validation is deprecated in APPPATH\Controllers\BaseController.php on line 48.
 1 SYSTEMPATH\CodeIgniter.php(922): App\Controllers\BaseController->initController(Object(CodeIgniter\HTTP\IncomingRequest), Object(CodeIgniter\HTTP\Response), Object(CodeIgniter\Log\Logger))
 2 SYSTEMPATH\CodeIgniter.php(488): CodeIgniter\CodeIgniter->createController()
 3 SYSTEMPATH\CodeIgniter.php(340): CodeIgniter\CodeIgniter->handleRequest(null, Object(Config\Cache), false)
 4 SYSTEMPATH\Boot.php(417): CodeIgniter\CodeIgniter->run()
 5 SYSTEMPATH\Boot.php(68): CodeIgniter\Boot::runCodeIgniter(Object(CodeIgniter\CodeIgniter))
 6 FCPATH\index.php(59): CodeIgniter\Boot::bootWeb(Object(Config\Paths))
 7 SYSTEMPATH\rewrite.php(44): require_once('C:\\laragon\\data\\kainkita\\public\\index.php')
WARNING - 2026-05-17 08:24:48 --> [DEPRECATED] Creation of dynamic property Modul\Katalog\Controllers\Katalog::$db is deprecated in APPPATH\Controllers\BaseController.php on line 50.
 1 SYSTEMPATH\CodeIgniter.php(922): App\Controllers\BaseController->initController(Object(CodeIgniter\HTTP\IncomingRequest), Object(CodeIgniter\HTTP\Response), Object(CodeIgniter\Log\Logger))
 2 SYSTEMPATH\CodeIgniter.php(488): CodeIgniter\CodeIgniter->createController()
 3 SYSTEMPATH\CodeIgniter.php(340): CodeIgniter\CodeIgniter->handleRequest(null, Object(Config\Cache), false)
 4 SYSTEMPATH\Boot.php(417): CodeIgniter\CodeIgniter->run()
 5 SYSTEMPATH\Boot.php(68): CodeIgniter\Boot::runCodeIgniter(Object(CodeIgniter\CodeIgniter))
 6 FCPATH\index.php(59): CodeIgniter\Boot::bootWeb(Object(Config\Paths))
 7 SYSTEMPATH\rewrite.php(44): require_once('C:\\laragon\\data\\kainkita\\public\\index.php')
WARNING - 2026-05-17 08:24:48 --> [DEPRECATED] Creation of dynamic property Modul\Katalog\Controllers\Katalog::$uri is deprecated in APPPATH\Controllers\BaseController.php on line 51.
 1 SYSTEMPATH\CodeIgniter.php(922): App\Controllers\BaseController->initController(Object(CodeIgniter\HTTP\IncomingRequest), Object(CodeIgniter\HTTP\Response), Object(CodeIgniter\Log\Logger))
 2 SYSTEMPATH\CodeIgniter.php(488): CodeIgniter\CodeIgniter->createController()
 3 SYSTEMPATH\CodeIgniter.php(340): CodeIgniter\CodeIgniter->handleRequest(null, Object(Config\Cache), false)
 4 SYSTEMPATH\Boot.php(417): CodeIgniter\CodeIgniter->run()
 5 SYSTEMPATH\Boot.php(68): CodeIgniter\Boot::runCodeIgniter(Object(CodeIgniter\CodeIgniter))
 6 FCPATH\index.php(59): CodeIgniter\Boot::bootWeb(Object(Config\Paths))
 7 SYSTEMPATH\rewrite.php(44): require_once('C:\\laragon\\data\\kainkita\\public\\index.php')
WARNING - 2026-05-17 08:24:48 --> [DEPRECATED] Creation of dynamic property Modul\Katalog\Controllers\Katalog::$pager is deprecated in APPPATH\Controllers\BaseController.php on line 52.
 1 SYSTEMPATH\CodeIgniter.php(922): App\Controllers\BaseController->initController(Object(CodeIgniter\HTTP\IncomingRequest), Object(CodeIgniter\HTTP\Response), Object(CodeIgniter\Log\Logger))
 2 SYSTEMPATH\CodeIgniter.php(488): CodeIgniter\CodeIgniter->createController()
 3 SYSTEMPATH\CodeIgniter.php(340): CodeIgniter\CodeIgniter->handleRequest(null, Object(Config\Cache), false)
 4 SYSTEMPATH\Boot.php(417): CodeIgniter\CodeIgniter->run()
 5 SYSTEMPATH\Boot.php(68): CodeIgniter\Boot::runCodeIgniter(Object(CodeIgniter\CodeIgniter))
 6 FCPATH\index.php(59): CodeIgniter\Boot::bootWeb(Object(Config\Paths))
 7 SYSTEMPATH\rewrite.php(44): require_once('C:\\laragon\\data\\kainkita\\public\\index.php')
DEBUG - 2026-05-17 08:24:52 --> Session: Class initialized using 'CodeIgniter\Session\Handlers\FileHandler' driver.
WARNING - 2026-05-17 08:24:52 --> [DEPRECATED] Creation of dynamic property Modul\Katalog\Controllers\Katalog::$session is deprecated in APPPATH\Controllers\BaseController.php on line 47.
 1 SYSTEMPATH\CodeIgniter.php(922): App\Controllers\BaseController->initController(Object(CodeIgniter\HTTP\IncomingRequest), Object(CodeIgniter\HTTP\Response), Object(CodeIgniter\Log\Logger))
 2 SYSTEMPATH\CodeIgniter.php(488): CodeIgniter\CodeIgniter->createController()
 3 SYSTEMPATH\CodeIgniter.php(340): CodeIgniter\CodeIgniter->handleRequest(null, Object(Config\Cache), false)
 4 SYSTEMPATH\Boot.php(417): CodeIgniter\CodeIgniter->run()
 5 SYSTEMPATH\Boot.php(68): CodeIgniter\Boot::runCodeIgniter(Object(CodeIgniter\CodeIgniter))
 6 FCPATH\index.php(59): CodeIgniter\Boot::bootWeb(Object(Config\Paths))
 7 SYSTEMPATH\rewrite.php(44): require_once('C:\\laragon\\data\\kainkita\\public\\index.php')
WARNING - 2026-05-17 08:24:52 --> [DEPRECATED] Creation of dynamic property Modul\Katalog\Controllers\Katalog::$validation is deprecated in APPPATH\Controllers\BaseController.php on line 48.
 1 SYSTEMPATH\CodeIgniter.php(922): App\Controllers\BaseController->initController(Object(CodeIgniter\HTTP\IncomingRequest), Object(CodeIgniter\HTTP\Response), Object(CodeIgniter\Log\Logger))
 2 SYSTEMPATH\CodeIgniter.php(488): CodeIgniter\CodeIgniter->createController()
 3 SYSTEMPATH\CodeIgniter.php(340): CodeIgniter\CodeIgniter->handleRequest(null, Object(Config\Cache), false)
 4 SYSTEMPATH\Boot.php(417): CodeIgniter\CodeIgniter->run()
 5 SYSTEMPATH\Boot.php(68): CodeIgniter\Boot::runCodeIgniter(Object(CodeIgniter\CodeIgniter))
 6 FCPATH\index.php(59): CodeIgniter\Boot::bootWeb(Object(Config\Paths))
 7 SYSTEMPATH\rewrite.php(44): require_once('C:\\laragon\\data\\kainkita\\public\\index.php')
WARNING - 2026-05-17 08:24:52 --> [DEPRECATED] Creation of dynamic property Modul\Katalog\Controllers\Katalog::$db is deprecated in APPPATH\Controllers\BaseController.php on line 50.
 1 SYSTEMPATH\CodeIgniter.php(922): App\Controllers\BaseController->initController(Object(CodeIgniter\HTTP\IncomingRequest), Object(CodeIgniter\HTTP\Response), Object(CodeIgniter\Log\Logger))
 2 SYSTEMPATH\CodeIgniter.php(488): CodeIgniter\CodeIgniter->createController()
 3 SYSTEMPATH\CodeIgniter.php(340): CodeIgniter\CodeIgniter->handleRequest(null, Object(Config\Cache), false)
 4 SYSTEMPATH\Boot.php(417): CodeIgniter\CodeIgniter->run()
 5 SYSTEMPATH\Boot.php(68): CodeIgniter\Boot::runCodeIgniter(Object(CodeIgniter\CodeIgniter))
 6 FCPATH\index.php(59): CodeIgniter\Boot::bootWeb(Object(Config\Paths))
 7 SYSTEMPATH\rewrite.php(44): require_once('C:\\laragon\\data\\kainkita\\public\\index.php')
WARNING - 2026-05-17 08:24:52 --> [DEPRECATED] Creation of dynamic property Modul\Katalog\Controllers\Katalog::$uri is deprecated in APPPATH\Controllers\BaseController.php on line 51.
 1 SYSTEMPATH\CodeIgniter.php(922): App\Controllers\BaseController->initController(Object(CodeIgniter\HTTP\IncomingRequest), Object(CodeIgniter\HTTP\Response), Object(CodeIgniter\Log\Logger))
 2 SYSTEMPATH\CodeIgniter.php(488): CodeIgniter\CodeIgniter->createController()
 3 SYSTEMPATH\CodeIgniter.php(340): CodeIgniter\CodeIgniter->handleRequest(null, Object(Config\Cache), false)
 4 SYSTEMPATH\Boot.php(417): CodeIgniter\CodeIgniter->run()
 5 SYSTEMPATH\Boot.php(68): CodeIgniter\Boot::runCodeIgniter(Object(CodeIgniter\CodeIgniter))
 6 FCPATH\index.php(59): CodeIgniter\Boot::bootWeb(Object(Config\Paths))
 7 SYSTEMPATH\rewrite.php(44): require_once('C:\\laragon\\data\\kainkita\\public\\index.php')
WARNING - 2026-05-17 08:24:52 --> [DEPRECATED] Creation of dynamic property Modul\Katalog\Controllers\Katalog::$pager is deprecated in APPPATH\Controllers\BaseController.php on line 52.
 1 SYSTEMPATH\CodeIgniter.php(922): App\Controllers\BaseController->initController(Object(CodeIgniter\HTTP\IncomingRequest), Object(CodeIgniter\HTTP\Response), Object(CodeIgniter\Log\Logger))
 2 SYSTEMPATH\CodeIgniter.php(488): CodeIgniter\CodeIgniter->createController()
 3 SYSTEMPATH\CodeIgniter.php(340): CodeIgniter\CodeIgniter->handleRequest(null, Object(Config\Cache), false)
 4 SYSTEMPATH\Boot.php(417): CodeIgniter\CodeIgniter->run()
 5 SYSTEMPATH\Boot.php(68): CodeIgniter\Boot::runCodeIgniter(Object(CodeIgniter\CodeIgniter))
 6 FCPATH\index.php(59): CodeIgniter\Boot::bootWeb(Object(Config\Paths))
 7 SYSTEMPATH\rewrite.php(44): require_once('C:\\laragon\\data\\kainkita\\public\\index.php')
WARNING - 2026-05-17 08:24:52 --> [DEPRECATED] Creation of dynamic property CodeIgniter\View\View::$db is deprecated in APPPATH\Views\layout\template.php on line 4.
 1 SYSTEMPATH\View\View.php(238): include('C:\\laragon\\data\\kainkita\\app\\Views\\layout\\template.php')
 2 SYSTEMPATH\View\View.php(241): CodeIgniter\View\View->CodeIgniter\View\{closure}()
 3 SYSTEMPATH\View\View.php(254): CodeIgniter\View\View->render('layout/template', [], true)
 4 SYSTEMPATH\Common.php(1250): CodeIgniter\View\View->render('Modul\\Katalog\\Views\\viewKatalog', [], true)
 5 ROOTPATH\modul\Katalog\Controllers\Katalog.php(64): view('Modul\\Katalog\\Views\\viewKatalog', [...])
 6 SYSTEMPATH\CodeIgniter.php(951): Modul\Katalog\Controllers\Katalog->index()
 7 SYSTEMPATH\CodeIgniter.php(497): CodeIgniter\CodeIgniter->runController(Object(Modul\Katalog\Controllers\Katalog))
 8 SYSTEMPATH\CodeIgniter.php(340): CodeIgniter\CodeIgniter->handleRequest(null, Object(Config\Cache), false)
 9 SYSTEMPATH\Boot.php(417): CodeIgniter\CodeIgniter->run()
10 SYSTEMPATH\Boot.php(68): CodeIgniter\Boot::runCodeIgniter(Object(CodeIgniter\CodeIgniter))
11 FCPATH\index.php(59): CodeIgniter\Boot::bootWeb(Object(Config\Paths))
12 SYSTEMPATH\rewrite.php(44): require_once('C:\\laragon\\data\\kainkita\\public\\index.php')
DEBUG - 2026-05-17 08:24:53 --> Session: Class initialized using 'CodeIgniter\Session\Handlers\FileHandler' driver.
WARNING - 2026-05-17 08:24:53 --> [DEPRECATED] Creation of dynamic property Modul\Carts\Controllers\Carts::$session is deprecated in APPPATH\Controllers\BaseController.php on line 47.
 1 SYSTEMPATH\CodeIgniter.php(922): App\Controllers\BaseController->initController(Object(CodeIgniter\HTTP\IncomingRequest), Object(CodeIgniter\HTTP\Response), Object(CodeIgniter\Log\Logger))
 2 SYSTEMPATH\CodeIgniter.php(488): CodeIgniter\CodeIgniter->createController()
 3 SYSTEMPATH\CodeIgniter.php(340): CodeIgniter\CodeIgniter->handleRequest(null, Object(Config\Cache), false)
 4 SYSTEMPATH\Boot.php(417): CodeIgniter\CodeIgniter->run()
 5 SYSTEMPATH\Boot.php(68): CodeIgniter\Boot::runCodeIgniter(Object(CodeIgniter\CodeIgniter))
 6 FCPATH\index.php(59): CodeIgniter\Boot::bootWeb(Object(Config\Paths))
 7 SYSTEMPATH\rewrite.php(44): require_once('C:\\laragon\\data\\kainkita\\public\\index.php')
WARNING - 2026-05-17 08:24:53 --> [DEPRECATED] Creation of dynamic property Modul\Carts\Controllers\Carts::$validation is deprecated in APPPATH\Controllers\BaseController.php on line 48.
 1 SYSTEMPATH\CodeIgniter.php(922): App\Controllers\BaseController->initController(Object(CodeIgniter\HTTP\IncomingRequest), Object(CodeIgniter\HTTP\Response), Object(CodeIgniter\Log\Logger))
 2 SYSTEMPATH\CodeIgniter.php(488): CodeIgniter\CodeIgniter->createController()
 3 SYSTEMPATH\CodeIgniter.php(340): CodeIgniter\CodeIgniter->handleRequest(null, Object(Config\Cache), false)
 4 SYSTEMPATH\Boot.php(417): CodeIgniter\CodeIgniter->run()
 5 SYSTEMPATH\Boot.php(68): CodeIgniter\Boot::runCodeIgniter(Object(CodeIgniter\CodeIgniter))
 6 FCPATH\index.php(59): CodeIgniter\Boot::bootWeb(Object(Config\Paths))
 7 SYSTEMPATH\rewrite.php(44): require_once('C:\\laragon\\data\\kainkita\\public\\index.php')
WARNING - 2026-05-17 08:24:53 --> [DEPRECATED] Creation of dynamic property Modul\Carts\Controllers\Carts::$db is deprecated in APPPATH\Controllers\BaseController.php on line 50.
 1 SYSTEMPATH\CodeIgniter.php(922): App\Controllers\BaseController->initController(Object(CodeIgniter\HTTP\IncomingRequest), Object(CodeIgniter\HTTP\Response), Object(CodeIgniter\Log\Logger))
 2 SYSTEMPATH\CodeIgniter.php(488): CodeIgniter\CodeIgniter->createController()
 3 SYSTEMPATH\CodeIgniter.php(340): CodeIgniter\CodeIgniter->handleRequest(null, Object(Config\Cache), false)
 4 SYSTEMPATH\Boot.php(417): CodeIgniter\CodeIgniter->run()
 5 SYSTEMPATH\Boot.php(68): CodeIgniter\Boot::runCodeIgniter(Object(CodeIgniter\CodeIgniter))
 6 FCPATH\index.php(59): CodeIgniter\Boot::bootWeb(Object(Config\Paths))
 7 SYSTEMPATH\rewrite.php(44): require_once('C:\\laragon\\data\\kainkita\\public\\index.php')
WARNING - 2026-05-17 08:24:53 --> [DEPRECATED] Creation of dynamic property Modul\Carts\Controllers\Carts::$uri is deprecated in APPPATH\Controllers\BaseController.php on line 51.
 1 SYSTEMPATH\CodeIgniter.php(922): App\Controllers\BaseController->initController(Object(CodeIgniter\HTTP\IncomingRequest), Object(CodeIgniter\HTTP\Response), Object(CodeIgniter\Log\Logger))
 2 SYSTEMPATH\CodeIgniter.php(488): CodeIgniter\CodeIgniter->createController()
 3 SYSTEMPATH\CodeIgniter.php(340): CodeIgniter\CodeIgniter->handleRequest(null, Object(Config\Cache), false)
 4 SYSTEMPATH\Boot.php(417): CodeIgniter\CodeIgniter->run()
 5 SYSTEMPATH\Boot.php(68): CodeIgniter\Boot::runCodeIgniter(Object(CodeIgniter\CodeIgniter))
 6 FCPATH\index.php(59): CodeIgniter\Boot::bootWeb(Object(Config\Paths))
 7 SYSTEMPATH\rewrite.php(44): require_once('C:\\laragon\\data\\kainkita\\public\\index.php')
WARNING - 2026-05-17 08:24:53 --> [DEPRECATED] Creation of dynamic property Modul\Carts\Controllers\Carts::$pager is deprecated in APPPATH\Controllers\BaseController.php on line 52.
 1 SYSTEMPATH\CodeIgniter.php(922): App\Controllers\BaseController->initController(Object(CodeIgniter\HTTP\IncomingRequest), Object(CodeIgniter\HTTP\Response), Object(CodeIgniter\Log\Logger))
 2 SYSTEMPATH\CodeIgniter.php(488): CodeIgniter\CodeIgniter->createController()
 3 SYSTEMPATH\CodeIgniter.php(340): CodeIgniter\CodeIgniter->handleRequest(null, Object(Config\Cache), false)
 4 SYSTEMPATH\Boot.php(417): CodeIgniter\CodeIgniter->run()
 5 SYSTEMPATH\Boot.php(68): CodeIgniter\Boot::runCodeIgniter(Object(CodeIgniter\CodeIgniter))
 6 FCPATH\index.php(59): CodeIgniter\Boot::bootWeb(Object(Config\Paths))
 7 SYSTEMPATH\rewrite.php(44): require_once('C:\\laragon\\data\\kainkita\\public\\index.php')
DEBUG - 2026-05-17 08:25:00 --> Session: Class initialized using 'CodeIgniter\Session\Handlers\FileHandler' driver.
WARNING - 2026-05-17 08:25:00 --> [DEPRECATED] Creation of dynamic property Modul\Katalog\Controllers\Katalog::$session is deprecated in APPPATH\Controllers\BaseController.php on line 47.
 1 SYSTEMPATH\CodeIgniter.php(922): App\Controllers\BaseController->initController(Object(CodeIgniter\HTTP\IncomingRequest), Object(CodeIgniter\HTTP\Response), Object(CodeIgniter\Log\Logger))
 2 SYSTEMPATH\CodeIgniter.php(488): CodeIgniter\CodeIgniter->createController()
 3 SYSTEMPATH\CodeIgniter.php(340): CodeIgniter\CodeIgniter->handleRequest(null, Object(Config\Cache), false)
 4 SYSTEMPATH\Boot.php(417): CodeIgniter\CodeIgniter->run()
 5 SYSTEMPATH\Boot.php(68): CodeIgniter\Boot::runCodeIgniter(Object(CodeIgniter\CodeIgniter))
 6 FCPATH\index.php(59): CodeIgniter\Boot::bootWeb(Object(Config\Paths))
 7 SYSTEMPATH\rewrite.php(44): require_once('C:\\laragon\\data\\kainkita\\public\\index.php')
WARNING - 2026-05-17 08:25:00 --> [DEPRECATED] Creation of dynamic property Modul\Katalog\Controllers\Katalog::$validation is deprecated in APPPATH\Controllers\BaseController.php on line 48.
 1 SYSTEMPATH\CodeIgniter.php(922): App\Controllers\BaseController->initController(Object(CodeIgniter\HTTP\IncomingRequest), Object(CodeIgniter\HTTP\Response), Object(CodeIgniter\Log\Logger))
 2 SYSTEMPATH\CodeIgniter.php(488): CodeIgniter\CodeIgniter->createController()
 3 SYSTEMPATH\CodeIgniter.php(340): CodeIgniter\CodeIgniter->handleRequest(null, Object(Config\Cache), false)
 4 SYSTEMPATH\Boot.php(417): CodeIgniter\CodeIgniter->run()
 5 SYSTEMPATH\Boot.php(68): CodeIgniter\Boot::runCodeIgniter(Object(CodeIgniter\CodeIgniter))
 6 FCPATH\index.php(59): CodeIgniter\Boot::bootWeb(Object(Config\Paths))
 7 SYSTEMPATH\rewrite.php(44): require_once('C:\\laragon\\data\\kainkita\\public\\index.php')
WARNING - 2026-05-17 08:25:00 --> [DEPRECATED] Creation of dynamic property Modul\Katalog\Controllers\Katalog::$db is deprecated in APPPATH\Controllers\BaseController.php on line 50.
 1 SYSTEMPATH\CodeIgniter.php(922): App\Controllers\BaseController->initController(Object(CodeIgniter\HTTP\IncomingRequest), Object(CodeIgniter\HTTP\Response), Object(CodeIgniter\Log\Logger))
 2 SYSTEMPATH\CodeIgniter.php(488): CodeIgniter\CodeIgniter->createController()
 3 SYSTEMPATH\CodeIgniter.php(340): CodeIgniter\CodeIgniter->handleRequest(null, Object(Config\Cache), false)
 4 SYSTEMPATH\Boot.php(417): CodeIgniter\CodeIgniter->run()
 5 SYSTEMPATH\Boot.php(68): CodeIgniter\Boot::runCodeIgniter(Object(CodeIgniter\CodeIgniter))
 6 FCPATH\index.php(59): CodeIgniter\Boot::bootWeb(Object(Config\Paths))
 7 SYSTEMPATH\rewrite.php(44): require_once('C:\\laragon\\data\\kainkita\\public\\index.php')
WARNING - 2026-05-17 08:25:00 --> [DEPRECATED] Creation of dynamic property Modul\Katalog\Controllers\Katalog::$uri is deprecated in APPPATH\Controllers\BaseController.php on line 51.
 1 SYSTEMPATH\CodeIgniter.php(922): App\Controllers\BaseController->initController(Object(CodeIgniter\HTTP\IncomingRequest), Object(CodeIgniter\HTTP\Response), Object(CodeIgniter\Log\Logger))
 2 SYSTEMPATH\CodeIgniter.php(488): CodeIgniter\CodeIgniter->createController()
 3 SYSTEMPATH\CodeIgniter.php(340): CodeIgniter\CodeIgniter->handleRequest(null, Object(Config\Cache), false)
 4 SYSTEMPATH\Boot.php(417): CodeIgniter\CodeIgniter->run()
 5 SYSTEMPATH\Boot.php(68): CodeIgniter\Boot::runCodeIgniter(Object(CodeIgniter\CodeIgniter))
 6 FCPATH\index.php(59): CodeIgniter\Boot::bootWeb(Object(Config\Paths))
 7 SYSTEMPATH\rewrite.php(44): require_once('C:\\laragon\\data\\kainkita\\public\\index.php')
WARNING - 2026-05-17 08:25:00 --> [DEPRECATED] Creation of dynamic property Modul\Katalog\Controllers\Katalog::$pager is deprecated in APPPATH\Controllers\BaseController.php on line 52.
 1 SYSTEMPATH\CodeIgniter.php(922): App\Controllers\BaseController->initController(Object(CodeIgniter\HTTP\IncomingRequest), Object(CodeIgniter\HTTP\Response), Object(CodeIgniter\Log\Logger))
 2 SYSTEMPATH\CodeIgniter.php(488): CodeIgniter\CodeIgniter->createController()
 3 SYSTEMPATH\CodeIgniter.php(340): CodeIgniter\CodeIgniter->handleRequest(null, Object(Config\Cache), false)
 4 SYSTEMPATH\Boot.php(417): CodeIgniter\CodeIgniter->run()
 5 SYSTEMPATH\Boot.php(68): CodeIgniter\Boot::runCodeIgniter(Object(CodeIgniter\CodeIgniter))
 6 FCPATH\index.php(59): CodeIgniter\Boot::bootWeb(Object(Config\Paths))
 7 SYSTEMPATH\rewrite.php(44): require_once('C:\\laragon\\data\\kainkita\\public\\index.php')
DEBUG - 2026-05-17 08:25:04 --> Session: Class initialized using 'CodeIgniter\Session\Handlers\FileHandler' driver.
WARNING - 2026-05-17 08:25:04 --> [DEPRECATED] Creation of dynamic property Modul\Katalog\Controllers\Katalog::$session is deprecated in APPPATH\Controllers\BaseController.php on line 47.
 1 SYSTEMPATH\CodeIgniter.php(922): App\Controllers\BaseController->initController(Object(CodeIgniter\HTTP\IncomingRequest), Object(CodeIgniter\HTTP\Response), Object(CodeIgniter\Log\Logger))
 2 SYSTEMPATH\CodeIgniter.php(488): CodeIgniter\CodeIgniter->createController()
 3 SYSTEMPATH\CodeIgniter.php(340): CodeIgniter\CodeIgniter->handleRequest(null, Object(Config\Cache), false)
 4 SYSTEMPATH\Boot.php(417): CodeIgniter\CodeIgniter->run()
 5 SYSTEMPATH\Boot.php(68): CodeIgniter\Boot::runCodeIgniter(Object(CodeIgniter\CodeIgniter))
 6 FCPATH\index.php(59): CodeIgniter\Boot::bootWeb(Object(Config\Paths))
 7 SYSTEMPATH\rewrite.php(44): require_once('C:\\laragon\\data\\kainkita\\public\\index.php')
WARNING - 2026-05-17 08:25:04 --> [DEPRECATED] Creation of dynamic property Modul\Katalog\Controllers\Katalog::$validation is deprecated in APPPATH\Controllers\BaseController.php on line 48.
 1 SYSTEMPATH\CodeIgniter.php(922): App\Controllers\BaseController->initController(Object(CodeIgniter\HTTP\IncomingRequest), Object(CodeIgniter\HTTP\Response), Object(CodeIgniter\Log\Logger))
 2 SYSTEMPATH\CodeIgniter.php(488): CodeIgniter\CodeIgniter->createController()
 3 SYSTEMPATH\CodeIgniter.php(340): CodeIgniter\CodeIgniter->handleRequest(null, Object(Config\Cache), false)
 4 SYSTEMPATH\Boot.php(417): CodeIgniter\CodeIgniter->run()
 5 SYSTEMPATH\Boot.php(68): CodeIgniter\Boot::runCodeIgniter(Object(CodeIgniter\CodeIgniter))
 6 FCPATH\index.php(59): CodeIgniter\Boot::bootWeb(Object(Config\Paths))
 7 SYSTEMPATH\rewrite.php(44): require_once('C:\\laragon\\data\\kainkita\\public\\index.php')
WARNING - 2026-05-17 08:25:04 --> [DEPRECATED] Creation of dynamic property Modul\Katalog\Controllers\Katalog::$db is deprecated in APPPATH\Controllers\BaseController.php on line 50.
 1 SYSTEMPATH\CodeIgniter.php(922): App\Controllers\BaseController->initController(Object(CodeIgniter\HTTP\IncomingRequest), Object(CodeIgniter\HTTP\Response), Object(CodeIgniter\Log\Logger))
 2 SYSTEMPATH\CodeIgniter.php(488): CodeIgniter\CodeIgniter->createController()
 3 SYSTEMPATH\CodeIgniter.php(340): CodeIgniter\CodeIgniter->handleRequest(null, Object(Config\Cache), false)
 4 SYSTEMPATH\Boot.php(417): CodeIgniter\CodeIgniter->run()
 5 SYSTEMPATH\Boot.php(68): CodeIgniter\Boot::runCodeIgniter(Object(CodeIgniter\CodeIgniter))
 6 FCPATH\index.php(59): CodeIgniter\Boot::bootWeb(Object(Config\Paths))
 7 SYSTEMPATH\rewrite.php(44): require_once('C:\\laragon\\data\\kainkita\\public\\index.php')
WARNING - 2026-05-17 08:25:04 --> [DEPRECATED] Creation of dynamic property Modul\Katalog\Controllers\Katalog::$uri is deprecated in APPPATH\Controllers\BaseController.php on line 51.
 1 SYSTEMPATH\CodeIgniter.php(922): App\Controllers\BaseController->initController(Object(CodeIgniter\HTTP\IncomingRequest), Object(CodeIgniter\HTTP\Response), Object(CodeIgniter\Log\Logger))
 2 SYSTEMPATH\CodeIgniter.php(488): CodeIgniter\CodeIgniter->createController()
 3 SYSTEMPATH\CodeIgniter.php(340): CodeIgniter\CodeIgniter->handleRequest(null, Object(Config\Cache), false)
 4 SYSTEMPATH\Boot.php(417): CodeIgniter\CodeIgniter->run()
 5 SYSTEMPATH\Boot.php(68): CodeIgniter\Boot::runCodeIgniter(Object(CodeIgniter\CodeIgniter))
 6 FCPATH\index.php(59): CodeIgniter\Boot::bootWeb(Object(Config\Paths))
 7 SYSTEMPATH\rewrite.php(44): require_once('C:\\laragon\\data\\kainkita\\public\\index.php')
WARNING - 2026-05-17 08:25:04 --> [DEPRECATED] Creation of dynamic property Modul\Katalog\Controllers\Katalog::$pager is deprecated in APPPATH\Controllers\BaseController.php on line 52.
 1 SYSTEMPATH\CodeIgniter.php(922): App\Controllers\BaseController->initController(Object(CodeIgniter\HTTP\IncomingRequest), Object(CodeIgniter\HTTP\Response), Object(CodeIgniter\Log\Logger))
 2 SYSTEMPATH\CodeIgniter.php(488): CodeIgniter\CodeIgniter->createController()
 3 SYSTEMPATH\CodeIgniter.php(340): CodeIgniter\CodeIgniter->handleRequest(null, Object(Config\Cache), false)
 4 SYSTEMPATH\Boot.php(417): CodeIgniter\CodeIgniter->run()
 5 SYSTEMPATH\Boot.php(68): CodeIgniter\Boot::runCodeIgniter(Object(CodeIgniter\CodeIgniter))
 6 FCPATH\index.php(59): CodeIgniter\Boot::bootWeb(Object(Config\Paths))
 7 SYSTEMPATH\rewrite.php(44): require_once('C:\\laragon\\data\\kainkita\\public\\index.php')
DEBUG - 2026-05-17 08:25:05 --> Session: Class initialized using 'CodeIgniter\Session\Handlers\FileHandler' driver.
WARNING - 2026-05-17 08:25:05 --> [DEPRECATED] Creation of dynamic property Modul\Katalog\Controllers\Katalog::$session is deprecated in APPPATH\Controllers\BaseController.php on line 47.
 1 SYSTEMPATH\CodeIgniter.php(922): App\Controllers\BaseController->initController(Object(CodeIgniter\HTTP\IncomingRequest), Object(CodeIgniter\HTTP\Response), Object(CodeIgniter\Log\Logger))
 2 SYSTEMPATH\CodeIgniter.php(488): CodeIgniter\CodeIgniter->createController()
 3 SYSTEMPATH\CodeIgniter.php(340): CodeIgniter\CodeIgniter->handleRequest(null, Object(Config\Cache), false)
 4 SYSTEMPATH\Boot.php(417): CodeIgniter\CodeIgniter->run()
 5 SYSTEMPATH\Boot.php(68): CodeIgniter\Boot::runCodeIgniter(Object(CodeIgniter\CodeIgniter))
 6 FCPATH\index.php(59): CodeIgniter\Boot::bootWeb(Object(Config\Paths))
 7 SYSTEMPATH\rewrite.php(44): require_once('C:\\laragon\\data\\kainkita\\public\\index.php')
WARNING - 2026-05-17 08:25:05 --> [DEPRECATED] Creation of dynamic property Modul\Katalog\Controllers\Katalog::$validation is deprecated in APPPATH\Controllers\BaseController.php on line 48.
 1 SYSTEMPATH\CodeIgniter.php(922): App\Controllers\BaseController->initController(Object(CodeIgniter\HTTP\IncomingRequest), Object(CodeIgniter\HTTP\Response), Object(CodeIgniter\Log\Logger))
 2 SYSTEMPATH\CodeIgniter.php(488): CodeIgniter\CodeIgniter->createController()
 3 SYSTEMPATH\CodeIgniter.php(340): CodeIgniter\CodeIgniter->handleRequest(null, Object(Config\Cache), false)
 4 SYSTEMPATH\Boot.php(417): CodeIgniter\CodeIgniter->run()
 5 SYSTEMPATH\Boot.php(68): CodeIgniter\Boot::runCodeIgniter(Object(CodeIgniter\CodeIgniter))
 6 FCPATH\index.php(59): CodeIgniter\Boot::bootWeb(Object(Config\Paths))
 7 SYSTEMPATH\rewrite.php(44): require_once('C:\\laragon\\data\\kainkita\\public\\index.php')
WARNING - 2026-05-17 08:25:05 --> [DEPRECATED] Creation of dynamic property Modul\Katalog\Controllers\Katalog::$db is deprecated in APPPATH\Controllers\BaseController.php on line 50.
 1 SYSTEMPATH\CodeIgniter.php(922): App\Controllers\BaseController->initController(Object(CodeIgniter\HTTP\IncomingRequest), Object(CodeIgniter\HTTP\Response), Object(CodeIgniter\Log\Logger))
 2 SYSTEMPATH\CodeIgniter.php(488): CodeIgniter\CodeIgniter->createController()
 3 SYSTEMPATH\CodeIgniter.php(340): CodeIgniter\CodeIgniter->handleRequest(null, Object(Config\Cache), false)
 4 SYSTEMPATH\Boot.php(417): CodeIgniter\CodeIgniter->run()
 5 SYSTEMPATH\Boot.php(68): CodeIgniter\Boot::runCodeIgniter(Object(CodeIgniter\CodeIgniter))
 6 FCPATH\index.php(59): CodeIgniter\Boot::bootWeb(Object(Config\Paths))
 7 SYSTEMPATH\rewrite.php(44): require_once('C:\\laragon\\data\\kainkita\\public\\index.php')
WARNING - 2026-05-17 08:25:05 --> [DEPRECATED] Creation of dynamic property Modul\Katalog\Controllers\Katalog::$uri is deprecated in APPPATH\Controllers\BaseController.php on line 51.
 1 SYSTEMPATH\CodeIgniter.php(922): App\Controllers\BaseController->initController(Object(CodeIgniter\HTTP\IncomingRequest), Object(CodeIgniter\HTTP\Response), Object(CodeIgniter\Log\Logger))
 2 SYSTEMPATH\CodeIgniter.php(488): CodeIgniter\CodeIgniter->createController()
 3 SYSTEMPATH\CodeIgniter.php(340): CodeIgniter\CodeIgniter->handleRequest(null, Object(Config\Cache), false)
 4 SYSTEMPATH\Boot.php(417): CodeIgniter\CodeIgniter->run()
 5 SYSTEMPATH\Boot.php(68): CodeIgniter\Boot::runCodeIgniter(Object(CodeIgniter\CodeIgniter))
 6 FCPATH\index.php(59): CodeIgniter\Boot::bootWeb(Object(Config\Paths))
 7 SYSTEMPATH\rewrite.php(44): require_once('C:\\laragon\\data\\kainkita\\public\\index.php')
WARNING - 2026-05-17 08:25:05 --> [DEPRECATED] Creation of dynamic property Modul\Katalog\Controllers\Katalog::$pager is deprecated in APPPATH\Controllers\BaseController.php on line 52.
 1 SYSTEMPATH\CodeIgniter.php(922): App\Controllers\BaseController->initController(Object(CodeIgniter\HTTP\IncomingRequest), Object(CodeIgniter\HTTP\Response), Object(CodeIgniter\Log\Logger))
 2 SYSTEMPATH\CodeIgniter.php(488): CodeIgniter\CodeIgniter->createController()
 3 SYSTEMPATH\CodeIgniter.php(340): CodeIgniter\CodeIgniter->handleRequest(null, Object(Config\Cache), false)
 4 SYSTEMPATH\Boot.php(417): CodeIgniter\CodeIgniter->run()
 5 SYSTEMPATH\Boot.php(68): CodeIgniter\Boot::runCodeIgniter(Object(CodeIgniter\CodeIgniter))
 6 FCPATH\index.php(59): CodeIgniter\Boot::bootWeb(Object(Config\Paths))
 7 SYSTEMPATH\rewrite.php(44): require_once('C:\\laragon\\data\\kainkita\\public\\index.php')
DEBUG - 2026-05-17 08:25:06 --> Session: Class initialized using 'CodeIgniter\Session\Handlers\FileHandler' driver.
WARNING - 2026-05-17 08:25:06 --> [DEPRECATED] Creation of dynamic property Modul\Katalog\Controllers\Katalog::$session is deprecated in APPPATH\Controllers\BaseController.php on line 47.
 1 SYSTEMPATH\CodeIgniter.php(922): App\Controllers\BaseController->initController(Object(CodeIgniter\HTTP\IncomingRequest), Object(CodeIgniter\HTTP\Response), Object(CodeIgniter\Log\Logger))
 2 SYSTEMPATH\CodeIgniter.php(488): CodeIgniter\CodeIgniter->createController()
 3 SYSTEMPATH\CodeIgniter.php(340): CodeIgniter\CodeIgniter->handleRequest(null, Object(Config\Cache), false)
 4 SYSTEMPATH\Boot.php(417): CodeIgniter\CodeIgniter->run()
 5 SYSTEMPATH\Boot.php(68): CodeIgniter\Boot::runCodeIgniter(Object(CodeIgniter\CodeIgniter))
 6 FCPATH\index.php(59): CodeIgniter\Boot::bootWeb(Object(Config\Paths))
 7 SYSTEMPATH\rewrite.php(44): require_once('C:\\laragon\\data\\kainkita\\public\\index.php')
WARNING - 2026-05-17 08:25:06 --> [DEPRECATED] Creation of dynamic property Modul\Katalog\Controllers\Katalog::$validation is deprecated in APPPATH\Controllers\BaseController.php on line 48.
 1 SYSTEMPATH\CodeIgniter.php(922): App\Controllers\BaseController->initController(Object(CodeIgniter\HTTP\IncomingRequest), Object(CodeIgniter\HTTP\Response), Object(CodeIgniter\Log\Logger))
 2 SYSTEMPATH\CodeIgniter.php(488): CodeIgniter\CodeIgniter->createController()
 3 SYSTEMPATH\CodeIgniter.php(340): CodeIgniter\CodeIgniter->handleRequest(null, Object(Config\Cache), false)
 4 SYSTEMPATH\Boot.php(417): CodeIgniter\CodeIgniter->run()
 5 SYSTEMPATH\Boot.php(68): CodeIgniter\Boot::runCodeIgniter(Object(CodeIgniter\CodeIgniter))
 6 FCPATH\index.php(59): CodeIgniter\Boot::bootWeb(Object(Config\Paths))
 7 SYSTEMPATH\rewrite.php(44): require_once('C:\\laragon\\data\\kainkita\\public\\index.php')
WARNING - 2026-05-17 08:25:06 --> [DEPRECATED] Creation of dynamic property Modul\Katalog\Controllers\Katalog::$db is deprecated in APPPATH\Controllers\BaseController.php on line 50.
 1 SYSTEMPATH\CodeIgniter.php(922): App\Controllers\BaseController->initController(Object(CodeIgniter\HTTP\IncomingRequest), Object(CodeIgniter\HTTP\Response), Object(CodeIgniter\Log\Logger))
 2 SYSTEMPATH\CodeIgniter.php(488): CodeIgniter\CodeIgniter->createController()
 3 SYSTEMPATH\CodeIgniter.php(340): CodeIgniter\CodeIgniter->handleRequest(null, Object(Config\Cache), false)
 4 SYSTEMPATH\Boot.php(417): CodeIgniter\CodeIgniter->run()
 5 SYSTEMPATH\Boot.php(68): CodeIgniter\Boot::runCodeIgniter(Object(CodeIgniter\CodeIgniter))
 6 FCPATH\index.php(59): CodeIgniter\Boot::bootWeb(Object(Config\Paths))
 7 SYSTEMPATH\rewrite.php(44): require_once('C:\\laragon\\data\\kainkita\\public\\index.php')
WARNING - 2026-05-17 08:25:06 --> [DEPRECATED] Creation of dynamic property Modul\Katalog\Controllers\Katalog::$uri is deprecated in APPPATH\Controllers\BaseController.php on line 51.
 1 SYSTEMPATH\CodeIgniter.php(922): App\Controllers\BaseController->initController(Object(CodeIgniter\HTTP\IncomingRequest), Object(CodeIgniter\HTTP\Response), Object(CodeIgniter\Log\Logger))
 2 SYSTEMPATH\CodeIgniter.php(488): CodeIgniter\CodeIgniter->createController()
 3 SYSTEMPATH\CodeIgniter.php(340): CodeIgniter\CodeIgniter->handleRequest(null, Object(Config\Cache), false)
 4 SYSTEMPATH\Boot.php(417): CodeIgniter\CodeIgniter->run()
 5 SYSTEMPATH\Boot.php(68): CodeIgniter\Boot::runCodeIgniter(Object(CodeIgniter\CodeIgniter))
 6 FCPATH\index.php(59): CodeIgniter\Boot::bootWeb(Object(Config\Paths))
 7 SYSTEMPATH\rewrite.php(44): require_once('C:\\laragon\\data\\kainkita\\public\\index.php')
WARNING - 2026-05-17 08:25:06 --> [DEPRECATED] Creation of dynamic property Modul\Katalog\Controllers\Katalog::$pager is deprecated in APPPATH\Controllers\BaseController.php on line 52.
 1 SYSTEMPATH\CodeIgniter.php(922): App\Controllers\BaseController->initController(Object(CodeIgniter\HTTP\IncomingRequest), Object(CodeIgniter\HTTP\Response), Object(CodeIgniter\Log\Logger))
 2 SYSTEMPATH\CodeIgniter.php(488): CodeIgniter\CodeIgniter->createController()
 3 SYSTEMPATH\CodeIgniter.php(340): CodeIgniter\CodeIgniter->handleRequest(null, Object(Config\Cache), false)
 4 SYSTEMPATH\Boot.php(417): CodeIgniter\CodeIgniter->run()
 5 SYSTEMPATH\Boot.php(68): CodeIgniter\Boot::runCodeIgniter(Object(CodeIgniter\CodeIgniter))
 6 FCPATH\index.php(59): CodeIgniter\Boot::bootWeb(Object(Config\Paths))
 7 SYSTEMPATH\rewrite.php(44): require_once('C:\\laragon\\data\\kainkita\\public\\index.php')
DEBUG - 2026-05-17 08:25:10 --> Session: Class initialized using 'CodeIgniter\Session\Handlers\FileHandler' driver.
WARNING - 2026-05-17 08:25:10 --> [DEPRECATED] Creation of dynamic property Modul\Katalog\Controllers\Katalog::$session is deprecated in APPPATH\Controllers\BaseController.php on line 47.
 1 SYSTEMPATH\CodeIgniter.php(922): App\Controllers\BaseController->initController(Object(CodeIgniter\HTTP\IncomingRequest), Object(CodeIgniter\HTTP\Response), Object(CodeIgniter\Log\Logger))
 2 SYSTEMPATH\CodeIgniter.php(488): CodeIgniter\CodeIgniter->createController()
 3 SYSTEMPATH\CodeIgniter.php(340): CodeIgniter\CodeIgniter->handleRequest(null, Object(Config\Cache), false)
 4 SYSTEMPATH\Boot.php(417): CodeIgniter\CodeIgniter->run()
 5 SYSTEMPATH\Boot.php(68): CodeIgniter\Boot::runCodeIgniter(Object(CodeIgniter\CodeIgniter))
 6 FCPATH\index.php(59): CodeIgniter\Boot::bootWeb(Object(Config\Paths))
 7 SYSTEMPATH\rewrite.php(44): require_once('C:\\laragon\\data\\kainkita\\public\\index.php')
WARNING - 2026-05-17 08:25:10 --> [DEPRECATED] Creation of dynamic property Modul\Katalog\Controllers\Katalog::$validation is deprecated in APPPATH\Controllers\BaseController.php on line 48.
 1 SYSTEMPATH\CodeIgniter.php(922): App\Controllers\BaseController->initController(Object(CodeIgniter\HTTP\IncomingRequest), Object(CodeIgniter\HTTP\Response), Object(CodeIgniter\Log\Logger))
 2 SYSTEMPATH\CodeIgniter.php(488): CodeIgniter\CodeIgniter->createController()
 3 SYSTEMPATH\CodeIgniter.php(340): CodeIgniter\CodeIgniter->handleRequest(null, Object(Config\Cache), false)
 4 SYSTEMPATH\Boot.php(417): CodeIgniter\CodeIgniter->run()
 5 SYSTEMPATH\Boot.php(68): CodeIgniter\Boot::runCodeIgniter(Object(CodeIgniter\CodeIgniter))
 6 FCPATH\index.php(59): CodeIgniter\Boot::bootWeb(Object(Config\Paths))
 7 SYSTEMPATH\rewrite.php(44): require_once('C:\\laragon\\data\\kainkita\\public\\index.php')
WARNING - 2026-05-17 08:25:10 --> [DEPRECATED] Creation of dynamic property Modul\Katalog\Controllers\Katalog::$db is deprecated in APPPATH\Controllers\BaseController.php on line 50.
 1 SYSTEMPATH\CodeIgniter.php(922): App\Controllers\BaseController->initController(Object(CodeIgniter\HTTP\IncomingRequest), Object(CodeIgniter\HTTP\Response), Object(CodeIgniter\Log\Logger))
 2 SYSTEMPATH\CodeIgniter.php(488): CodeIgniter\CodeIgniter->createController()
 3 SYSTEMPATH\CodeIgniter.php(340): CodeIgniter\CodeIgniter->handleRequest(null, Object(Config\Cache), false)
 4 SYSTEMPATH\Boot.php(417): CodeIgniter\CodeIgniter->run()
 5 SYSTEMPATH\Boot.php(68): CodeIgniter\Boot::runCodeIgniter(Object(CodeIgniter\CodeIgniter))
 6 FCPATH\index.php(59): CodeIgniter\Boot::bootWeb(Object(Config\Paths))
 7 SYSTEMPATH\rewrite.php(44): require_once('C:\\laragon\\data\\kainkita\\public\\index.php')
WARNING - 2026-05-17 08:25:10 --> [DEPRECATED] Creation of dynamic property Modul\Katalog\Controllers\Katalog::$uri is deprecated in APPPATH\Controllers\BaseController.php on line 51.
 1 SYSTEMPATH\CodeIgniter.php(922): App\Controllers\BaseController->initController(Object(CodeIgniter\HTTP\IncomingRequest), Object(CodeIgniter\HTTP\Response), Object(CodeIgniter\Log\Logger))
 2 SYSTEMPATH\CodeIgniter.php(488): CodeIgniter\CodeIgniter->createController()
 3 SYSTEMPATH\CodeIgniter.php(340): CodeIgniter\CodeIgniter->handleRequest(null, Object(Config\Cache), false)
 4 SYSTEMPATH\Boot.php(417): CodeIgniter\CodeIgniter->run()
 5 SYSTEMPATH\Boot.php(68): CodeIgniter\Boot::runCodeIgniter(Object(CodeIgniter\CodeIgniter))
 6 FCPATH\index.php(59): CodeIgniter\Boot::bootWeb(Object(Config\Paths))
 7 SYSTEMPATH\rewrite.php(44): require_once('C:\\laragon\\data\\kainkita\\public\\index.php')
WARNING - 2026-05-17 08:25:10 --> [DEPRECATED] Creation of dynamic property Modul\Katalog\Controllers\Katalog::$pager is deprecated in APPPATH\Controllers\BaseController.php on line 52.
 1 SYSTEMPATH\CodeIgniter.php(922): App\Controllers\BaseController->initController(Object(CodeIgniter\HTTP\IncomingRequest), Object(CodeIgniter\HTTP\Response), Object(CodeIgniter\Log\Logger))
 2 SYSTEMPATH\CodeIgniter.php(488): CodeIgniter\CodeIgniter->createController()
 3 SYSTEMPATH\CodeIgniter.php(340): CodeIgniter\CodeIgniter->handleRequest(null, Object(Config\Cache), false)
 4 SYSTEMPATH\Boot.php(417): CodeIgniter\CodeIgniter->run()
 5 SYSTEMPATH\Boot.php(68): CodeIgniter\Boot::runCodeIgniter(Object(CodeIgniter\CodeIgniter))
 6 FCPATH\index.php(59): CodeIgniter\Boot::bootWeb(Object(Config\Paths))
 7 SYSTEMPATH\rewrite.php(44): require_once('C:\\laragon\\data\\kainkita\\public\\index.php')
WARNING - 2026-05-17 08:25:10 --> [DEPRECATED] Creation of dynamic property CodeIgniter\View\View::$db is deprecated in APPPATH\Views\layout\template.php on line 4.
 1 SYSTEMPATH\View\View.php(238): include('C:\\laragon\\data\\kainkita\\app\\Views\\layout\\template.php')
 2 SYSTEMPATH\View\View.php(241): CodeIgniter\View\View->CodeIgniter\View\{closure}()
 3 SYSTEMPATH\View\View.php(254): CodeIgniter\View\View->render('layout/template', [], true)
 4 SYSTEMPATH\Common.php(1250): CodeIgniter\View\View->render('Modul\\Katalog\\Views\\viewKatalog', [], true)
 5 ROOTPATH\modul\Katalog\Controllers\Katalog.php(64): view('Modul\\Katalog\\Views\\viewKatalog', [...])
 6 SYSTEMPATH\CodeIgniter.php(951): Modul\Katalog\Controllers\Katalog->index()
 7 SYSTEMPATH\CodeIgniter.php(497): CodeIgniter\CodeIgniter->runController(Object(Modul\Katalog\Controllers\Katalog))
 8 SYSTEMPATH\CodeIgniter.php(340): CodeIgniter\CodeIgniter->handleRequest(null, Object(Config\Cache), false)
 9 SYSTEMPATH\Boot.php(417): CodeIgniter\CodeIgniter->run()
10 SYSTEMPATH\Boot.php(68): CodeIgniter\Boot::runCodeIgniter(Object(CodeIgniter\CodeIgniter))
11 FCPATH\index.php(59): CodeIgniter\Boot::bootWeb(Object(Config\Paths))
12 SYSTEMPATH\rewrite.php(44): require_once('C:\\laragon\\data\\kainkita\\public\\index.php')
DEBUG - 2026-05-17 08:25:11 --> Session: Class initialized using 'CodeIgniter\Session\Handlers\FileHandler' driver.
WARNING - 2026-05-17 08:25:11 --> [DEPRECATED] Creation of dynamic property Modul\Carts\Controllers\Carts::$session is deprecated in APPPATH\Controllers\BaseController.php on line 47.
 1 SYSTEMPATH\CodeIgniter.php(922): App\Controllers\BaseController->initController(Object(CodeIgniter\HTTP\IncomingRequest), Object(CodeIgniter\HTTP\Response), Object(CodeIgniter\Log\Logger))
 2 SYSTEMPATH\CodeIgniter.php(488): CodeIgniter\CodeIgniter->createController()
 3 SYSTEMPATH\CodeIgniter.php(340): CodeIgniter\CodeIgniter->handleRequest(null, Object(Config\Cache), false)
 4 SYSTEMPATH\Boot.php(417): CodeIgniter\CodeIgniter->run()
 5 SYSTEMPATH\Boot.php(68): CodeIgniter\Boot::runCodeIgniter(Object(CodeIgniter\CodeIgniter))
 6 FCPATH\index.php(59): CodeIgniter\Boot::bootWeb(Object(Config\Paths))
 7 SYSTEMPATH\rewrite.php(44): require_once('C:\\laragon\\data\\kainkita\\public\\index.php')
WARNING - 2026-05-17 08:25:11 --> [DEPRECATED] Creation of dynamic property Modul\Carts\Controllers\Carts::$validation is deprecated in APPPATH\Controllers\BaseController.php on line 48.
 1 SYSTEMPATH\CodeIgniter.php(922): App\Controllers\BaseController->initController(Object(CodeIgniter\HTTP\IncomingRequest), Object(CodeIgniter\HTTP\Response), Object(CodeIgniter\Log\Logger))
 2 SYSTEMPATH\CodeIgniter.php(488): CodeIgniter\CodeIgniter->createController()
 3 SYSTEMPATH\CodeIgniter.php(340): CodeIgniter\CodeIgniter->handleRequest(null, Object(Config\Cache), false)
 4 SYSTEMPATH\Boot.php(417): CodeIgniter\CodeIgniter->run()
 5 SYSTEMPATH\Boot.php(68): CodeIgniter\Boot::runCodeIgniter(Object(CodeIgniter\CodeIgniter))
 6 FCPATH\index.php(59): CodeIgniter\Boot::bootWeb(Object(Config\Paths))
 7 SYSTEMPATH\rewrite.php(44): require_once('C:\\laragon\\data\\kainkita\\public\\index.php')
WARNING - 2026-05-17 08:25:11 --> [DEPRECATED] Creation of dynamic property Modul\Carts\Controllers\Carts::$db is deprecated in APPPATH\Controllers\BaseController.php on line 50.
 1 SYSTEMPATH\CodeIgniter.php(922): App\Controllers\BaseController->initController(Object(CodeIgniter\HTTP\IncomingRequest), Object(CodeIgniter\HTTP\Response), Object(CodeIgniter\Log\Logger))
 2 SYSTEMPATH\CodeIgniter.php(488): CodeIgniter\CodeIgniter->createController()
 3 SYSTEMPATH\CodeIgniter.php(340): CodeIgniter\CodeIgniter->handleRequest(null, Object(Config\Cache), false)
 4 SYSTEMPATH\Boot.php(417): CodeIgniter\CodeIgniter->run()
 5 SYSTEMPATH\Boot.php(68): CodeIgniter\Boot::runCodeIgniter(Object(CodeIgniter\CodeIgniter))
 6 FCPATH\index.php(59): CodeIgniter\Boot::bootWeb(Object(Config\Paths))
 7 SYSTEMPATH\rewrite.php(44): require_once('C:\\laragon\\data\\kainkita\\public\\index.php')
WARNING - 2026-05-17 08:25:11 --> [DEPRECATED] Creation of dynamic property Modul\Carts\Controllers\Carts::$uri is deprecated in APPPATH\Controllers\BaseController.php on line 51.
 1 SYSTEMPATH\CodeIgniter.php(922): App\Controllers\BaseController->initController(Object(CodeIgniter\HTTP\IncomingRequest), Object(CodeIgniter\HTTP\Response), Object(CodeIgniter\Log\Logger))
 2 SYSTEMPATH\CodeIgniter.php(488): CodeIgniter\CodeIgniter->createController()
 3 SYSTEMPATH\CodeIgniter.php(340): CodeIgniter\CodeIgniter->handleRequest(null, Object(Config\Cache), false)
 4 SYSTEMPATH\Boot.php(417): CodeIgniter\CodeIgniter->run()
 5 SYSTEMPATH\Boot.php(68): CodeIgniter\Boot::runCodeIgniter(Object(CodeIgniter\CodeIgniter))
 6 FCPATH\index.php(59): CodeIgniter\Boot::bootWeb(Object(Config\Paths))
 7 SYSTEMPATH\rewrite.php(44): require_once('C:\\laragon\\data\\kainkita\\public\\index.php')
WARNING - 2026-05-17 08:25:11 --> [DEPRECATED] Creation of dynamic property Modul\Carts\Controllers\Carts::$pager is deprecated in APPPATH\Controllers\BaseController.php on line 52.
 1 SYSTEMPATH\CodeIgniter.php(922): App\Controllers\BaseController->initController(Object(CodeIgniter\HTTP\IncomingRequest), Object(CodeIgniter\HTTP\Response), Object(CodeIgniter\Log\Logger))
 2 SYSTEMPATH\CodeIgniter.php(488): CodeIgniter\CodeIgniter->createController()
 3 SYSTEMPATH\CodeIgniter.php(340): CodeIgniter\CodeIgniter->handleRequest(null, Object(Config\Cache), false)
 4 SYSTEMPATH\Boot.php(417): CodeIgniter\CodeIgniter->run()
 5 SYSTEMPATH\Boot.php(68): CodeIgniter\Boot::runCodeIgniter(Object(CodeIgniter\CodeIgniter))
 6 FCPATH\index.php(59): CodeIgniter\Boot::bootWeb(Object(Config\Paths))
 7 SYSTEMPATH\rewrite.php(44): require_once('C:\\laragon\\data\\kainkita\\public\\index.php')
WARNING - 2026-05-17 08:34:21 --> [DEPRECATED] Creation of dynamic property Modul\Profile\Controllers\Profile::$customers is deprecated in ROOTPATH\modul\Profile\Controllers\Profile.php on line 12.
 1 SYSTEMPATH\CodeIgniter.php(921): Modul\Profile\Controllers\Profile->__construct()
 2 SYSTEMPATH\CodeIgniter.php(488): CodeIgniter\CodeIgniter->createController()
 3 SYSTEMPATH\CodeIgniter.php(340): CodeIgniter\CodeIgniter->handleRequest(null, Object(Config\Cache), false)
 4 SYSTEMPATH\Boot.php(417): CodeIgniter\CodeIgniter->run()
 5 SYSTEMPATH\Boot.php(68): CodeIgniter\Boot::runCodeIgniter(Object(CodeIgniter\CodeIgniter))
 6 FCPATH\index.php(59): CodeIgniter\Boot::bootWeb(Object(Config\Paths))
 7 SYSTEMPATH\rewrite.php(44): require_once('C:\\laragon\\data\\kainkita\\public\\index.php')
DEBUG - 2026-05-17 08:34:21 --> Session: Class initialized using 'CodeIgniter\Session\Handlers\FileHandler' driver.
WARNING - 2026-05-17 08:34:21 --> [DEPRECATED] Creation of dynamic property Modul\Profile\Controllers\Profile::$session is deprecated in APPPATH\Controllers\BaseController.php on line 47.
 1 SYSTEMPATH\CodeIgniter.php(922): App\Controllers\BaseController->initController(Object(CodeIgniter\HTTP\IncomingRequest), Object(CodeIgniter\HTTP\Response), Object(CodeIgniter\Log\Logger))
 2 SYSTEMPATH\CodeIgniter.php(488): CodeIgniter\CodeIgniter->createController()
 3 SYSTEMPATH\CodeIgniter.php(340): CodeIgniter\CodeIgniter->handleRequest(null, Object(Config\Cache), false)
 4 SYSTEMPATH\Boot.php(417): CodeIgniter\CodeIgniter->run()
 5 SYSTEMPATH\Boot.php(68): CodeIgniter\Boot::runCodeIgniter(Object(CodeIgniter\CodeIgniter))
 6 FCPATH\index.php(59): CodeIgniter\Boot::bootWeb(Object(Config\Paths))
 7 SYSTEMPATH\rewrite.php(44): require_once('C:\\laragon\\data\\kainkita\\public\\index.php')
WARNING - 2026-05-17 08:34:21 --> [DEPRECATED] Creation of dynamic property Modul\Profile\Controllers\Profile::$validation is deprecated in APPPATH\Controllers\BaseController.php on line 48.
 1 SYSTEMPATH\CodeIgniter.php(922): App\Controllers\BaseController->initController(Object(CodeIgniter\HTTP\IncomingRequest), Object(CodeIgniter\HTTP\Response), Object(CodeIgniter\Log\Logger))
 2 SYSTEMPATH\CodeIgniter.php(488): CodeIgniter\CodeIgniter->createController()
 3 SYSTEMPATH\CodeIgniter.php(340): CodeIgniter\CodeIgniter->handleRequest(null, Object(Config\Cache), false)
 4 SYSTEMPATH\Boot.php(417): CodeIgniter\CodeIgniter->run()
 5 SYSTEMPATH\Boot.php(68): CodeIgniter\Boot::runCodeIgniter(Object(CodeIgniter\CodeIgniter))
 6 FCPATH\index.php(59): CodeIgniter\Boot::bootWeb(Object(Config\Paths))
 7 SYSTEMPATH\rewrite.php(44): require_once('C:\\laragon\\data\\kainkita\\public\\index.php')
WARNING - 2026-05-17 08:34:21 --> [DEPRECATED] Creation of dynamic property Modul\Profile\Controllers\Profile::$db is deprecated in APPPATH\Controllers\BaseController.php on line 50.
 1 SYSTEMPATH\CodeIgniter.php(922): App\Controllers\BaseController->initController(Object(CodeIgniter\HTTP\IncomingRequest), Object(CodeIgniter\HTTP\Response), Object(CodeIgniter\Log\Logger))
 2 SYSTEMPATH\CodeIgniter.php(488): CodeIgniter\CodeIgniter->createController()
 3 SYSTEMPATH\CodeIgniter.php(340): CodeIgniter\CodeIgniter->handleRequest(null, Object(Config\Cache), false)
 4 SYSTEMPATH\Boot.php(417): CodeIgniter\CodeIgniter->run()
 5 SYSTEMPATH\Boot.php(68): CodeIgniter\Boot::runCodeIgniter(Object(CodeIgniter\CodeIgniter))
 6 FCPATH\index.php(59): CodeIgniter\Boot::bootWeb(Object(Config\Paths))
 7 SYSTEMPATH\rewrite.php(44): require_once('C:\\laragon\\data\\kainkita\\public\\index.php')
WARNING - 2026-05-17 08:34:21 --> [DEPRECATED] Creation of dynamic property Modul\Profile\Controllers\Profile::$uri is deprecated in APPPATH\Controllers\BaseController.php on line 51.
 1 SYSTEMPATH\CodeIgniter.php(922): App\Controllers\BaseController->initController(Object(CodeIgniter\HTTP\IncomingRequest), Object(CodeIgniter\HTTP\Response), Object(CodeIgniter\Log\Logger))
 2 SYSTEMPATH\CodeIgniter.php(488): CodeIgniter\CodeIgniter->createController()
 3 SYSTEMPATH\CodeIgniter.php(340): CodeIgniter\CodeIgniter->handleRequest(null, Object(Config\Cache), false)
 4 SYSTEMPATH\Boot.php(417): CodeIgniter\CodeIgniter->run()
 5 SYSTEMPATH\Boot.php(68): CodeIgniter\Boot::runCodeIgniter(Object(CodeIgniter\CodeIgniter))
 6 FCPATH\index.php(59): CodeIgniter\Boot::bootWeb(Object(Config\Paths))
 7 SYSTEMPATH\rewrite.php(44): require_once('C:\\laragon\\data\\kainkita\\public\\index.php')
WARNING - 2026-05-17 08:34:21 --> [DEPRECATED] Creation of dynamic property Modul\Profile\Controllers\Profile::$pager is deprecated in APPPATH\Controllers\BaseController.php on line 52.
 1 SYSTEMPATH\CodeIgniter.php(922): App\Controllers\BaseController->initController(Object(CodeIgniter\HTTP\IncomingRequest), Object(CodeIgniter\HTTP\Response), Object(CodeIgniter\Log\Logger))
 2 SYSTEMPATH\CodeIgniter.php(488): CodeIgniter\CodeIgniter->createController()
 3 SYSTEMPATH\CodeIgniter.php(340): CodeIgniter\CodeIgniter->handleRequest(null, Object(Config\Cache), false)
 4 SYSTEMPATH\Boot.php(417): CodeIgniter\CodeIgniter->run()
 5 SYSTEMPATH\Boot.php(68): CodeIgniter\Boot::runCodeIgniter(Object(CodeIgniter\CodeIgniter))
 6 FCPATH\index.php(59): CodeIgniter\Boot::bootWeb(Object(Config\Paths))
 7 SYSTEMPATH\rewrite.php(44): require_once('C:\\laragon\\data\\kainkita\\public\\index.php')
WARNING - 2026-05-17 08:34:21 --> [DEPRECATED] Creation of dynamic property CodeIgniter\View\View::$db is deprecated in APPPATH\Views\layout\template.php on line 4.
 1 SYSTEMPATH\View\View.php(238): include('C:\\laragon\\data\\kainkita\\app\\Views\\layout\\template.php')
 2 SYSTEMPATH\View\View.php(241): CodeIgniter\View\View->CodeIgniter\View\{closure}()
 3 SYSTEMPATH\View\View.php(254): CodeIgniter\View\View->render('layout/template', [], true)
 4 SYSTEMPATH\Common.php(1250): CodeIgniter\View\View->render('Modul\\Profile\\Views\\viewProfile', [], true)
 5 ROOTPATH\modul\Profile\Controllers\Profile.php(56): view('Modul\\Profile\\Views\\viewProfile', [...])
 6 SYSTEMPATH\CodeIgniter.php(951): Modul\Profile\Controllers\Profile->index()
 7 SYSTEMPATH\CodeIgniter.php(497): CodeIgniter\CodeIgniter->runController(Object(Modul\Profile\Controllers\Profile))
 8 SYSTEMPATH\CodeIgniter.php(340): CodeIgniter\CodeIgniter->handleRequest(null, Object(Config\Cache), false)
 9 SYSTEMPATH\Boot.php(417): CodeIgniter\CodeIgniter->run()
10 SYSTEMPATH\Boot.php(68): CodeIgniter\Boot::runCodeIgniter(Object(CodeIgniter\CodeIgniter))
11 FCPATH\index.php(59): CodeIgniter\Boot::bootWeb(Object(Config\Paths))
12 SYSTEMPATH\rewrite.php(44): require_once('C:\\laragon\\data\\kainkita\\public\\index.php')
DEBUG - 2026-05-17 08:34:22 --> Session: Class initialized using 'CodeIgniter\Session\Handlers\FileHandler' driver.
WARNING - 2026-05-17 08:34:22 --> [DEPRECATED] Creation of dynamic property Modul\Carts\Controllers\Carts::$session is deprecated in APPPATH\Controllers\BaseController.php on line 47.
 1 SYSTEMPATH\CodeIgniter.php(922): App\Controllers\BaseController->initController(Object(CodeIgniter\HTTP\IncomingRequest), Object(CodeIgniter\HTTP\Response), Object(CodeIgniter\Log\Logger))
 2 SYSTEMPATH\CodeIgniter.php(488): CodeIgniter\CodeIgniter->createController()
 3 SYSTEMPATH\CodeIgniter.php(340): CodeIgniter\CodeIgniter->handleRequest(null, Object(Config\Cache), false)
 4 SYSTEMPATH\Boot.php(417): CodeIgniter\CodeIgniter->run()
 5 SYSTEMPATH\Boot.php(68): CodeIgniter\Boot::runCodeIgniter(Object(CodeIgniter\CodeIgniter))
 6 FCPATH\index.php(59): CodeIgniter\Boot::bootWeb(Object(Config\Paths))
 7 SYSTEMPATH\rewrite.php(44): require_once('C:\\laragon\\data\\kainkita\\public\\index.php')
WARNING - 2026-05-17 08:34:22 --> [DEPRECATED] Creation of dynamic property Modul\Carts\Controllers\Carts::$validation is deprecated in APPPATH\Controllers\BaseController.php on line 48.
 1 SYSTEMPATH\CodeIgniter.php(922): App\Controllers\BaseController->initController(Object(CodeIgniter\HTTP\IncomingRequest), Object(CodeIgniter\HTTP\Response), Object(CodeIgniter\Log\Logger))
 2 SYSTEMPATH\CodeIgniter.php(488): CodeIgniter\CodeIgniter->createController()
 3 SYSTEMPATH\CodeIgniter.php(340): CodeIgniter\CodeIgniter->handleRequest(null, Object(Config\Cache), false)
 4 SYSTEMPATH\Boot.php(417): CodeIgniter\CodeIgniter->run()
 5 SYSTEMPATH\Boot.php(68): CodeIgniter\Boot::runCodeIgniter(Object(CodeIgniter\CodeIgniter))
 6 FCPATH\index.php(59): CodeIgniter\Boot::bootWeb(Object(Config\Paths))
 7 SYSTEMPATH\rewrite.php(44): require_once('C:\\laragon\\data\\kainkita\\public\\index.php')
WARNING - 2026-05-17 08:34:22 --> [DEPRECATED] Creation of dynamic property Modul\Carts\Controllers\Carts::$db is deprecated in APPPATH\Controllers\BaseController.php on line 50.
 1 SYSTEMPATH\CodeIgniter.php(922): App\Controllers\BaseController->initController(Object(CodeIgniter\HTTP\IncomingRequest), Object(CodeIgniter\HTTP\Response), Object(CodeIgniter\Log\Logger))
 2 SYSTEMPATH\CodeIgniter.php(488): CodeIgniter\CodeIgniter->createController()
 3 SYSTEMPATH\CodeIgniter.php(340): CodeIgniter\CodeIgniter->handleRequest(null, Object(Config\Cache), false)
 4 SYSTEMPATH\Boot.php(417): CodeIgniter\CodeIgniter->run()
 5 SYSTEMPATH\Boot.php(68): CodeIgniter\Boot::runCodeIgniter(Object(CodeIgniter\CodeIgniter))
 6 FCPATH\index.php(59): CodeIgniter\Boot::bootWeb(Object(Config\Paths))
 7 SYSTEMPATH\rewrite.php(44): require_once('C:\\laragon\\data\\kainkita\\public\\index.php')
WARNING - 2026-05-17 08:34:22 --> [DEPRECATED] Creation of dynamic property Modul\Carts\Controllers\Carts::$uri is deprecated in APPPATH\Controllers\BaseController.php on line 51.
 1 SYSTEMPATH\CodeIgniter.php(922): App\Controllers\BaseController->initController(Object(CodeIgniter\HTTP\IncomingRequest), Object(CodeIgniter\HTTP\Response), Object(CodeIgniter\Log\Logger))
 2 SYSTEMPATH\CodeIgniter.php(488): CodeIgniter\CodeIgniter->createController()
 3 SYSTEMPATH\CodeIgniter.php(340): CodeIgniter\CodeIgniter->handleRequest(null, Object(Config\Cache), false)
 4 SYSTEMPATH\Boot.php(417): CodeIgniter\CodeIgniter->run()
 5 SYSTEMPATH\Boot.php(68): CodeIgniter\Boot::runCodeIgniter(Object(CodeIgniter\CodeIgniter))
 6 FCPATH\index.php(59): CodeIgniter\Boot::bootWeb(Object(Config\Paths))
 7 SYSTEMPATH\rewrite.php(44): require_once('C:\\laragon\\data\\kainkita\\public\\index.php')
WARNING - 2026-05-17 08:34:22 --> [DEPRECATED] Creation of dynamic property Modul\Carts\Controllers\Carts::$pager is deprecated in APPPATH\Controllers\BaseController.php on line 52.
 1 SYSTEMPATH\CodeIgniter.php(922): App\Controllers\BaseController->initController(Object(CodeIgniter\HTTP\IncomingRequest), Object(CodeIgniter\HTTP\Response), Object(CodeIgniter\Log\Logger))
 2 SYSTEMPATH\CodeIgniter.php(488): CodeIgniter\CodeIgniter->createController()
 3 SYSTEMPATH\CodeIgniter.php(340): CodeIgniter\CodeIgniter->handleRequest(null, Object(Config\Cache), false)
 4 SYSTEMPATH\Boot.php(417): CodeIgniter\CodeIgniter->run()
 5 SYSTEMPATH\Boot.php(68): CodeIgniter\Boot::runCodeIgniter(Object(CodeIgniter\CodeIgniter))
 6 FCPATH\index.php(59): CodeIgniter\Boot::bootWeb(Object(Config\Paths))
 7 SYSTEMPATH\rewrite.php(44): require_once('C:\\laragon\\data\\kainkita\\public\\index.php')
DEBUG - 2026-05-17 08:34:24 --> Session: Class initialized using 'CodeIgniter\Session\Handlers\FileHandler' driver.
WARNING - 2026-05-17 08:34:24 --> [DEPRECATED] Creation of dynamic property Modul\Wishlists\Controllers\Wishlists::$wishlist is deprecated in ROOTPATH\modul\Wishlists\Controllers\Wishlists.php on line 13.
 1 SYSTEMPATH\CodeIgniter.php(921): Modul\Wishlists\Controllers\Wishlists->__construct()
 2 SYSTEMPATH\CodeIgniter.php(488): CodeIgniter\CodeIgniter->createController()
 3 SYSTEMPATH\CodeIgniter.php(340): CodeIgniter\CodeIgniter->handleRequest(null, Object(Config\Cache), false)
 4 SYSTEMPATH\Boot.php(417): CodeIgniter\CodeIgniter->run()
 5 SYSTEMPATH\Boot.php(68): CodeIgniter\Boot::runCodeIgniter(Object(CodeIgniter\CodeIgniter))
 6 FCPATH\index.php(59): CodeIgniter\Boot::bootWeb(Object(Config\Paths))
 7 SYSTEMPATH\rewrite.php(44): require_once('C:\\laragon\\data\\kainkita\\public\\index.php')
WARNING - 2026-05-17 08:34:24 --> [DEPRECATED] Creation of dynamic property Modul\Wishlists\Controllers\Wishlists::$customers is deprecated in ROOTPATH\modul\Wishlists\Controllers\Wishlists.php on line 14.
 1 SYSTEMPATH\CodeIgniter.php(921): Modul\Wishlists\Controllers\Wishlists->__construct()
 2 SYSTEMPATH\CodeIgniter.php(488): CodeIgniter\CodeIgniter->createController()
 3 SYSTEMPATH\CodeIgniter.php(340): CodeIgniter\CodeIgniter->handleRequest(null, Object(Config\Cache), false)
 4 SYSTEMPATH\Boot.php(417): CodeIgniter\CodeIgniter->run()
 5 SYSTEMPATH\Boot.php(68): CodeIgniter\Boot::runCodeIgniter(Object(CodeIgniter\CodeIgniter))
 6 FCPATH\index.php(59): CodeIgniter\Boot::bootWeb(Object(Config\Paths))
 7 SYSTEMPATH\rewrite.php(44): require_once('C:\\laragon\\data\\kainkita\\public\\index.php')
WARNING - 2026-05-17 08:34:24 --> [DEPRECATED] Creation of dynamic property Modul\Wishlists\Controllers\Wishlists::$session is deprecated in APPPATH\Controllers\BaseController.php on line 47.
 1 SYSTEMPATH\CodeIgniter.php(922): App\Controllers\BaseController->initController(Object(CodeIgniter\HTTP\IncomingRequest), Object(CodeIgniter\HTTP\Response), Object(CodeIgniter\Log\Logger))
 2 SYSTEMPATH\CodeIgniter.php(488): CodeIgniter\CodeIgniter->createController()
 3 SYSTEMPATH\CodeIgniter.php(340): CodeIgniter\CodeIgniter->handleRequest(null, Object(Config\Cache), false)
 4 SYSTEMPATH\Boot.php(417): CodeIgniter\CodeIgniter->run()
 5 SYSTEMPATH\Boot.php(68): CodeIgniter\Boot::runCodeIgniter(Object(CodeIgniter\CodeIgniter))
 6 FCPATH\index.php(59): CodeIgniter\Boot::bootWeb(Object(Config\Paths))
 7 SYSTEMPATH\rewrite.php(44): require_once('C:\\laragon\\data\\kainkita\\public\\index.php')
WARNING - 2026-05-17 08:34:24 --> [DEPRECATED] Creation of dynamic property Modul\Wishlists\Controllers\Wishlists::$validation is deprecated in APPPATH\Controllers\BaseController.php on line 48.
 1 SYSTEMPATH\CodeIgniter.php(922): App\Controllers\BaseController->initController(Object(CodeIgniter\HTTP\IncomingRequest), Object(CodeIgniter\HTTP\Response), Object(CodeIgniter\Log\Logger))
 2 SYSTEMPATH\CodeIgniter.php(488): CodeIgniter\CodeIgniter->createController()
 3 SYSTEMPATH\CodeIgniter.php(340): CodeIgniter\CodeIgniter->handleRequest(null, Object(Config\Cache), false)
 4 SYSTEMPATH\Boot.php(417): CodeIgniter\CodeIgniter->run()
 5 SYSTEMPATH\Boot.php(68): CodeIgniter\Boot::runCodeIgniter(Object(CodeIgniter\CodeIgniter))
 6 FCPATH\index.php(59): CodeIgniter\Boot::bootWeb(Object(Config\Paths))
 7 SYSTEMPATH\rewrite.php(44): require_once('C:\\laragon\\data\\kainkita\\public\\index.php')
WARNING - 2026-05-17 08:34:24 --> [DEPRECATED] Creation of dynamic property Modul\Wishlists\Controllers\Wishlists::$db is deprecated in APPPATH\Controllers\BaseController.php on line 50.
 1 SYSTEMPATH\CodeIgniter.php(922): App\Controllers\BaseController->initController(Object(CodeIgniter\HTTP\IncomingRequest), Object(CodeIgniter\HTTP\Response), Object(CodeIgniter\Log\Logger))
 2 SYSTEMPATH\CodeIgniter.php(488): CodeIgniter\CodeIgniter->createController()
 3 SYSTEMPATH\CodeIgniter.php(340): CodeIgniter\CodeIgniter->handleRequest(null, Object(Config\Cache), false)
 4 SYSTEMPATH\Boot.php(417): CodeIgniter\CodeIgniter->run()
 5 SYSTEMPATH\Boot.php(68): CodeIgniter\Boot::runCodeIgniter(Object(CodeIgniter\CodeIgniter))
 6 FCPATH\index.php(59): CodeIgniter\Boot::bootWeb(Object(Config\Paths))
 7 SYSTEMPATH\rewrite.php(44): require_once('C:\\laragon\\data\\kainkita\\public\\index.php')
WARNING - 2026-05-17 08:34:24 --> [DEPRECATED] Creation of dynamic property Modul\Wishlists\Controllers\Wishlists::$uri is deprecated in APPPATH\Controllers\BaseController.php on line 51.
 1 SYSTEMPATH\CodeIgniter.php(922): App\Controllers\BaseController->initController(Object(CodeIgniter\HTTP\IncomingRequest), Object(CodeIgniter\HTTP\Response), Object(CodeIgniter\Log\Logger))
 2 SYSTEMPATH\CodeIgniter.php(488): CodeIgniter\CodeIgniter->createController()
 3 SYSTEMPATH\CodeIgniter.php(340): CodeIgniter\CodeIgniter->handleRequest(null, Object(Config\Cache), false)
 4 SYSTEMPATH\Boot.php(417): CodeIgniter\CodeIgniter->run()
 5 SYSTEMPATH\Boot.php(68): CodeIgniter\Boot::runCodeIgniter(Object(CodeIgniter\CodeIgniter))
 6 FCPATH\index.php(59): CodeIgniter\Boot::bootWeb(Object(Config\Paths))
 7 SYSTEMPATH\rewrite.php(44): require_once('C:\\laragon\\data\\kainkita\\public\\index.php')
WARNING - 2026-05-17 08:34:24 --> [DEPRECATED] Creation of dynamic property Modul\Wishlists\Controllers\Wishlists::$pager is deprecated in APPPATH\Controllers\BaseController.php on line 52.
 1 SYSTEMPATH\CodeIgniter.php(922): App\Controllers\BaseController->initController(Object(CodeIgniter\HTTP\IncomingRequest), Object(CodeIgniter\HTTP\Response), Object(CodeIgniter\Log\Logger))
 2 SYSTEMPATH\CodeIgniter.php(488): CodeIgniter\CodeIgniter->createController()
 3 SYSTEMPATH\CodeIgniter.php(340): CodeIgniter\CodeIgniter->handleRequest(null, Object(Config\Cache), false)
 4 SYSTEMPATH\Boot.php(417): CodeIgniter\CodeIgniter->run()
 5 SYSTEMPATH\Boot.php(68): CodeIgniter\Boot::runCodeIgniter(Object(CodeIgniter\CodeIgniter))
 6 FCPATH\index.php(59): CodeIgniter\Boot::bootWeb(Object(Config\Paths))
 7 SYSTEMPATH\rewrite.php(44): require_once('C:\\laragon\\data\\kainkita\\public\\index.php')
WARNING - 2026-05-17 08:34:24 --> [DEPRECATED] Creation of dynamic property CodeIgniter\View\View::$db is deprecated in APPPATH\Views\layout\template.php on line 4.
 1 SYSTEMPATH\View\View.php(238): include('C:\\laragon\\data\\kainkita\\app\\Views\\layout\\template.php')
 2 SYSTEMPATH\View\View.php(241): CodeIgniter\View\View->CodeIgniter\View\{closure}()
 3 SYSTEMPATH\View\View.php(254): CodeIgniter\View\View->render('layout/template', [], true)
 4 SYSTEMPATH\Common.php(1250): CodeIgniter\View\View->render('Modul\\Wishlists\\Views\\viewWishlist', [], true)
 5 ROOTPATH\modul\Wishlists\Controllers\Wishlists.php(51): view('Modul\\Wishlists\\Views\\viewWishlist', [...])
 6 SYSTEMPATH\CodeIgniter.php(951): Modul\Wishlists\Controllers\Wishlists->index()
 7 SYSTEMPATH\CodeIgniter.php(497): CodeIgniter\CodeIgniter->runController(Object(Modul\Wishlists\Controllers\Wishlists))
 8 SYSTEMPATH\CodeIgniter.php(340): CodeIgniter\CodeIgniter->handleRequest(null, Object(Config\Cache), false)
 9 SYSTEMPATH\Boot.php(417): CodeIgniter\CodeIgniter->run()
10 SYSTEMPATH\Boot.php(68): CodeIgniter\Boot::runCodeIgniter(Object(CodeIgniter\CodeIgniter))
11 FCPATH\index.php(59): CodeIgniter\Boot::bootWeb(Object(Config\Paths))
12 SYSTEMPATH\rewrite.php(44): require_once('C:\\laragon\\data\\kainkita\\public\\index.php')
DEBUG - 2026-05-17 08:34:25 --> Session: Class initialized using 'CodeIgniter\Session\Handlers\FileHandler' driver.
WARNING - 2026-05-17 08:34:25 --> [DEPRECATED] Creation of dynamic property Modul\Carts\Controllers\Carts::$session is deprecated in APPPATH\Controllers\BaseController.php on line 47.
 1 SYSTEMPATH\CodeIgniter.php(922): App\Controllers\BaseController->initController(Object(CodeIgniter\HTTP\IncomingRequest), Object(CodeIgniter\HTTP\Response), Object(CodeIgniter\Log\Logger))
 2 SYSTEMPATH\CodeIgniter.php(488): CodeIgniter\CodeIgniter->createController()
 3 SYSTEMPATH\CodeIgniter.php(340): CodeIgniter\CodeIgniter->handleRequest(null, Object(Config\Cache), false)
 4 SYSTEMPATH\Boot.php(417): CodeIgniter\CodeIgniter->run()
 5 SYSTEMPATH\Boot.php(68): CodeIgniter\Boot::runCodeIgniter(Object(CodeIgniter\CodeIgniter))
 6 FCPATH\index.php(59): CodeIgniter\Boot::bootWeb(Object(Config\Paths))
 7 SYSTEMPATH\rewrite.php(44): require_once('C:\\laragon\\data\\kainkita\\public\\index.php')
WARNING - 2026-05-17 08:34:25 --> [DEPRECATED] Creation of dynamic property Modul\Carts\Controllers\Carts::$validation is deprecated in APPPATH\Controllers\BaseController.php on line 48.
 1 SYSTEMPATH\CodeIgniter.php(922): App\Controllers\BaseController->initController(Object(CodeIgniter\HTTP\IncomingRequest), Object(CodeIgniter\HTTP\Response), Object(CodeIgniter\Log\Logger))
 2 SYSTEMPATH\CodeIgniter.php(488): CodeIgniter\CodeIgniter->createController()
 3 SYSTEMPATH\CodeIgniter.php(340): CodeIgniter\CodeIgniter->handleRequest(null, Object(Config\Cache), false)
 4 SYSTEMPATH\Boot.php(417): CodeIgniter\CodeIgniter->run()
 5 SYSTEMPATH\Boot.php(68): CodeIgniter\Boot::runCodeIgniter(Object(CodeIgniter\CodeIgniter))
 6 FCPATH\index.php(59): CodeIgniter\Boot::bootWeb(Object(Config\Paths))
 7 SYSTEMPATH\rewrite.php(44): require_once('C:\\laragon\\data\\kainkita\\public\\index.php')
WARNING - 2026-05-17 08:34:25 --> [DEPRECATED] Creation of dynamic property Modul\Carts\Controllers\Carts::$db is deprecated in APPPATH\Controllers\BaseController.php on line 50.
 1 SYSTEMPATH\CodeIgniter.php(922): App\Controllers\BaseController->initController(Object(CodeIgniter\HTTP\IncomingRequest), Object(CodeIgniter\HTTP\Response), Object(CodeIgniter\Log\Logger))
 2 SYSTEMPATH\CodeIgniter.php(488): CodeIgniter\CodeIgniter->createController()
 3 SYSTEMPATH\CodeIgniter.php(340): CodeIgniter\CodeIgniter->handleRequest(null, Object(Config\Cache), false)
 4 SYSTEMPATH\Boot.php(417): CodeIgniter\CodeIgniter->run()
 5 SYSTEMPATH\Boot.php(68): CodeIgniter\Boot::runCodeIgniter(Object(CodeIgniter\CodeIgniter))
 6 FCPATH\index.php(59): CodeIgniter\Boot::bootWeb(Object(Config\Paths))
 7 SYSTEMPATH\rewrite.php(44): require_once('C:\\laragon\\data\\kainkita\\public\\index.php')
WARNING - 2026-05-17 08:34:25 --> [DEPRECATED] Creation of dynamic property Modul\Carts\Controllers\Carts::$uri is deprecated in APPPATH\Controllers\BaseController.php on line 51.
 1 SYSTEMPATH\CodeIgniter.php(922): App\Controllers\BaseController->initController(Object(CodeIgniter\HTTP\IncomingRequest), Object(CodeIgniter\HTTP\Response), Object(CodeIgniter\Log\Logger))
 2 SYSTEMPATH\CodeIgniter.php(488): CodeIgniter\CodeIgniter->createController()
 3 SYSTEMPATH\CodeIgniter.php(340): CodeIgniter\CodeIgniter->handleRequest(null, Object(Config\Cache), false)
 4 SYSTEMPATH\Boot.php(417): CodeIgniter\CodeIgniter->run()
 5 SYSTEMPATH\Boot.php(68): CodeIgniter\Boot::runCodeIgniter(Object(CodeIgniter\CodeIgniter))
 6 FCPATH\index.php(59): CodeIgniter\Boot::bootWeb(Object(Config\Paths))
 7 SYSTEMPATH\rewrite.php(44): require_once('C:\\laragon\\data\\kainkita\\public\\index.php')
WARNING - 2026-05-17 08:34:25 --> [DEPRECATED] Creation of dynamic property Modul\Carts\Controllers\Carts::$pager is deprecated in APPPATH\Controllers\BaseController.php on line 52.
 1 SYSTEMPATH\CodeIgniter.php(922): App\Controllers\BaseController->initController(Object(CodeIgniter\HTTP\IncomingRequest), Object(CodeIgniter\HTTP\Response), Object(CodeIgniter\Log\Logger))
 2 SYSTEMPATH\CodeIgniter.php(488): CodeIgniter\CodeIgniter->createController()
 3 SYSTEMPATH\CodeIgniter.php(340): CodeIgniter\CodeIgniter->handleRequest(null, Object(Config\Cache), false)
 4 SYSTEMPATH\Boot.php(417): CodeIgniter\CodeIgniter->run()
 5 SYSTEMPATH\Boot.php(68): CodeIgniter\Boot::runCodeIgniter(Object(CodeIgniter\CodeIgniter))
 6 FCPATH\index.php(59): CodeIgniter\Boot::bootWeb(Object(Config\Paths))
 7 SYSTEMPATH\rewrite.php(44): require_once('C:\\laragon\\data\\kainkita\\public\\index.php')
DEBUG - 2026-05-17 08:34:29 --> Session: Class initialized using 'CodeIgniter\Session\Handlers\FileHandler' driver.
WARNING - 2026-05-17 08:34:29 --> [DEPRECATED] Creation of dynamic property Modul\Wishlists\Controllers\Wishlists::$wishlist is deprecated in ROOTPATH\modul\Wishlists\Controllers\Wishlists.php on line 13.
 1 SYSTEMPATH\CodeIgniter.php(921): Modul\Wishlists\Controllers\Wishlists->__construct()
 2 SYSTEMPATH\CodeIgniter.php(488): CodeIgniter\CodeIgniter->createController()
 3 SYSTEMPATH\CodeIgniter.php(340): CodeIgniter\CodeIgniter->handleRequest(null, Object(Config\Cache), false)
 4 SYSTEMPATH\Boot.php(417): CodeIgniter\CodeIgniter->run()
 5 SYSTEMPATH\Boot.php(68): CodeIgniter\Boot::runCodeIgniter(Object(CodeIgniter\CodeIgniter))
 6 FCPATH\index.php(59): CodeIgniter\Boot::bootWeb(Object(Config\Paths))
 7 SYSTEMPATH\rewrite.php(44): require_once('C:\\laragon\\data\\kainkita\\public\\index.php')
WARNING - 2026-05-17 08:34:29 --> [DEPRECATED] Creation of dynamic property Modul\Wishlists\Controllers\Wishlists::$customers is deprecated in ROOTPATH\modul\Wishlists\Controllers\Wishlists.php on line 14.
 1 SYSTEMPATH\CodeIgniter.php(921): Modul\Wishlists\Controllers\Wishlists->__construct()
 2 SYSTEMPATH\CodeIgniter.php(488): CodeIgniter\CodeIgniter->createController()
 3 SYSTEMPATH\CodeIgniter.php(340): CodeIgniter\CodeIgniter->handleRequest(null, Object(Config\Cache), false)
 4 SYSTEMPATH\Boot.php(417): CodeIgniter\CodeIgniter->run()
 5 SYSTEMPATH\Boot.php(68): CodeIgniter\Boot::runCodeIgniter(Object(CodeIgniter\CodeIgniter))
 6 FCPATH\index.php(59): CodeIgniter\Boot::bootWeb(Object(Config\Paths))
 7 SYSTEMPATH\rewrite.php(44): require_once('C:\\laragon\\data\\kainkita\\public\\index.php')
WARNING - 2026-05-17 08:34:29 --> [DEPRECATED] Creation of dynamic property Modul\Wishlists\Controllers\Wishlists::$session is deprecated in APPPATH\Controllers\BaseController.php on line 47.
 1 SYSTEMPATH\CodeIgniter.php(922): App\Controllers\BaseController->initController(Object(CodeIgniter\HTTP\IncomingRequest), Object(CodeIgniter\HTTP\Response), Object(CodeIgniter\Log\Logger))
 2 SYSTEMPATH\CodeIgniter.php(488): CodeIgniter\CodeIgniter->createController()
 3 SYSTEMPATH\CodeIgniter.php(340): CodeIgniter\CodeIgniter->handleRequest(null, Object(Config\Cache), false)
 4 SYSTEMPATH\Boot.php(417): CodeIgniter\CodeIgniter->run()
 5 SYSTEMPATH\Boot.php(68): CodeIgniter\Boot::runCodeIgniter(Object(CodeIgniter\CodeIgniter))
 6 FCPATH\index.php(59): CodeIgniter\Boot::bootWeb(Object(Config\Paths))
 7 SYSTEMPATH\rewrite.php(44): require_once('C:\\laragon\\data\\kainkita\\public\\index.php')
WARNING - 2026-05-17 08:34:29 --> [DEPRECATED] Creation of dynamic property Modul\Wishlists\Controllers\Wishlists::$validation is deprecated in APPPATH\Controllers\BaseController.php on line 48.
 1 SYSTEMPATH\CodeIgniter.php(922): App\Controllers\BaseController->initController(Object(CodeIgniter\HTTP\IncomingRequest), Object(CodeIgniter\HTTP\Response), Object(CodeIgniter\Log\Logger))
 2 SYSTEMPATH\CodeIgniter.php(488): CodeIgniter\CodeIgniter->createController()
 3 SYSTEMPATH\CodeIgniter.php(340): CodeIgniter\CodeIgniter->handleRequest(null, Object(Config\Cache), false)
 4 SYSTEMPATH\Boot.php(417): CodeIgniter\CodeIgniter->run()
 5 SYSTEMPATH\Boot.php(68): CodeIgniter\Boot::runCodeIgniter(Object(CodeIgniter\CodeIgniter))
 6 FCPATH\index.php(59): CodeIgniter\Boot::bootWeb(Object(Config\Paths))
 7 SYSTEMPATH\rewrite.php(44): require_once('C:\\laragon\\data\\kainkita\\public\\index.php')
WARNING - 2026-05-17 08:34:29 --> [DEPRECATED] Creation of dynamic property Modul\Wishlists\Controllers\Wishlists::$db is deprecated in APPPATH\Controllers\BaseController.php on line 50.
 1 SYSTEMPATH\CodeIgniter.php(922): App\Controllers\BaseController->initController(Object(CodeIgniter\HTTP\IncomingRequest), Object(CodeIgniter\HTTP\Response), Object(CodeIgniter\Log\Logger))
 2 SYSTEMPATH\CodeIgniter.php(488): CodeIgniter\CodeIgniter->createController()
 3 SYSTEMPATH\CodeIgniter.php(340): CodeIgniter\CodeIgniter->handleRequest(null, Object(Config\Cache), false)
 4 SYSTEMPATH\Boot.php(417): CodeIgniter\CodeIgniter->run()
 5 SYSTEMPATH\Boot.php(68): CodeIgniter\Boot::runCodeIgniter(Object(CodeIgniter\CodeIgniter))
 6 FCPATH\index.php(59): CodeIgniter\Boot::bootWeb(Object(Config\Paths))
 7 SYSTEMPATH\rewrite.php(44): require_once('C:\\laragon\\data\\kainkita\\public\\index.php')
WARNING - 2026-05-17 08:34:29 --> [DEPRECATED] Creation of dynamic property Modul\Wishlists\Controllers\Wishlists::$uri is deprecated in APPPATH\Controllers\BaseController.php on line 51.
 1 SYSTEMPATH\CodeIgniter.php(922): App\Controllers\BaseController->initController(Object(CodeIgniter\HTTP\IncomingRequest), Object(CodeIgniter\HTTP\Response), Object(CodeIgniter\Log\Logger))
 2 SYSTEMPATH\CodeIgniter.php(488): CodeIgniter\CodeIgniter->createController()
 3 SYSTEMPATH\CodeIgniter.php(340): CodeIgniter\CodeIgniter->handleRequest(null, Object(Config\Cache), false)
 4 SYSTEMPATH\Boot.php(417): CodeIgniter\CodeIgniter->run()
 5 SYSTEMPATH\Boot.php(68): CodeIgniter\Boot::runCodeIgniter(Object(CodeIgniter\CodeIgniter))
 6 FCPATH\index.php(59): CodeIgniter\Boot::bootWeb(Object(Config\Paths))
 7 SYSTEMPATH\rewrite.php(44): require_once('C:\\laragon\\data\\kainkita\\public\\index.php')
WARNING - 2026-05-17 08:34:29 --> [DEPRECATED] Creation of dynamic property Modul\Wishlists\Controllers\Wishlists::$pager is deprecated in APPPATH\Controllers\BaseController.php on line 52.
 1 SYSTEMPATH\CodeIgniter.php(922): App\Controllers\BaseController->initController(Object(CodeIgniter\HTTP\IncomingRequest), Object(CodeIgniter\HTTP\Response), Object(CodeIgniter\Log\Logger))
 2 SYSTEMPATH\CodeIgniter.php(488): CodeIgniter\CodeIgniter->createController()
 3 SYSTEMPATH\CodeIgniter.php(340): CodeIgniter\CodeIgniter->handleRequest(null, Object(Config\Cache), false)
 4 SYSTEMPATH\Boot.php(417): CodeIgniter\CodeIgniter->run()
 5 SYSTEMPATH\Boot.php(68): CodeIgniter\Boot::runCodeIgniter(Object(CodeIgniter\CodeIgniter))
 6 FCPATH\index.php(59): CodeIgniter\Boot::bootWeb(Object(Config\Paths))
 7 SYSTEMPATH\rewrite.php(44): require_once('C:\\laragon\\data\\kainkita\\public\\index.php')
DEBUG - 2026-05-17 08:34:33 --> Session: Class initialized using 'CodeIgniter\Session\Handlers\FileHandler' driver.
WARNING - 2026-05-17 08:34:33 --> [DEPRECATED] Creation of dynamic property Modul\Wishlists\Controllers\Wishlists::$wishlist is deprecated in ROOTPATH\modul\Wishlists\Controllers\Wishlists.php on line 13.
 1 SYSTEMPATH\CodeIgniter.php(921): Modul\Wishlists\Controllers\Wishlists->__construct()
 2 SYSTEMPATH\CodeIgniter.php(488): CodeIgniter\CodeIgniter->createController()
 3 SYSTEMPATH\CodeIgniter.php(340): CodeIgniter\CodeIgniter->handleRequest(null, Object(Config\Cache), false)
 4 SYSTEMPATH\Boot.php(417): CodeIgniter\CodeIgniter->run()
 5 SYSTEMPATH\Boot.php(68): CodeIgniter\Boot::runCodeIgniter(Object(CodeIgniter\CodeIgniter))
 6 FCPATH\index.php(59): CodeIgniter\Boot::bootWeb(Object(Config\Paths))
 7 SYSTEMPATH\rewrite.php(44): require_once('C:\\laragon\\data\\kainkita\\public\\index.php')
WARNING - 2026-05-17 08:34:33 --> [DEPRECATED] Creation of dynamic property Modul\Wishlists\Controllers\Wishlists::$customers is deprecated in ROOTPATH\modul\Wishlists\Controllers\Wishlists.php on line 14.
 1 SYSTEMPATH\CodeIgniter.php(921): Modul\Wishlists\Controllers\Wishlists->__construct()
 2 SYSTEMPATH\CodeIgniter.php(488): CodeIgniter\CodeIgniter->createController()
 3 SYSTEMPATH\CodeIgniter.php(340): CodeIgniter\CodeIgniter->handleRequest(null, Object(Config\Cache), false)
 4 SYSTEMPATH\Boot.php(417): CodeIgniter\CodeIgniter->run()
 5 SYSTEMPATH\Boot.php(68): CodeIgniter\Boot::runCodeIgniter(Object(CodeIgniter\CodeIgniter))
 6 FCPATH\index.php(59): CodeIgniter\Boot::bootWeb(Object(Config\Paths))
 7 SYSTEMPATH\rewrite.php(44): require_once('C:\\laragon\\data\\kainkita\\public\\index.php')
WARNING - 2026-05-17 08:34:33 --> [DEPRECATED] Creation of dynamic property Modul\Wishlists\Controllers\Wishlists::$session is deprecated in APPPATH\Controllers\BaseController.php on line 47.
 1 SYSTEMPATH\CodeIgniter.php(922): App\Controllers\BaseController->initController(Object(CodeIgniter\HTTP\IncomingRequest), Object(CodeIgniter\HTTP\Response), Object(CodeIgniter\Log\Logger))
 2 SYSTEMPATH\CodeIgniter.php(488): CodeIgniter\CodeIgniter->createController()
 3 SYSTEMPATH\CodeIgniter.php(340): CodeIgniter\CodeIgniter->handleRequest(null, Object(Config\Cache), false)
 4 SYSTEMPATH\Boot.php(417): CodeIgniter\CodeIgniter->run()
 5 SYSTEMPATH\Boot.php(68): CodeIgniter\Boot::runCodeIgniter(Object(CodeIgniter\CodeIgniter))
 6 FCPATH\index.php(59): CodeIgniter\Boot::bootWeb(Object(Config\Paths))
 7 SYSTEMPATH\rewrite.php(44): require_once('C:\\laragon\\data\\kainkita\\public\\index.php')
WARNING - 2026-05-17 08:34:33 --> [DEPRECATED] Creation of dynamic property Modul\Wishlists\Controllers\Wishlists::$validation is deprecated in APPPATH\Controllers\BaseController.php on line 48.
 1 SYSTEMPATH\CodeIgniter.php(922): App\Controllers\BaseController->initController(Object(CodeIgniter\HTTP\IncomingRequest), Object(CodeIgniter\HTTP\Response), Object(CodeIgniter\Log\Logger))
 2 SYSTEMPATH\CodeIgniter.php(488): CodeIgniter\CodeIgniter->createController()
 3 SYSTEMPATH\CodeIgniter.php(340): CodeIgniter\CodeIgniter->handleRequest(null, Object(Config\Cache), false)
 4 SYSTEMPATH\Boot.php(417): CodeIgniter\CodeIgniter->run()
 5 SYSTEMPATH\Boot.php(68): CodeIgniter\Boot::runCodeIgniter(Object(CodeIgniter\CodeIgniter))
 6 FCPATH\index.php(59): CodeIgniter\Boot::bootWeb(Object(Config\Paths))
 7 SYSTEMPATH\rewrite.php(44): require_once('C:\\laragon\\data\\kainkita\\public\\index.php')
WARNING - 2026-05-17 08:34:33 --> [DEPRECATED] Creation of dynamic property Modul\Wishlists\Controllers\Wishlists::$db is deprecated in APPPATH\Controllers\BaseController.php on line 50.
 1 SYSTEMPATH\CodeIgniter.php(922): App\Controllers\BaseController->initController(Object(CodeIgniter\HTTP\IncomingRequest), Object(CodeIgniter\HTTP\Response), Object(CodeIgniter\Log\Logger))
 2 SYSTEMPATH\CodeIgniter.php(488): CodeIgniter\CodeIgniter->createController()
 3 SYSTEMPATH\CodeIgniter.php(340): CodeIgniter\CodeIgniter->handleRequest(null, Object(Config\Cache), false)
 4 SYSTEMPATH\Boot.php(417): CodeIgniter\CodeIgniter->run()
 5 SYSTEMPATH\Boot.php(68): CodeIgniter\Boot::runCodeIgniter(Object(CodeIgniter\CodeIgniter))
 6 FCPATH\index.php(59): CodeIgniter\Boot::bootWeb(Object(Config\Paths))
 7 SYSTEMPATH\rewrite.php(44): require_once('C:\\laragon\\data\\kainkita\\public\\index.php')
WARNING - 2026-05-17 08:34:33 --> [DEPRECATED] Creation of dynamic property Modul\Wishlists\Controllers\Wishlists::$uri is deprecated in APPPATH\Controllers\BaseController.php on line 51.
 1 SYSTEMPATH\CodeIgniter.php(922): App\Controllers\BaseController->initController(Object(CodeIgniter\HTTP\IncomingRequest), Object(CodeIgniter\HTTP\Response), Object(CodeIgniter\Log\Logger))
 2 SYSTEMPATH\CodeIgniter.php(488): CodeIgniter\CodeIgniter->createController()
 3 SYSTEMPATH\CodeIgniter.php(340): CodeIgniter\CodeIgniter->handleRequest(null, Object(Config\Cache), false)
 4 SYSTEMPATH\Boot.php(417): CodeIgniter\CodeIgniter->run()
 5 SYSTEMPATH\Boot.php(68): CodeIgniter\Boot::runCodeIgniter(Object(CodeIgniter\CodeIgniter))
 6 FCPATH\index.php(59): CodeIgniter\Boot::bootWeb(Object(Config\Paths))
 7 SYSTEMPATH\rewrite.php(44): require_once('C:\\laragon\\data\\kainkita\\public\\index.php')
WARNING - 2026-05-17 08:34:33 --> [DEPRECATED] Creation of dynamic property Modul\Wishlists\Controllers\Wishlists::$pager is deprecated in APPPATH\Controllers\BaseController.php on line 52.
 1 SYSTEMPATH\CodeIgniter.php(922): App\Controllers\BaseController->initController(Object(CodeIgniter\HTTP\IncomingRequest), Object(CodeIgniter\HTTP\Response), Object(CodeIgniter\Log\Logger))
 2 SYSTEMPATH\CodeIgniter.php(488): CodeIgniter\CodeIgniter->createController()
 3 SYSTEMPATH\CodeIgniter.php(340): CodeIgniter\CodeIgniter->handleRequest(null, Object(Config\Cache), false)
 4 SYSTEMPATH\Boot.php(417): CodeIgniter\CodeIgniter->run()
 5 SYSTEMPATH\Boot.php(68): CodeIgniter\Boot::runCodeIgniter(Object(CodeIgniter\CodeIgniter))
 6 FCPATH\index.php(59): CodeIgniter\Boot::bootWeb(Object(Config\Paths))
 7 SYSTEMPATH\rewrite.php(44): require_once('C:\\laragon\\data\\kainkita\\public\\index.php')
DEBUG - 2026-05-17 08:35:40 --> Session: Class initialized using 'CodeIgniter\Session\Handlers\FileHandler' driver.
WARNING - 2026-05-17 08:35:40 --> [DEPRECATED] Creation of dynamic property Modul\My_orders\Controllers\My_orders::$customers is deprecated in ROOTPATH\modul\My_orders\Controllers\My_orders.php on line 12.
 1 SYSTEMPATH\CodeIgniter.php(921): Modul\My_orders\Controllers\My_orders->__construct()
 2 SYSTEMPATH\CodeIgniter.php(488): CodeIgniter\CodeIgniter->createController()
 3 SYSTEMPATH\CodeIgniter.php(340): CodeIgniter\CodeIgniter->handleRequest(null, Object(Config\Cache), false)
 4 SYSTEMPATH\Boot.php(417): CodeIgniter\CodeIgniter->run()
 5 SYSTEMPATH\Boot.php(68): CodeIgniter\Boot::runCodeIgniter(Object(CodeIgniter\CodeIgniter))
 6 FCPATH\index.php(59): CodeIgniter\Boot::bootWeb(Object(Config\Paths))
 7 SYSTEMPATH\rewrite.php(44): require_once('C:\\laragon\\data\\kainkita\\public\\index.php')
WARNING - 2026-05-17 08:35:40 --> [DEPRECATED] Creation of dynamic property Modul\My_orders\Controllers\My_orders::$session is deprecated in APPPATH\Controllers\BaseController.php on line 47.
 1 SYSTEMPATH\CodeIgniter.php(922): App\Controllers\BaseController->initController(Object(CodeIgniter\HTTP\IncomingRequest), Object(CodeIgniter\HTTP\Response), Object(CodeIgniter\Log\Logger))
 2 SYSTEMPATH\CodeIgniter.php(488): CodeIgniter\CodeIgniter->createController()
 3 SYSTEMPATH\CodeIgniter.php(340): CodeIgniter\CodeIgniter->handleRequest(null, Object(Config\Cache), false)
 4 SYSTEMPATH\Boot.php(417): CodeIgniter\CodeIgniter->run()
 5 SYSTEMPATH\Boot.php(68): CodeIgniter\Boot::runCodeIgniter(Object(CodeIgniter\CodeIgniter))
 6 FCPATH\index.php(59): CodeIgniter\Boot::bootWeb(Object(Config\Paths))
 7 SYSTEMPATH\rewrite.php(44): require_once('C:\\laragon\\data\\kainkita\\public\\index.php')
WARNING - 2026-05-17 08:35:40 --> [DEPRECATED] Creation of dynamic property Modul\My_orders\Controllers\My_orders::$validation is deprecated in APPPATH\Controllers\BaseController.php on line 48.
 1 SYSTEMPATH\CodeIgniter.php(922): App\Controllers\BaseController->initController(Object(CodeIgniter\HTTP\IncomingRequest), Object(CodeIgniter\HTTP\Response), Object(CodeIgniter\Log\Logger))
 2 SYSTEMPATH\CodeIgniter.php(488): CodeIgniter\CodeIgniter->createController()
 3 SYSTEMPATH\CodeIgniter.php(340): CodeIgniter\CodeIgniter->handleRequest(null, Object(Config\Cache), false)
 4 SYSTEMPATH\Boot.php(417): CodeIgniter\CodeIgniter->run()
 5 SYSTEMPATH\Boot.php(68): CodeIgniter\Boot::runCodeIgniter(Object(CodeIgniter\CodeIgniter))
 6 FCPATH\index.php(59): CodeIgniter\Boot::bootWeb(Object(Config\Paths))
 7 SYSTEMPATH\rewrite.php(44): require_once('C:\\laragon\\data\\kainkita\\public\\index.php')
WARNING - 2026-05-17 08:35:40 --> [DEPRECATED] Creation of dynamic property Modul\My_orders\Controllers\My_orders::$db is deprecated in APPPATH\Controllers\BaseController.php on line 50.
 1 SYSTEMPATH\CodeIgniter.php(922): App\Controllers\BaseController->initController(Object(CodeIgniter\HTTP\IncomingRequest), Object(CodeIgniter\HTTP\Response), Object(CodeIgniter\Log\Logger))
 2 SYSTEMPATH\CodeIgniter.php(488): CodeIgniter\CodeIgniter->createController()
 3 SYSTEMPATH\CodeIgniter.php(340): CodeIgniter\CodeIgniter->handleRequest(null, Object(Config\Cache), false)
 4 SYSTEMPATH\Boot.php(417): CodeIgniter\CodeIgniter->run()
 5 SYSTEMPATH\Boot.php(68): CodeIgniter\Boot::runCodeIgniter(Object(CodeIgniter\CodeIgniter))
 6 FCPATH\index.php(59): CodeIgniter\Boot::bootWeb(Object(Config\Paths))
 7 SYSTEMPATH\rewrite.php(44): require_once('C:\\laragon\\data\\kainkita\\public\\index.php')
WARNING - 2026-05-17 08:35:40 --> [DEPRECATED] Creation of dynamic property Modul\My_orders\Controllers\My_orders::$uri is deprecated in APPPATH\Controllers\BaseController.php on line 51.
 1 SYSTEMPATH\CodeIgniter.php(922): App\Controllers\BaseController->initController(Object(CodeIgniter\HTTP\IncomingRequest), Object(CodeIgniter\HTTP\Response), Object(CodeIgniter\Log\Logger))
 2 SYSTEMPATH\CodeIgniter.php(488): CodeIgniter\CodeIgniter->createController()
 3 SYSTEMPATH\CodeIgniter.php(340): CodeIgniter\CodeIgniter->handleRequest(null, Object(Config\Cache), false)
 4 SYSTEMPATH\Boot.php(417): CodeIgniter\CodeIgniter->run()
 5 SYSTEMPATH\Boot.php(68): CodeIgniter\Boot::runCodeIgniter(Object(CodeIgniter\CodeIgniter))
 6 FCPATH\index.php(59): CodeIgniter\Boot::bootWeb(Object(Config\Paths))
 7 SYSTEMPATH\rewrite.php(44): require_once('C:\\laragon\\data\\kainkita\\public\\index.php')
WARNING - 2026-05-17 08:35:40 --> [DEPRECATED] Creation of dynamic property Modul\My_orders\Controllers\My_orders::$pager is deprecated in APPPATH\Controllers\BaseController.php on line 52.
 1 SYSTEMPATH\CodeIgniter.php(922): App\Controllers\BaseController->initController(Object(CodeIgniter\HTTP\IncomingRequest), Object(CodeIgniter\HTTP\Response), Object(CodeIgniter\Log\Logger))
 2 SYSTEMPATH\CodeIgniter.php(488): CodeIgniter\CodeIgniter->createController()
 3 SYSTEMPATH\CodeIgniter.php(340): CodeIgniter\CodeIgniter->handleRequest(null, Object(Config\Cache), false)
 4 SYSTEMPATH\Boot.php(417): CodeIgniter\CodeIgniter->run()
 5 SYSTEMPATH\Boot.php(68): CodeIgniter\Boot::runCodeIgniter(Object(CodeIgniter\CodeIgniter))
 6 FCPATH\index.php(59): CodeIgniter\Boot::bootWeb(Object(Config\Paths))
 7 SYSTEMPATH\rewrite.php(44): require_once('C:\\laragon\\data\\kainkita\\public\\index.php')
WARNING - 2026-05-17 08:35:40 --> [DEPRECATED] Creation of dynamic property CodeIgniter\View\View::$db is deprecated in APPPATH\Views\layout\template.php on line 4.
 1 SYSTEMPATH\View\View.php(238): include('C:\\laragon\\data\\kainkita\\app\\Views\\layout\\template.php')
 2 SYSTEMPATH\View\View.php(241): CodeIgniter\View\View->CodeIgniter\View\{closure}()
 3 SYSTEMPATH\View\View.php(254): CodeIgniter\View\View->render('layout/template', [], true)
 4 SYSTEMPATH\Common.php(1250): CodeIgniter\View\View->render('Modul\\My_orders\\Views\\viewOrders', [], true)
 5 ROOTPATH\modul\My_orders\Controllers\My_orders.php(49): view('Modul\\My_orders\\Views\\viewOrders', [...])
 6 SYSTEMPATH\CodeIgniter.php(951): Modul\My_orders\Controllers\My_orders->index()
 7 SYSTEMPATH\CodeIgniter.php(497): CodeIgniter\CodeIgniter->runController(Object(Modul\My_orders\Controllers\My_orders))
 8 SYSTEMPATH\CodeIgniter.php(340): CodeIgniter\CodeIgniter->handleRequest(null, Object(Config\Cache), false)
 9 SYSTEMPATH\Boot.php(417): CodeIgniter\CodeIgniter->run()
10 SYSTEMPATH\Boot.php(68): CodeIgniter\Boot::runCodeIgniter(Object(CodeIgniter\CodeIgniter))
11 FCPATH\index.php(59): CodeIgniter\Boot::bootWeb(Object(Config\Paths))
12 SYSTEMPATH\rewrite.php(44): require_once('C:\\laragon\\data\\kainkita\\public\\index.php')
DEBUG - 2026-05-17 08:35:42 --> Session: Class initialized using 'CodeIgniter\Session\Handlers\FileHandler' driver.
WARNING - 2026-05-17 08:35:42 --> [DEPRECATED] Creation of dynamic property Modul\Carts\Controllers\Carts::$session is deprecated in APPPATH\Controllers\BaseController.php on line 47.
 1 SYSTEMPATH\CodeIgniter.php(922): App\Controllers\BaseController->initController(Object(CodeIgniter\HTTP\IncomingRequest), Object(CodeIgniter\HTTP\Response), Object(CodeIgniter\Log\Logger))
 2 SYSTEMPATH\CodeIgniter.php(488): CodeIgniter\CodeIgniter->createController()
 3 SYSTEMPATH\CodeIgniter.php(340): CodeIgniter\CodeIgniter->handleRequest(null, Object(Config\Cache), false)
 4 SYSTEMPATH\Boot.php(417): CodeIgniter\CodeIgniter->run()
 5 SYSTEMPATH\Boot.php(68): CodeIgniter\Boot::runCodeIgniter(Object(CodeIgniter\CodeIgniter))
 6 FCPATH\index.php(59): CodeIgniter\Boot::bootWeb(Object(Config\Paths))
 7 SYSTEMPATH\rewrite.php(44): require_once('C:\\laragon\\data\\kainkita\\public\\index.php')
WARNING - 2026-05-17 08:35:42 --> [DEPRECATED] Creation of dynamic property Modul\Carts\Controllers\Carts::$validation is deprecated in APPPATH\Controllers\BaseController.php on line 48.
 1 SYSTEMPATH\CodeIgniter.php(922): App\Controllers\BaseController->initController(Object(CodeIgniter\HTTP\IncomingRequest), Object(CodeIgniter\HTTP\Response), Object(CodeIgniter\Log\Logger))
 2 SYSTEMPATH\CodeIgniter.php(488): CodeIgniter\CodeIgniter->createController()
 3 SYSTEMPATH\CodeIgniter.php(340): CodeIgniter\CodeIgniter->handleRequest(null, Object(Config\Cache), false)
 4 SYSTEMPATH\Boot.php(417): CodeIgniter\CodeIgniter->run()
 5 SYSTEMPATH\Boot.php(68): CodeIgniter\Boot::runCodeIgniter(Object(CodeIgniter\CodeIgniter))
 6 FCPATH\index.php(59): CodeIgniter\Boot::bootWeb(Object(Config\Paths))
 7 SYSTEMPATH\rewrite.php(44): require_once('C:\\laragon\\data\\kainkita\\public\\index.php')
WARNING - 2026-05-17 08:35:42 --> [DEPRECATED] Creation of dynamic property Modul\Carts\Controllers\Carts::$db is deprecated in APPPATH\Controllers\BaseController.php on line 50.
 1 SYSTEMPATH\CodeIgniter.php(922): App\Controllers\BaseController->initController(Object(CodeIgniter\HTTP\IncomingRequest), Object(CodeIgniter\HTTP\Response), Object(CodeIgniter\Log\Logger))
 2 SYSTEMPATH\CodeIgniter.php(488): CodeIgniter\CodeIgniter->createController()
 3 SYSTEMPATH\CodeIgniter.php(340): CodeIgniter\CodeIgniter->handleRequest(null, Object(Config\Cache), false)
 4 SYSTEMPATH\Boot.php(417): CodeIgniter\CodeIgniter->run()
 5 SYSTEMPATH\Boot.php(68): CodeIgniter\Boot::runCodeIgniter(Object(CodeIgniter\CodeIgniter))
 6 FCPATH\index.php(59): CodeIgniter\Boot::bootWeb(Object(Config\Paths))
 7 SYSTEMPATH\rewrite.php(44): require_once('C:\\laragon\\data\\kainkita\\public\\index.php')
WARNING - 2026-05-17 08:35:42 --> [DEPRECATED] Creation of dynamic property Modul\Carts\Controllers\Carts::$uri is deprecated in APPPATH\Controllers\BaseController.php on line 51.
 1 SYSTEMPATH\CodeIgniter.php(922): App\Controllers\BaseController->initController(Object(CodeIgniter\HTTP\IncomingRequest), Object(CodeIgniter\HTTP\Response), Object(CodeIgniter\Log\Logger))
 2 SYSTEMPATH\CodeIgniter.php(488): CodeIgniter\CodeIgniter->createController()
 3 SYSTEMPATH\CodeIgniter.php(340): CodeIgniter\CodeIgniter->handleRequest(null, Object(Config\Cache), false)
 4 SYSTEMPATH\Boot.php(417): CodeIgniter\CodeIgniter->run()
 5 SYSTEMPATH\Boot.php(68): CodeIgniter\Boot::runCodeIgniter(Object(CodeIgniter\CodeIgniter))
 6 FCPATH\index.php(59): CodeIgniter\Boot::bootWeb(Object(Config\Paths))
 7 SYSTEMPATH\rewrite.php(44): require_once('C:\\laragon\\data\\kainkita\\public\\index.php')
WARNING - 2026-05-17 08:35:42 --> [DEPRECATED] Creation of dynamic property Modul\Carts\Controllers\Carts::$pager is deprecated in APPPATH\Controllers\BaseController.php on line 52.
 1 SYSTEMPATH\CodeIgniter.php(922): App\Controllers\BaseController->initController(Object(CodeIgniter\HTTP\IncomingRequest), Object(CodeIgniter\HTTP\Response), Object(CodeIgniter\Log\Logger))
 2 SYSTEMPATH\CodeIgniter.php(488): CodeIgniter\CodeIgniter->createController()
 3 SYSTEMPATH\CodeIgniter.php(340): CodeIgniter\CodeIgniter->handleRequest(null, Object(Config\Cache), false)
 4 SYSTEMPATH\Boot.php(417): CodeIgniter\CodeIgniter->run()
 5 SYSTEMPATH\Boot.php(68): CodeIgniter\Boot::runCodeIgniter(Object(CodeIgniter\CodeIgniter))
 6 FCPATH\index.php(59): CodeIgniter\Boot::bootWeb(Object(Config\Paths))
 7 SYSTEMPATH\rewrite.php(44): require_once('C:\\laragon\\data\\kainkita\\public\\index.php')
DEBUG - 2026-05-17 08:39:43 --> Session: Class initialized using 'CodeIgniter\Session\Handlers\FileHandler' driver.
WARNING - 2026-05-17 08:39:43 --> [DEPRECATED] Creation of dynamic property Modul\Katalog\Controllers\Katalog::$session is deprecated in APPPATH\Controllers\BaseController.php on line 47.
 1 SYSTEMPATH\CodeIgniter.php(922): App\Controllers\BaseController->initController(Object(CodeIgniter\HTTP\IncomingRequest), Object(CodeIgniter\HTTP\Response), Object(CodeIgniter\Log\Logger))
 2 SYSTEMPATH\CodeIgniter.php(488): CodeIgniter\CodeIgniter->createController()
 3 SYSTEMPATH\CodeIgniter.php(340): CodeIgniter\CodeIgniter->handleRequest(null, Object(Config\Cache), false)
 4 SYSTEMPATH\Boot.php(417): CodeIgniter\CodeIgniter->run()
 5 SYSTEMPATH\Boot.php(68): CodeIgniter\Boot::runCodeIgniter(Object(CodeIgniter\CodeIgniter))
 6 FCPATH\index.php(59): CodeIgniter\Boot::bootWeb(Object(Config\Paths))
 7 SYSTEMPATH\rewrite.php(44): require_once('C:\\laragon\\data\\kainkita\\public\\index.php')
WARNING - 2026-05-17 08:39:43 --> [DEPRECATED] Creation of dynamic property Modul\Katalog\Controllers\Katalog::$validation is deprecated in APPPATH\Controllers\BaseController.php on line 48.
 1 SYSTEMPATH\CodeIgniter.php(922): App\Controllers\BaseController->initController(Object(CodeIgniter\HTTP\IncomingRequest), Object(CodeIgniter\HTTP\Response), Object(CodeIgniter\Log\Logger))
 2 SYSTEMPATH\CodeIgniter.php(488): CodeIgniter\CodeIgniter->createController()
 3 SYSTEMPATH\CodeIgniter.php(340): CodeIgniter\CodeIgniter->handleRequest(null, Object(Config\Cache), false)
 4 SYSTEMPATH\Boot.php(417): CodeIgniter\CodeIgniter->run()
 5 SYSTEMPATH\Boot.php(68): CodeIgniter\Boot::runCodeIgniter(Object(CodeIgniter\CodeIgniter))
 6 FCPATH\index.php(59): CodeIgniter\Boot::bootWeb(Object(Config\Paths))
 7 SYSTEMPATH\rewrite.php(44): require_once('C:\\laragon\\data\\kainkita\\public\\index.php')
WARNING - 2026-05-17 08:39:43 --> [DEPRECATED] Creation of dynamic property Modul\Katalog\Controllers\Katalog::$db is deprecated in APPPATH\Controllers\BaseController.php on line 50.
 1 SYSTEMPATH\CodeIgniter.php(922): App\Controllers\BaseController->initController(Object(CodeIgniter\HTTP\IncomingRequest), Object(CodeIgniter\HTTP\Response), Object(CodeIgniter\Log\Logger))
 2 SYSTEMPATH\CodeIgniter.php(488): CodeIgniter\CodeIgniter->createController()
 3 SYSTEMPATH\CodeIgniter.php(340): CodeIgniter\CodeIgniter->handleRequest(null, Object(Config\Cache), false)
 4 SYSTEMPATH\Boot.php(417): CodeIgniter\CodeIgniter->run()
 5 SYSTEMPATH\Boot.php(68): CodeIgniter\Boot::runCodeIgniter(Object(CodeIgniter\CodeIgniter))
 6 FCPATH\index.php(59): CodeIgniter\Boot::bootWeb(Object(Config\Paths))
 7 SYSTEMPATH\rewrite.php(44): require_once('C:\\laragon\\data\\kainkita\\public\\index.php')
WARNING - 2026-05-17 08:39:43 --> [DEPRECATED] Creation of dynamic property Modul\Katalog\Controllers\Katalog::$uri is deprecated in APPPATH\Controllers\BaseController.php on line 51.
 1 SYSTEMPATH\CodeIgniter.php(922): App\Controllers\BaseController->initController(Object(CodeIgniter\HTTP\IncomingRequest), Object(CodeIgniter\HTTP\Response), Object(CodeIgniter\Log\Logger))
 2 SYSTEMPATH\CodeIgniter.php(488): CodeIgniter\CodeIgniter->createController()
 3 SYSTEMPATH\CodeIgniter.php(340): CodeIgniter\CodeIgniter->handleRequest(null, Object(Config\Cache), false)
 4 SYSTEMPATH\Boot.php(417): CodeIgniter\CodeIgniter->run()
 5 SYSTEMPATH\Boot.php(68): CodeIgniter\Boot::runCodeIgniter(Object(CodeIgniter\CodeIgniter))
 6 FCPATH\index.php(59): CodeIgniter\Boot::bootWeb(Object(Config\Paths))
 7 SYSTEMPATH\rewrite.php(44): require_once('C:\\laragon\\data\\kainkita\\public\\index.php')
WARNING - 2026-05-17 08:39:43 --> [DEPRECATED] Creation of dynamic property Modul\Katalog\Controllers\Katalog::$pager is deprecated in APPPATH\Controllers\BaseController.php on line 52.
 1 SYSTEMPATH\CodeIgniter.php(922): App\Controllers\BaseController->initController(Object(CodeIgniter\HTTP\IncomingRequest), Object(CodeIgniter\HTTP\Response), Object(CodeIgniter\Log\Logger))
 2 SYSTEMPATH\CodeIgniter.php(488): CodeIgniter\CodeIgniter->createController()
 3 SYSTEMPATH\CodeIgniter.php(340): CodeIgniter\CodeIgniter->handleRequest(null, Object(Config\Cache), false)
 4 SYSTEMPATH\Boot.php(417): CodeIgniter\CodeIgniter->run()
 5 SYSTEMPATH\Boot.php(68): CodeIgniter\Boot::runCodeIgniter(Object(CodeIgniter\CodeIgniter))
 6 FCPATH\index.php(59): CodeIgniter\Boot::bootWeb(Object(Config\Paths))
 7 SYSTEMPATH\rewrite.php(44): require_once('C:\\laragon\\data\\kainkita\\public\\index.php')
WARNING - 2026-05-17 08:39:43 --> [DEPRECATED] Creation of dynamic property CodeIgniter\View\View::$db is deprecated in APPPATH\Views\layout\template.php on line 4.
 1 SYSTEMPATH\View\View.php(238): include('C:\\laragon\\data\\kainkita\\app\\Views\\layout\\template.php')
 2 SYSTEMPATH\View\View.php(241): CodeIgniter\View\View->CodeIgniter\View\{closure}()
 3 SYSTEMPATH\View\View.php(254): CodeIgniter\View\View->render('layout/template', [], true)
 4 SYSTEMPATH\Common.php(1250): CodeIgniter\View\View->render('Modul\\Katalog\\Views\\viewKatalog', [], true)
 5 ROOTPATH\modul\Katalog\Controllers\Katalog.php(64): view('Modul\\Katalog\\Views\\viewKatalog', [...])
 6 SYSTEMPATH\CodeIgniter.php(951): Modul\Katalog\Controllers\Katalog->index()
 7 SYSTEMPATH\CodeIgniter.php(497): CodeIgniter\CodeIgniter->runController(Object(Modul\Katalog\Controllers\Katalog))
 8 SYSTEMPATH\CodeIgniter.php(340): CodeIgniter\CodeIgniter->handleRequest(null, Object(Config\Cache), false)
 9 SYSTEMPATH\Boot.php(417): CodeIgniter\CodeIgniter->run()
10 SYSTEMPATH\Boot.php(68): CodeIgniter\Boot::runCodeIgniter(Object(CodeIgniter\CodeIgniter))
11 FCPATH\index.php(59): CodeIgniter\Boot::bootWeb(Object(Config\Paths))
12 SYSTEMPATH\rewrite.php(44): require_once('C:\\laragon\\data\\kainkita\\public\\index.php')
DEBUG - 2026-05-17 08:39:44 --> Session: Class initialized using 'CodeIgniter\Session\Handlers\FileHandler' driver.
WARNING - 2026-05-17 08:39:44 --> [DEPRECATED] Creation of dynamic property Modul\Carts\Controllers\Carts::$session is deprecated in APPPATH\Controllers\BaseController.php on line 47.
 1 SYSTEMPATH\CodeIgniter.php(922): App\Controllers\BaseController->initController(Object(CodeIgniter\HTTP\IncomingRequest), Object(CodeIgniter\HTTP\Response), Object(CodeIgniter\Log\Logger))
 2 SYSTEMPATH\CodeIgniter.php(488): CodeIgniter\CodeIgniter->createController()
 3 SYSTEMPATH\CodeIgniter.php(340): CodeIgniter\CodeIgniter->handleRequest(null, Object(Config\Cache), false)
 4 SYSTEMPATH\Boot.php(417): CodeIgniter\CodeIgniter->run()
 5 SYSTEMPATH\Boot.php(68): CodeIgniter\Boot::runCodeIgniter(Object(CodeIgniter\CodeIgniter))
 6 FCPATH\index.php(59): CodeIgniter\Boot::bootWeb(Object(Config\Paths))
 7 SYSTEMPATH\rewrite.php(44): require_once('C:\\laragon\\data\\kainkita\\public\\index.php')
WARNING - 2026-05-17 08:39:44 --> [DEPRECATED] Creation of dynamic property Modul\Carts\Controllers\Carts::$validation is deprecated in APPPATH\Controllers\BaseController.php on line 48.
 1 SYSTEMPATH\CodeIgniter.php(922): App\Controllers\BaseController->initController(Object(CodeIgniter\HTTP\IncomingRequest), Object(CodeIgniter\HTTP\Response), Object(CodeIgniter\Log\Logger))
 2 SYSTEMPATH\CodeIgniter.php(488): CodeIgniter\CodeIgniter->createController()
 3 SYSTEMPATH\CodeIgniter.php(340): CodeIgniter\CodeIgniter->handleRequest(null, Object(Config\Cache), false)
 4 SYSTEMPATH\Boot.php(417): CodeIgniter\CodeIgniter->run()
 5 SYSTEMPATH\Boot.php(68): CodeIgniter\Boot::runCodeIgniter(Object(CodeIgniter\CodeIgniter))
 6 FCPATH\index.php(59): CodeIgniter\Boot::bootWeb(Object(Config\Paths))
 7 SYSTEMPATH\rewrite.php(44): require_once('C:\\laragon\\data\\kainkita\\public\\index.php')
WARNING - 2026-05-17 08:39:44 --> [DEPRECATED] Creation of dynamic property Modul\Carts\Controllers\Carts::$db is deprecated in APPPATH\Controllers\BaseController.php on line 50.
 1 SYSTEMPATH\CodeIgniter.php(922): App\Controllers\BaseController->initController(Object(CodeIgniter\HTTP\IncomingRequest), Object(CodeIgniter\HTTP\Response), Object(CodeIgniter\Log\Logger))
 2 SYSTEMPATH\CodeIgniter.php(488): CodeIgniter\CodeIgniter->createController()
 3 SYSTEMPATH\CodeIgniter.php(340): CodeIgniter\CodeIgniter->handleRequest(null, Object(Config\Cache), false)
 4 SYSTEMPATH\Boot.php(417): CodeIgniter\CodeIgniter->run()
 5 SYSTEMPATH\Boot.php(68): CodeIgniter\Boot::runCodeIgniter(Object(CodeIgniter\CodeIgniter))
 6 FCPATH\index.php(59): CodeIgniter\Boot::bootWeb(Object(Config\Paths))
 7 SYSTEMPATH\rewrite.php(44): require_once('C:\\laragon\\data\\kainkita\\public\\index.php')
WARNING - 2026-05-17 08:39:44 --> [DEPRECATED] Creation of dynamic property Modul\Carts\Controllers\Carts::$uri is deprecated in APPPATH\Controllers\BaseController.php on line 51.
 1 SYSTEMPATH\CodeIgniter.php(922): App\Controllers\BaseController->initController(Object(CodeIgniter\HTTP\IncomingRequest), Object(CodeIgniter\HTTP\Response), Object(CodeIgniter\Log\Logger))
 2 SYSTEMPATH\CodeIgniter.php(488): CodeIgniter\CodeIgniter->createController()
 3 SYSTEMPATH\CodeIgniter.php(340): CodeIgniter\CodeIgniter->handleRequest(null, Object(Config\Cache), false)
 4 SYSTEMPATH\Boot.php(417): CodeIgniter\CodeIgniter->run()
 5 SYSTEMPATH\Boot.php(68): CodeIgniter\Boot::runCodeIgniter(Object(CodeIgniter\CodeIgniter))
 6 FCPATH\index.php(59): CodeIgniter\Boot::bootWeb(Object(Config\Paths))
 7 SYSTEMPATH\rewrite.php(44): require_once('C:\\laragon\\data\\kainkita\\public\\index.php')
WARNING - 2026-05-17 08:39:44 --> [DEPRECATED] Creation of dynamic property Modul\Carts\Controllers\Carts::$pager is deprecated in APPPATH\Controllers\BaseController.php on line 52.
 1 SYSTEMPATH\CodeIgniter.php(922): App\Controllers\BaseController->initController(Object(CodeIgniter\HTTP\IncomingRequest), Object(CodeIgniter\HTTP\Response), Object(CodeIgniter\Log\Logger))
 2 SYSTEMPATH\CodeIgniter.php(488): CodeIgniter\CodeIgniter->createController()
 3 SYSTEMPATH\CodeIgniter.php(340): CodeIgniter\CodeIgniter->handleRequest(null, Object(Config\Cache), false)
 4 SYSTEMPATH\Boot.php(417): CodeIgniter\CodeIgniter->run()
 5 SYSTEMPATH\Boot.php(68): CodeIgniter\Boot::runCodeIgniter(Object(CodeIgniter\CodeIgniter))
 6 FCPATH\index.php(59): CodeIgniter\Boot::bootWeb(Object(Config\Paths))
 7 SYSTEMPATH\rewrite.php(44): require_once('C:\\laragon\\data\\kainkita\\public\\index.php')
DEBUG - 2026-05-17 08:39:46 --> Session: Class initialized using 'CodeIgniter\Session\Handlers\FileHandler' driver.
WARNING - 2026-05-17 08:39:46 --> [DEPRECATED] Creation of dynamic property Modul\Wishlists\Controllers\Wishlists::$wishlist is deprecated in ROOTPATH\modul\Wishlists\Controllers\Wishlists.php on line 13.
 1 SYSTEMPATH\CodeIgniter.php(921): Modul\Wishlists\Controllers\Wishlists->__construct()
 2 SYSTEMPATH\CodeIgniter.php(488): CodeIgniter\CodeIgniter->createController()
 3 SYSTEMPATH\CodeIgniter.php(340): CodeIgniter\CodeIgniter->handleRequest(null, Object(Config\Cache), false)
 4 SYSTEMPATH\Boot.php(417): CodeIgniter\CodeIgniter->run()
 5 SYSTEMPATH\Boot.php(68): CodeIgniter\Boot::runCodeIgniter(Object(CodeIgniter\CodeIgniter))
 6 FCPATH\index.php(59): CodeIgniter\Boot::bootWeb(Object(Config\Paths))
 7 SYSTEMPATH\rewrite.php(44): require_once('C:\\laragon\\data\\kainkita\\public\\index.php')
WARNING - 2026-05-17 08:39:46 --> [DEPRECATED] Creation of dynamic property Modul\Wishlists\Controllers\Wishlists::$customers is deprecated in ROOTPATH\modul\Wishlists\Controllers\Wishlists.php on line 14.
 1 SYSTEMPATH\CodeIgniter.php(921): Modul\Wishlists\Controllers\Wishlists->__construct()
 2 SYSTEMPATH\CodeIgniter.php(488): CodeIgniter\CodeIgniter->createController()
 3 SYSTEMPATH\CodeIgniter.php(340): CodeIgniter\CodeIgniter->handleRequest(null, Object(Config\Cache), false)
 4 SYSTEMPATH\Boot.php(417): CodeIgniter\CodeIgniter->run()
 5 SYSTEMPATH\Boot.php(68): CodeIgniter\Boot::runCodeIgniter(Object(CodeIgniter\CodeIgniter))
 6 FCPATH\index.php(59): CodeIgniter\Boot::bootWeb(Object(Config\Paths))
 7 SYSTEMPATH\rewrite.php(44): require_once('C:\\laragon\\data\\kainkita\\public\\index.php')
WARNING - 2026-05-17 08:39:46 --> [DEPRECATED] Creation of dynamic property Modul\Wishlists\Controllers\Wishlists::$session is deprecated in APPPATH\Controllers\BaseController.php on line 47.
 1 SYSTEMPATH\CodeIgniter.php(922): App\Controllers\BaseController->initController(Object(CodeIgniter\HTTP\IncomingRequest), Object(CodeIgniter\HTTP\Response), Object(CodeIgniter\Log\Logger))
 2 SYSTEMPATH\CodeIgniter.php(488): CodeIgniter\CodeIgniter->createController()
 3 SYSTEMPATH\CodeIgniter.php(340): CodeIgniter\CodeIgniter->handleRequest(null, Object(Config\Cache), false)
 4 SYSTEMPATH\Boot.php(417): CodeIgniter\CodeIgniter->run()
 5 SYSTEMPATH\Boot.php(68): CodeIgniter\Boot::runCodeIgniter(Object(CodeIgniter\CodeIgniter))
 6 FCPATH\index.php(59): CodeIgniter\Boot::bootWeb(Object(Config\Paths))
 7 SYSTEMPATH\rewrite.php(44): require_once('C:\\laragon\\data\\kainkita\\public\\index.php')
WARNING - 2026-05-17 08:39:46 --> [DEPRECATED] Creation of dynamic property Modul\Wishlists\Controllers\Wishlists::$validation is deprecated in APPPATH\Controllers\BaseController.php on line 48.
 1 SYSTEMPATH\CodeIgniter.php(922): App\Controllers\BaseController->initController(Object(CodeIgniter\HTTP\IncomingRequest), Object(CodeIgniter\HTTP\Response), Object(CodeIgniter\Log\Logger))
 2 SYSTEMPATH\CodeIgniter.php(488): CodeIgniter\CodeIgniter->createController()
 3 SYSTEMPATH\CodeIgniter.php(340): CodeIgniter\CodeIgniter->handleRequest(null, Object(Config\Cache), false)
 4 SYSTEMPATH\Boot.php(417): CodeIgniter\CodeIgniter->run()
 5 SYSTEMPATH\Boot.php(68): CodeIgniter\Boot::runCodeIgniter(Object(CodeIgniter\CodeIgniter))
 6 FCPATH\index.php(59): CodeIgniter\Boot::bootWeb(Object(Config\Paths))
 7 SYSTEMPATH\rewrite.php(44): require_once('C:\\laragon\\data\\kainkita\\public\\index.php')
WARNING - 2026-05-17 08:39:46 --> [DEPRECATED] Creation of dynamic property Modul\Wishlists\Controllers\Wishlists::$db is deprecated in APPPATH\Controllers\BaseController.php on line 50.
 1 SYSTEMPATH\CodeIgniter.php(922): App\Controllers\BaseController->initController(Object(CodeIgniter\HTTP\IncomingRequest), Object(CodeIgniter\HTTP\Response), Object(CodeIgniter\Log\Logger))
 2 SYSTEMPATH\CodeIgniter.php(488): CodeIgniter\CodeIgniter->createController()
 3 SYSTEMPATH\CodeIgniter.php(340): CodeIgniter\CodeIgniter->handleRequest(null, Object(Config\Cache), false)
 4 SYSTEMPATH\Boot.php(417): CodeIgniter\CodeIgniter->run()
 5 SYSTEMPATH\Boot.php(68): CodeIgniter\Boot::runCodeIgniter(Object(CodeIgniter\CodeIgniter))
 6 FCPATH\index.php(59): CodeIgniter\Boot::bootWeb(Object(Config\Paths))
 7 SYSTEMPATH\rewrite.php(44): require_once('C:\\laragon\\data\\kainkita\\public\\index.php')
WARNING - 2026-05-17 08:39:46 --> [DEPRECATED] Creation of dynamic property Modul\Wishlists\Controllers\Wishlists::$uri is deprecated in APPPATH\Controllers\BaseController.php on line 51.
 1 SYSTEMPATH\CodeIgniter.php(922): App\Controllers\BaseController->initController(Object(CodeIgniter\HTTP\IncomingRequest), Object(CodeIgniter\HTTP\Response), Object(CodeIgniter\Log\Logger))
 2 SYSTEMPATH\CodeIgniter.php(488): CodeIgniter\CodeIgniter->createController()
 3 SYSTEMPATH\CodeIgniter.php(340): CodeIgniter\CodeIgniter->handleRequest(null, Object(Config\Cache), false)
 4 SYSTEMPATH\Boot.php(417): CodeIgniter\CodeIgniter->run()
 5 SYSTEMPATH\Boot.php(68): CodeIgniter\Boot::runCodeIgniter(Object(CodeIgniter\CodeIgniter))
 6 FCPATH\index.php(59): CodeIgniter\Boot::bootWeb(Object(Config\Paths))
 7 SYSTEMPATH\rewrite.php(44): require_once('C:\\laragon\\data\\kainkita\\public\\index.php')
WARNING - 2026-05-17 08:39:46 --> [DEPRECATED] Creation of dynamic property Modul\Wishlists\Controllers\Wishlists::$pager is deprecated in APPPATH\Controllers\BaseController.php on line 52.
 1 SYSTEMPATH\CodeIgniter.php(922): App\Controllers\BaseController->initController(Object(CodeIgniter\HTTP\IncomingRequest), Object(CodeIgniter\HTTP\Response), Object(CodeIgniter\Log\Logger))
 2 SYSTEMPATH\CodeIgniter.php(488): CodeIgniter\CodeIgniter->createController()
 3 SYSTEMPATH\CodeIgniter.php(340): CodeIgniter\CodeIgniter->handleRequest(null, Object(Config\Cache), false)
 4 SYSTEMPATH\Boot.php(417): CodeIgniter\CodeIgniter->run()
 5 SYSTEMPATH\Boot.php(68): CodeIgniter\Boot::runCodeIgniter(Object(CodeIgniter\CodeIgniter))
 6 FCPATH\index.php(59): CodeIgniter\Boot::bootWeb(Object(Config\Paths))
 7 SYSTEMPATH\rewrite.php(44): require_once('C:\\laragon\\data\\kainkita\\public\\index.php')
DEBUG - 2026-05-17 08:39:48 --> Session: Class initialized using 'CodeIgniter\Session\Handlers\FileHandler' driver.
WARNING - 2026-05-17 08:39:48 --> [DEPRECATED] Creation of dynamic property Modul\Wishlists\Controllers\Wishlists::$wishlist is deprecated in ROOTPATH\modul\Wishlists\Controllers\Wishlists.php on line 13.
 1 SYSTEMPATH\CodeIgniter.php(921): Modul\Wishlists\Controllers\Wishlists->__construct()
 2 SYSTEMPATH\CodeIgniter.php(488): CodeIgniter\CodeIgniter->createController()
 3 SYSTEMPATH\CodeIgniter.php(340): CodeIgniter\CodeIgniter->handleRequest(null, Object(Config\Cache), false)
 4 SYSTEMPATH\Boot.php(417): CodeIgniter\CodeIgniter->run()
 5 SYSTEMPATH\Boot.php(68): CodeIgniter\Boot::runCodeIgniter(Object(CodeIgniter\CodeIgniter))
 6 FCPATH\index.php(59): CodeIgniter\Boot::bootWeb(Object(Config\Paths))
 7 SYSTEMPATH\rewrite.php(44): require_once('C:\\laragon\\data\\kainkita\\public\\index.php')
WARNING - 2026-05-17 08:39:48 --> [DEPRECATED] Creation of dynamic property Modul\Wishlists\Controllers\Wishlists::$customers is deprecated in ROOTPATH\modul\Wishlists\Controllers\Wishlists.php on line 14.
 1 SYSTEMPATH\CodeIgniter.php(921): Modul\Wishlists\Controllers\Wishlists->__construct()
 2 SYSTEMPATH\CodeIgniter.php(488): CodeIgniter\CodeIgniter->createController()
 3 SYSTEMPATH\CodeIgniter.php(340): CodeIgniter\CodeIgniter->handleRequest(null, Object(Config\Cache), false)
 4 SYSTEMPATH\Boot.php(417): CodeIgniter\CodeIgniter->run()
 5 SYSTEMPATH\Boot.php(68): CodeIgniter\Boot::runCodeIgniter(Object(CodeIgniter\CodeIgniter))
 6 FCPATH\index.php(59): CodeIgniter\Boot::bootWeb(Object(Config\Paths))
 7 SYSTEMPATH\rewrite.php(44): require_once('C:\\laragon\\data\\kainkita\\public\\index.php')
WARNING - 2026-05-17 08:39:48 --> [DEPRECATED] Creation of dynamic property Modul\Wishlists\Controllers\Wishlists::$session is deprecated in APPPATH\Controllers\BaseController.php on line 47.
 1 SYSTEMPATH\CodeIgniter.php(922): App\Controllers\BaseController->initController(Object(CodeIgniter\HTTP\IncomingRequest), Object(CodeIgniter\HTTP\Response), Object(CodeIgniter\Log\Logger))
 2 SYSTEMPATH\CodeIgniter.php(488): CodeIgniter\CodeIgniter->createController()
 3 SYSTEMPATH\CodeIgniter.php(340): CodeIgniter\CodeIgniter->handleRequest(null, Object(Config\Cache), false)
 4 SYSTEMPATH\Boot.php(417): CodeIgniter\CodeIgniter->run()
 5 SYSTEMPATH\Boot.php(68): CodeIgniter\Boot::runCodeIgniter(Object(CodeIgniter\CodeIgniter))
 6 FCPATH\index.php(59): CodeIgniter\Boot::bootWeb(Object(Config\Paths))
 7 SYSTEMPATH\rewrite.php(44): require_once('C:\\laragon\\data\\kainkita\\public\\index.php')
WARNING - 2026-05-17 08:39:48 --> [DEPRECATED] Creation of dynamic property Modul\Wishlists\Controllers\Wishlists::$validation is deprecated in APPPATH\Controllers\BaseController.php on line 48.
 1 SYSTEMPATH\CodeIgniter.php(922): App\Controllers\BaseController->initController(Object(CodeIgniter\HTTP\IncomingRequest), Object(CodeIgniter\HTTP\Response), Object(CodeIgniter\Log\Logger))
 2 SYSTEMPATH\CodeIgniter.php(488): CodeIgniter\CodeIgniter->createController()
 3 SYSTEMPATH\CodeIgniter.php(340): CodeIgniter\CodeIgniter->handleRequest(null, Object(Config\Cache), false)
 4 SYSTEMPATH\Boot.php(417): CodeIgniter\CodeIgniter->run()
 5 SYSTEMPATH\Boot.php(68): CodeIgniter\Boot::runCodeIgniter(Object(CodeIgniter\CodeIgniter))
 6 FCPATH\index.php(59): CodeIgniter\Boot::bootWeb(Object(Config\Paths))
 7 SYSTEMPATH\rewrite.php(44): require_once('C:\\laragon\\data\\kainkita\\public\\index.php')
WARNING - 2026-05-17 08:39:49 --> [DEPRECATED] Creation of dynamic property Modul\Wishlists\Controllers\Wishlists::$db is deprecated in APPPATH\Controllers\BaseController.php on line 50.
 1 SYSTEMPATH\CodeIgniter.php(922): App\Controllers\BaseController->initController(Object(CodeIgniter\HTTP\IncomingRequest), Object(CodeIgniter\HTTP\Response), Object(CodeIgniter\Log\Logger))
 2 SYSTEMPATH\CodeIgniter.php(488): CodeIgniter\CodeIgniter->createController()
 3 SYSTEMPATH\CodeIgniter.php(340): CodeIgniter\CodeIgniter->handleRequest(null, Object(Config\Cache), false)
 4 SYSTEMPATH\Boot.php(417): CodeIgniter\CodeIgniter->run()
 5 SYSTEMPATH\Boot.php(68): CodeIgniter\Boot::runCodeIgniter(Object(CodeIgniter\CodeIgniter))
 6 FCPATH\index.php(59): CodeIgniter\Boot::bootWeb(Object(Config\Paths))
 7 SYSTEMPATH\rewrite.php(44): require_once('C:\\laragon\\data\\kainkita\\public\\index.php')
WARNING - 2026-05-17 08:39:49 --> [DEPRECATED] Creation of dynamic property Modul\Wishlists\Controllers\Wishlists::$uri is deprecated in APPPATH\Controllers\BaseController.php on line 51.
 1 SYSTEMPATH\CodeIgniter.php(922): App\Controllers\BaseController->initController(Object(CodeIgniter\HTTP\IncomingRequest), Object(CodeIgniter\HTTP\Response), Object(CodeIgniter\Log\Logger))
 2 SYSTEMPATH\CodeIgniter.php(488): CodeIgniter\CodeIgniter->createController()
 3 SYSTEMPATH\CodeIgniter.php(340): CodeIgniter\CodeIgniter->handleRequest(null, Object(Config\Cache), false)
 4 SYSTEMPATH\Boot.php(417): CodeIgniter\CodeIgniter->run()
 5 SYSTEMPATH\Boot.php(68): CodeIgniter\Boot::runCodeIgniter(Object(CodeIgniter\CodeIgniter))
 6 FCPATH\index.php(59): CodeIgniter\Boot::bootWeb(Object(Config\Paths))
 7 SYSTEMPATH\rewrite.php(44): require_once('C:\\laragon\\data\\kainkita\\public\\index.php')
WARNING - 2026-05-17 08:39:49 --> [DEPRECATED] Creation of dynamic property Modul\Wishlists\Controllers\Wishlists::$pager is deprecated in APPPATH\Controllers\BaseController.php on line 52.
 1 SYSTEMPATH\CodeIgniter.php(922): App\Controllers\BaseController->initController(Object(CodeIgniter\HTTP\IncomingRequest), Object(CodeIgniter\HTTP\Response), Object(CodeIgniter\Log\Logger))
 2 SYSTEMPATH\CodeIgniter.php(488): CodeIgniter\CodeIgniter->createController()
 3 SYSTEMPATH\CodeIgniter.php(340): CodeIgniter\CodeIgniter->handleRequest(null, Object(Config\Cache), false)
 4 SYSTEMPATH\Boot.php(417): CodeIgniter\CodeIgniter->run()
 5 SYSTEMPATH\Boot.php(68): CodeIgniter\Boot::runCodeIgniter(Object(CodeIgniter\CodeIgniter))
 6 FCPATH\index.php(59): CodeIgniter\Boot::bootWeb(Object(Config\Paths))
 7 SYSTEMPATH\rewrite.php(44): require_once('C:\\laragon\\data\\kainkita\\public\\index.php')
DEBUG - 2026-05-17 08:42:35 --> Session: Class initialized using 'CodeIgniter\Session\Handlers\FileHandler' driver.
WARNING - 2026-05-17 08:42:35 --> [DEPRECATED] Creation of dynamic property Modul\Katalog\Controllers\Katalog::$session is deprecated in APPPATH\Controllers\BaseController.php on line 47.
 1 SYSTEMPATH\CodeIgniter.php(922): App\Controllers\BaseController->initController(Object(CodeIgniter\HTTP\IncomingRequest), Object(CodeIgniter\HTTP\Response), Object(CodeIgniter\Log\Logger))
 2 SYSTEMPATH\CodeIgniter.php(488): CodeIgniter\CodeIgniter->createController()
 3 SYSTEMPATH\CodeIgniter.php(340): CodeIgniter\CodeIgniter->handleRequest(null, Object(Config\Cache), false)
 4 SYSTEMPATH\Boot.php(417): CodeIgniter\CodeIgniter->run()
 5 SYSTEMPATH\Boot.php(68): CodeIgniter\Boot::runCodeIgniter(Object(CodeIgniter\CodeIgniter))
 6 FCPATH\index.php(59): CodeIgniter\Boot::bootWeb(Object(Config\Paths))
 7 SYSTEMPATH\rewrite.php(44): require_once('C:\\laragon\\data\\kainkita\\public\\index.php')
WARNING - 2026-05-17 08:42:35 --> [DEPRECATED] Creation of dynamic property Modul\Katalog\Controllers\Katalog::$validation is deprecated in APPPATH\Controllers\BaseController.php on line 48.
 1 SYSTEMPATH\CodeIgniter.php(922): App\Controllers\BaseController->initController(Object(CodeIgniter\HTTP\IncomingRequest), Object(CodeIgniter\HTTP\Response), Object(CodeIgniter\Log\Logger))
 2 SYSTEMPATH\CodeIgniter.php(488): CodeIgniter\CodeIgniter->createController()
 3 SYSTEMPATH\CodeIgniter.php(340): CodeIgniter\CodeIgniter->handleRequest(null, Object(Config\Cache), false)
 4 SYSTEMPATH\Boot.php(417): CodeIgniter\CodeIgniter->run()
 5 SYSTEMPATH\Boot.php(68): CodeIgniter\Boot::runCodeIgniter(Object(CodeIgniter\CodeIgniter))
 6 FCPATH\index.php(59): CodeIgniter\Boot::bootWeb(Object(Config\Paths))
 7 SYSTEMPATH\rewrite.php(44): require_once('C:\\laragon\\data\\kainkita\\public\\index.php')
WARNING - 2026-05-17 08:42:35 --> [DEPRECATED] Creation of dynamic property Modul\Katalog\Controllers\Katalog::$db is deprecated in APPPATH\Controllers\BaseController.php on line 50.
 1 SYSTEMPATH\CodeIgniter.php(922): App\Controllers\BaseController->initController(Object(CodeIgniter\HTTP\IncomingRequest), Object(CodeIgniter\HTTP\Response), Object(CodeIgniter\Log\Logger))
 2 SYSTEMPATH\CodeIgniter.php(488): CodeIgniter\CodeIgniter->createController()
 3 SYSTEMPATH\CodeIgniter.php(340): CodeIgniter\CodeIgniter->handleRequest(null, Object(Config\Cache), false)
 4 SYSTEMPATH\Boot.php(417): CodeIgniter\CodeIgniter->run()
 5 SYSTEMPATH\Boot.php(68): CodeIgniter\Boot::runCodeIgniter(Object(CodeIgniter\CodeIgniter))
 6 FCPATH\index.php(59): CodeIgniter\Boot::bootWeb(Object(Config\Paths))
 7 SYSTEMPATH\rewrite.php(44): require_once('C:\\laragon\\data\\kainkita\\public\\index.php')
WARNING - 2026-05-17 08:42:35 --> [DEPRECATED] Creation of dynamic property Modul\Katalog\Controllers\Katalog::$uri is deprecated in APPPATH\Controllers\BaseController.php on line 51.
 1 SYSTEMPATH\CodeIgniter.php(922): App\Controllers\BaseController->initController(Object(CodeIgniter\HTTP\IncomingRequest), Object(CodeIgniter\HTTP\Response), Object(CodeIgniter\Log\Logger))
 2 SYSTEMPATH\CodeIgniter.php(488): CodeIgniter\CodeIgniter->createController()
 3 SYSTEMPATH\CodeIgniter.php(340): CodeIgniter\CodeIgniter->handleRequest(null, Object(Config\Cache), false)
 4 SYSTEMPATH\Boot.php(417): CodeIgniter\CodeIgniter->run()
 5 SYSTEMPATH\Boot.php(68): CodeIgniter\Boot::runCodeIgniter(Object(CodeIgniter\CodeIgniter))
 6 FCPATH\index.php(59): CodeIgniter\Boot::bootWeb(Object(Config\Paths))
 7 SYSTEMPATH\rewrite.php(44): require_once('C:\\laragon\\data\\kainkita\\public\\index.php')
WARNING - 2026-05-17 08:42:35 --> [DEPRECATED] Creation of dynamic property Modul\Katalog\Controllers\Katalog::$pager is deprecated in APPPATH\Controllers\BaseController.php on line 52.
 1 SYSTEMPATH\CodeIgniter.php(922): App\Controllers\BaseController->initController(Object(CodeIgniter\HTTP\IncomingRequest), Object(CodeIgniter\HTTP\Response), Object(CodeIgniter\Log\Logger))
 2 SYSTEMPATH\CodeIgniter.php(488): CodeIgniter\CodeIgniter->createController()
 3 SYSTEMPATH\CodeIgniter.php(340): CodeIgniter\CodeIgniter->handleRequest(null, Object(Config\Cache), false)
 4 SYSTEMPATH\Boot.php(417): CodeIgniter\CodeIgniter->run()
 5 SYSTEMPATH\Boot.php(68): CodeIgniter\Boot::runCodeIgniter(Object(CodeIgniter\CodeIgniter))
 6 FCPATH\index.php(59): CodeIgniter\Boot::bootWeb(Object(Config\Paths))
 7 SYSTEMPATH\rewrite.php(44): require_once('C:\\laragon\\data\\kainkita\\public\\index.php')
WARNING - 2026-05-17 08:42:35 --> [DEPRECATED] Creation of dynamic property CodeIgniter\View\View::$db is deprecated in APPPATH\Views\layout\template.php on line 4.
 1 SYSTEMPATH\View\View.php(238): include('C:\\laragon\\data\\kainkita\\app\\Views\\layout\\template.php')
 2 SYSTEMPATH\View\View.php(241): CodeIgniter\View\View->CodeIgniter\View\{closure}()
 3 SYSTEMPATH\View\View.php(254): CodeIgniter\View\View->render('layout/template', [], true)
 4 SYSTEMPATH\Common.php(1250): CodeIgniter\View\View->render('Modul\\Katalog\\Views\\viewKatalog', [], true)
 5 ROOTPATH\modul\Katalog\Controllers\Katalog.php(64): view('Modul\\Katalog\\Views\\viewKatalog', [...])
 6 SYSTEMPATH\CodeIgniter.php(951): Modul\Katalog\Controllers\Katalog->index()
 7 SYSTEMPATH\CodeIgniter.php(497): CodeIgniter\CodeIgniter->runController(Object(Modul\Katalog\Controllers\Katalog))
 8 SYSTEMPATH\CodeIgniter.php(340): CodeIgniter\CodeIgniter->handleRequest(null, Object(Config\Cache), false)
 9 SYSTEMPATH\Boot.php(417): CodeIgniter\CodeIgniter->run()
10 SYSTEMPATH\Boot.php(68): CodeIgniter\Boot::runCodeIgniter(Object(CodeIgniter\CodeIgniter))
11 FCPATH\index.php(59): CodeIgniter\Boot::bootWeb(Object(Config\Paths))
12 SYSTEMPATH\rewrite.php(44): require_once('C:\\laragon\\data\\kainkita\\public\\index.php')
DEBUG - 2026-05-17 08:42:36 --> Session: Class initialized using 'CodeIgniter\Session\Handlers\FileHandler' driver.
WARNING - 2026-05-17 08:42:36 --> [DEPRECATED] Creation of dynamic property Modul\Carts\Controllers\Carts::$session is deprecated in APPPATH\Controllers\BaseController.php on line 47.
 1 SYSTEMPATH\CodeIgniter.php(922): App\Controllers\BaseController->initController(Object(CodeIgniter\HTTP\IncomingRequest), Object(CodeIgniter\HTTP\Response), Object(CodeIgniter\Log\Logger))
 2 SYSTEMPATH\CodeIgniter.php(488): CodeIgniter\CodeIgniter->createController()
 3 SYSTEMPATH\CodeIgniter.php(340): CodeIgniter\CodeIgniter->handleRequest(null, Object(Config\Cache), false)
 4 SYSTEMPATH\Boot.php(417): CodeIgniter\CodeIgniter->run()
 5 SYSTEMPATH\Boot.php(68): CodeIgniter\Boot::runCodeIgniter(Object(CodeIgniter\CodeIgniter))
 6 FCPATH\index.php(59): CodeIgniter\Boot::bootWeb(Object(Config\Paths))
 7 SYSTEMPATH\rewrite.php(44): require_once('C:\\laragon\\data\\kainkita\\public\\index.php')
WARNING - 2026-05-17 08:42:36 --> [DEPRECATED] Creation of dynamic property Modul\Carts\Controllers\Carts::$validation is deprecated in APPPATH\Controllers\BaseController.php on line 48.
 1 SYSTEMPATH\CodeIgniter.php(922): App\Controllers\BaseController->initController(Object(CodeIgniter\HTTP\IncomingRequest), Object(CodeIgniter\HTTP\Response), Object(CodeIgniter\Log\Logger))
 2 SYSTEMPATH\CodeIgniter.php(488): CodeIgniter\CodeIgniter->createController()
 3 SYSTEMPATH\CodeIgniter.php(340): CodeIgniter\CodeIgniter->handleRequest(null, Object(Config\Cache), false)
 4 SYSTEMPATH\Boot.php(417): CodeIgniter\CodeIgniter->run()
 5 SYSTEMPATH\Boot.php(68): CodeIgniter\Boot::runCodeIgniter(Object(CodeIgniter\CodeIgniter))
 6 FCPATH\index.php(59): CodeIgniter\Boot::bootWeb(Object(Config\Paths))
 7 SYSTEMPATH\rewrite.php(44): require_once('C:\\laragon\\data\\kainkita\\public\\index.php')
WARNING - 2026-05-17 08:42:36 --> [DEPRECATED] Creation of dynamic property Modul\Carts\Controllers\Carts::$db is deprecated in APPPATH\Controllers\BaseController.php on line 50.
 1 SYSTEMPATH\CodeIgniter.php(922): App\Controllers\BaseController->initController(Object(CodeIgniter\HTTP\IncomingRequest), Object(CodeIgniter\HTTP\Response), Object(CodeIgniter\Log\Logger))
 2 SYSTEMPATH\CodeIgniter.php(488): CodeIgniter\CodeIgniter->createController()
 3 SYSTEMPATH\CodeIgniter.php(340): CodeIgniter\CodeIgniter->handleRequest(null, Object(Config\Cache), false)
 4 SYSTEMPATH\Boot.php(417): CodeIgniter\CodeIgniter->run()
 5 SYSTEMPATH\Boot.php(68): CodeIgniter\Boot::runCodeIgniter(Object(CodeIgniter\CodeIgniter))
 6 FCPATH\index.php(59): CodeIgniter\Boot::bootWeb(Object(Config\Paths))
 7 SYSTEMPATH\rewrite.php(44): require_once('C:\\laragon\\data\\kainkita\\public\\index.php')
WARNING - 2026-05-17 08:42:36 --> [DEPRECATED] Creation of dynamic property Modul\Carts\Controllers\Carts::$uri is deprecated in APPPATH\Controllers\BaseController.php on line 51.
 1 SYSTEMPATH\CodeIgniter.php(922): App\Controllers\BaseController->initController(Object(CodeIgniter\HTTP\IncomingRequest), Object(CodeIgniter\HTTP\Response), Object(CodeIgniter\Log\Logger))
 2 SYSTEMPATH\CodeIgniter.php(488): CodeIgniter\CodeIgniter->createController()
 3 SYSTEMPATH\CodeIgniter.php(340): CodeIgniter\CodeIgniter->handleRequest(null, Object(Config\Cache), false)
 4 SYSTEMPATH\Boot.php(417): CodeIgniter\CodeIgniter->run()
 5 SYSTEMPATH\Boot.php(68): CodeIgniter\Boot::runCodeIgniter(Object(CodeIgniter\CodeIgniter))
 6 FCPATH\index.php(59): CodeIgniter\Boot::bootWeb(Object(Config\Paths))
 7 SYSTEMPATH\rewrite.php(44): require_once('C:\\laragon\\data\\kainkita\\public\\index.php')
WARNING - 2026-05-17 08:42:36 --> [DEPRECATED] Creation of dynamic property Modul\Carts\Controllers\Carts::$pager is deprecated in APPPATH\Controllers\BaseController.php on line 52.
 1 SYSTEMPATH\CodeIgniter.php(922): App\Controllers\BaseController->initController(Object(CodeIgniter\HTTP\IncomingRequest), Object(CodeIgniter\HTTP\Response), Object(CodeIgniter\Log\Logger))
 2 SYSTEMPATH\CodeIgniter.php(488): CodeIgniter\CodeIgniter->createController()
 3 SYSTEMPATH\CodeIgniter.php(340): CodeIgniter\CodeIgniter->handleRequest(null, Object(Config\Cache), false)
 4 SYSTEMPATH\Boot.php(417): CodeIgniter\CodeIgniter->run()
 5 SYSTEMPATH\Boot.php(68): CodeIgniter\Boot::runCodeIgniter(Object(CodeIgniter\CodeIgniter))
 6 FCPATH\index.php(59): CodeIgniter\Boot::bootWeb(Object(Config\Paths))
 7 SYSTEMPATH\rewrite.php(44): require_once('C:\\laragon\\data\\kainkita\\public\\index.php')
DEBUG - 2026-05-17 08:42:39 --> Session: Class initialized using 'CodeIgniter\Session\Handlers\FileHandler' driver.
WARNING - 2026-05-17 08:42:39 --> [DEPRECATED] Creation of dynamic property Modul\Wishlists\Controllers\Wishlists::$wishlist is deprecated in ROOTPATH\modul\Wishlists\Controllers\Wishlists.php on line 13.
 1 SYSTEMPATH\CodeIgniter.php(921): Modul\Wishlists\Controllers\Wishlists->__construct()
 2 SYSTEMPATH\CodeIgniter.php(488): CodeIgniter\CodeIgniter->createController()
 3 SYSTEMPATH\CodeIgniter.php(340): CodeIgniter\CodeIgniter->handleRequest(null, Object(Config\Cache), false)
 4 SYSTEMPATH\Boot.php(417): CodeIgniter\CodeIgniter->run()
 5 SYSTEMPATH\Boot.php(68): CodeIgniter\Boot::runCodeIgniter(Object(CodeIgniter\CodeIgniter))
 6 FCPATH\index.php(59): CodeIgniter\Boot::bootWeb(Object(Config\Paths))
 7 SYSTEMPATH\rewrite.php(44): require_once('C:\\laragon\\data\\kainkita\\public\\index.php')
WARNING - 2026-05-17 08:42:39 --> [DEPRECATED] Creation of dynamic property Modul\Wishlists\Controllers\Wishlists::$customers is deprecated in ROOTPATH\modul\Wishlists\Controllers\Wishlists.php on line 14.
 1 SYSTEMPATH\CodeIgniter.php(921): Modul\Wishlists\Controllers\Wishlists->__construct()
 2 SYSTEMPATH\CodeIgniter.php(488): CodeIgniter\CodeIgniter->createController()
 3 SYSTEMPATH\CodeIgniter.php(340): CodeIgniter\CodeIgniter->handleRequest(null, Object(Config\Cache), false)
 4 SYSTEMPATH\Boot.php(417): CodeIgniter\CodeIgniter->run()
 5 SYSTEMPATH\Boot.php(68): CodeIgniter\Boot::runCodeIgniter(Object(CodeIgniter\CodeIgniter))
 6 FCPATH\index.php(59): CodeIgniter\Boot::bootWeb(Object(Config\Paths))
 7 SYSTEMPATH\rewrite.php(44): require_once('C:\\laragon\\data\\kainkita\\public\\index.php')
WARNING - 2026-05-17 08:42:39 --> [DEPRECATED] Creation of dynamic property Modul\Wishlists\Controllers\Wishlists::$session is deprecated in APPPATH\Controllers\BaseController.php on line 47.
 1 SYSTEMPATH\CodeIgniter.php(922): App\Controllers\BaseController->initController(Object(CodeIgniter\HTTP\IncomingRequest), Object(CodeIgniter\HTTP\Response), Object(CodeIgniter\Log\Logger))
 2 SYSTEMPATH\CodeIgniter.php(488): CodeIgniter\CodeIgniter->createController()
 3 SYSTEMPATH\CodeIgniter.php(340): CodeIgniter\CodeIgniter->handleRequest(null, Object(Config\Cache), false)
 4 SYSTEMPATH\Boot.php(417): CodeIgniter\CodeIgniter->run()
 5 SYSTEMPATH\Boot.php(68): CodeIgniter\Boot::runCodeIgniter(Object(CodeIgniter\CodeIgniter))
 6 FCPATH\index.php(59): CodeIgniter\Boot::bootWeb(Object(Config\Paths))
 7 SYSTEMPATH\rewrite.php(44): require_once('C:\\laragon\\data\\kainkita\\public\\index.php')
WARNING - 2026-05-17 08:42:39 --> [DEPRECATED] Creation of dynamic property Modul\Wishlists\Controllers\Wishlists::$validation is deprecated in APPPATH\Controllers\BaseController.php on line 48.
 1 SYSTEMPATH\CodeIgniter.php(922): App\Controllers\BaseController->initController(Object(CodeIgniter\HTTP\IncomingRequest), Object(CodeIgniter\HTTP\Response), Object(CodeIgniter\Log\Logger))
 2 SYSTEMPATH\CodeIgniter.php(488): CodeIgniter\CodeIgniter->createController()
 3 SYSTEMPATH\CodeIgniter.php(340): CodeIgniter\CodeIgniter->handleRequest(null, Object(Config\Cache), false)
 4 SYSTEMPATH\Boot.php(417): CodeIgniter\CodeIgniter->run()
 5 SYSTEMPATH\Boot.php(68): CodeIgniter\Boot::runCodeIgniter(Object(CodeIgniter\CodeIgniter))
 6 FCPATH\index.php(59): CodeIgniter\Boot::bootWeb(Object(Config\Paths))
 7 SYSTEMPATH\rewrite.php(44): require_once('C:\\laragon\\data\\kainkita\\public\\index.php')
WARNING - 2026-05-17 08:42:39 --> [DEPRECATED] Creation of dynamic property Modul\Wishlists\Controllers\Wishlists::$db is deprecated in APPPATH\Controllers\BaseController.php on line 50.
 1 SYSTEMPATH\CodeIgniter.php(922): App\Controllers\BaseController->initController(Object(CodeIgniter\HTTP\IncomingRequest), Object(CodeIgniter\HTTP\Response), Object(CodeIgniter\Log\Logger))
 2 SYSTEMPATH\CodeIgniter.php(488): CodeIgniter\CodeIgniter->createController()
 3 SYSTEMPATH\CodeIgniter.php(340): CodeIgniter\CodeIgniter->handleRequest(null, Object(Config\Cache), false)
 4 SYSTEMPATH\Boot.php(417): CodeIgniter\CodeIgniter->run()
 5 SYSTEMPATH\Boot.php(68): CodeIgniter\Boot::runCodeIgniter(Object(CodeIgniter\CodeIgniter))
 6 FCPATH\index.php(59): CodeIgniter\Boot::bootWeb(Object(Config\Paths))
 7 SYSTEMPATH\rewrite.php(44): require_once('C:\\laragon\\data\\kainkita\\public\\index.php')
WARNING - 2026-05-17 08:42:39 --> [DEPRECATED] Creation of dynamic property Modul\Wishlists\Controllers\Wishlists::$uri is deprecated in APPPATH\Controllers\BaseController.php on line 51.
 1 SYSTEMPATH\CodeIgniter.php(922): App\Controllers\BaseController->initController(Object(CodeIgniter\HTTP\IncomingRequest), Object(CodeIgniter\HTTP\Response), Object(CodeIgniter\Log\Logger))
 2 SYSTEMPATH\CodeIgniter.php(488): CodeIgniter\CodeIgniter->createController()
 3 SYSTEMPATH\CodeIgniter.php(340): CodeIgniter\CodeIgniter->handleRequest(null, Object(Config\Cache), false)
 4 SYSTEMPATH\Boot.php(417): CodeIgniter\CodeIgniter->run()
 5 SYSTEMPATH\Boot.php(68): CodeIgniter\Boot::runCodeIgniter(Object(CodeIgniter\CodeIgniter))
 6 FCPATH\index.php(59): CodeIgniter\Boot::bootWeb(Object(Config\Paths))
 7 SYSTEMPATH\rewrite.php(44): require_once('C:\\laragon\\data\\kainkita\\public\\index.php')
WARNING - 2026-05-17 08:42:39 --> [DEPRECATED] Creation of dynamic property Modul\Wishlists\Controllers\Wishlists::$pager is deprecated in APPPATH\Controllers\BaseController.php on line 52.
 1 SYSTEMPATH\CodeIgniter.php(922): App\Controllers\BaseController->initController(Object(CodeIgniter\HTTP\IncomingRequest), Object(CodeIgniter\HTTP\Response), Object(CodeIgniter\Log\Logger))
 2 SYSTEMPATH\CodeIgniter.php(488): CodeIgniter\CodeIgniter->createController()
 3 SYSTEMPATH\CodeIgniter.php(340): CodeIgniter\CodeIgniter->handleRequest(null, Object(Config\Cache), false)
 4 SYSTEMPATH\Boot.php(417): CodeIgniter\CodeIgniter->run()
 5 SYSTEMPATH\Boot.php(68): CodeIgniter\Boot::runCodeIgniter(Object(CodeIgniter\CodeIgniter))
 6 FCPATH\index.php(59): CodeIgniter\Boot::bootWeb(Object(Config\Paths))
 7 SYSTEMPATH\rewrite.php(44): require_once('C:\\laragon\\data\\kainkita\\public\\index.php')
DEBUG - 2026-05-17 08:42:41 --> Session: Class initialized using 'CodeIgniter\Session\Handlers\FileHandler' driver.
WARNING - 2026-05-17 08:42:41 --> [DEPRECATED] Creation of dynamic property Modul\Carts\Controllers\Carts::$session is deprecated in APPPATH\Controllers\BaseController.php on line 47.
 1 SYSTEMPATH\CodeIgniter.php(922): App\Controllers\BaseController->initController(Object(CodeIgniter\HTTP\IncomingRequest), Object(CodeIgniter\HTTP\Response), Object(CodeIgniter\Log\Logger))
 2 SYSTEMPATH\CodeIgniter.php(488): CodeIgniter\CodeIgniter->createController()
 3 SYSTEMPATH\CodeIgniter.php(340): CodeIgniter\CodeIgniter->handleRequest(null, Object(Config\Cache), false)
 4 SYSTEMPATH\Boot.php(417): CodeIgniter\CodeIgniter->run()
 5 SYSTEMPATH\Boot.php(68): CodeIgniter\Boot::runCodeIgniter(Object(CodeIgniter\CodeIgniter))
 6 FCPATH\index.php(59): CodeIgniter\Boot::bootWeb(Object(Config\Paths))
 7 SYSTEMPATH\rewrite.php(44): require_once('C:\\laragon\\data\\kainkita\\public\\index.php')
WARNING - 2026-05-17 08:42:41 --> [DEPRECATED] Creation of dynamic property Modul\Carts\Controllers\Carts::$validation is deprecated in APPPATH\Controllers\BaseController.php on line 48.
 1 SYSTEMPATH\CodeIgniter.php(922): App\Controllers\BaseController->initController(Object(CodeIgniter\HTTP\IncomingRequest), Object(CodeIgniter\HTTP\Response), Object(CodeIgniter\Log\Logger))
 2 SYSTEMPATH\CodeIgniter.php(488): CodeIgniter\CodeIgniter->createController()
 3 SYSTEMPATH\CodeIgniter.php(340): CodeIgniter\CodeIgniter->handleRequest(null, Object(Config\Cache), false)
 4 SYSTEMPATH\Boot.php(417): CodeIgniter\CodeIgniter->run()
 5 SYSTEMPATH\Boot.php(68): CodeIgniter\Boot::runCodeIgniter(Object(CodeIgniter\CodeIgniter))
 6 FCPATH\index.php(59): CodeIgniter\Boot::bootWeb(Object(Config\Paths))
 7 SYSTEMPATH\rewrite.php(44): require_once('C:\\laragon\\data\\kainkita\\public\\index.php')
WARNING - 2026-05-17 08:42:41 --> [DEPRECATED] Creation of dynamic property Modul\Carts\Controllers\Carts::$db is deprecated in APPPATH\Controllers\BaseController.php on line 50.
 1 SYSTEMPATH\CodeIgniter.php(922): App\Controllers\BaseController->initController(Object(CodeIgniter\HTTP\IncomingRequest), Object(CodeIgniter\HTTP\Response), Object(CodeIgniter\Log\Logger))
 2 SYSTEMPATH\CodeIgniter.php(488): CodeIgniter\CodeIgniter->createController()
 3 SYSTEMPATH\CodeIgniter.php(340): CodeIgniter\CodeIgniter->handleRequest(null, Object(Config\Cache), false)
 4 SYSTEMPATH\Boot.php(417): CodeIgniter\CodeIgniter->run()
 5 SYSTEMPATH\Boot.php(68): CodeIgniter\Boot::runCodeIgniter(Object(CodeIgniter\CodeIgniter))
 6 FCPATH\index.php(59): CodeIgniter\Boot::bootWeb(Object(Config\Paths))
 7 SYSTEMPATH\rewrite.php(44): require_once('C:\\laragon\\data\\kainkita\\public\\index.php')
WARNING - 2026-05-17 08:42:41 --> [DEPRECATED] Creation of dynamic property Modul\Carts\Controllers\Carts::$uri is deprecated in APPPATH\Controllers\BaseController.php on line 51.
 1 SYSTEMPATH\CodeIgniter.php(922): App\Controllers\BaseController->initController(Object(CodeIgniter\HTTP\IncomingRequest), Object(CodeIgniter\HTTP\Response), Object(CodeIgniter\Log\Logger))
 2 SYSTEMPATH\CodeIgniter.php(488): CodeIgniter\CodeIgniter->createController()
 3 SYSTEMPATH\CodeIgniter.php(340): CodeIgniter\CodeIgniter->handleRequest(null, Object(Config\Cache), false)
 4 SYSTEMPATH\Boot.php(417): CodeIgniter\CodeIgniter->run()
 5 SYSTEMPATH\Boot.php(68): CodeIgniter\Boot::runCodeIgniter(Object(CodeIgniter\CodeIgniter))
 6 FCPATH\index.php(59): CodeIgniter\Boot::bootWeb(Object(Config\Paths))
 7 SYSTEMPATH\rewrite.php(44): require_once('C:\\laragon\\data\\kainkita\\public\\index.php')
WARNING - 2026-05-17 08:42:41 --> [DEPRECATED] Creation of dynamic property Modul\Carts\Controllers\Carts::$pager is deprecated in APPPATH\Controllers\BaseController.php on line 52.
 1 SYSTEMPATH\CodeIgniter.php(922): App\Controllers\BaseController->initController(Object(CodeIgniter\HTTP\IncomingRequest), Object(CodeIgniter\HTTP\Response), Object(CodeIgniter\Log\Logger))
 2 SYSTEMPATH\CodeIgniter.php(488): CodeIgniter\CodeIgniter->createController()
 3 SYSTEMPATH\CodeIgniter.php(340): CodeIgniter\CodeIgniter->handleRequest(null, Object(Config\Cache), false)
 4 SYSTEMPATH\Boot.php(417): CodeIgniter\CodeIgniter->run()
 5 SYSTEMPATH\Boot.php(68): CodeIgniter\Boot::runCodeIgniter(Object(CodeIgniter\CodeIgniter))
 6 FCPATH\index.php(59): CodeIgniter\Boot::bootWeb(Object(Config\Paths))
 7 SYSTEMPATH\rewrite.php(44): require_once('C:\\laragon\\data\\kainkita\\public\\index.php')
DEBUG - 2026-05-17 08:42:41 --> Session: Class initialized using 'CodeIgniter\Session\Handlers\FileHandler' driver.
WARNING - 2026-05-17 08:42:41 --> [DEPRECATED] Creation of dynamic property Modul\Carts\Controllers\Carts::$session is deprecated in APPPATH\Controllers\BaseController.php on line 47.
 1 SYSTEMPATH\CodeIgniter.php(922): App\Controllers\BaseController->initController(Object(CodeIgniter\HTTP\IncomingRequest), Object(CodeIgniter\HTTP\Response), Object(CodeIgniter\Log\Logger))
 2 SYSTEMPATH\CodeIgniter.php(488): CodeIgniter\CodeIgniter->createController()
 3 SYSTEMPATH\CodeIgniter.php(340): CodeIgniter\CodeIgniter->handleRequest(null, Object(Config\Cache), false)
 4 SYSTEMPATH\Boot.php(417): CodeIgniter\CodeIgniter->run()
 5 SYSTEMPATH\Boot.php(68): CodeIgniter\Boot::runCodeIgniter(Object(CodeIgniter\CodeIgniter))
 6 FCPATH\index.php(59): CodeIgniter\Boot::bootWeb(Object(Config\Paths))
 7 SYSTEMPATH\rewrite.php(44): require_once('C:\\laragon\\data\\kainkita\\public\\index.php')
WARNING - 2026-05-17 08:42:41 --> [DEPRECATED] Creation of dynamic property Modul\Carts\Controllers\Carts::$validation is deprecated in APPPATH\Controllers\BaseController.php on line 48.
 1 SYSTEMPATH\CodeIgniter.php(922): App\Controllers\BaseController->initController(Object(CodeIgniter\HTTP\IncomingRequest), Object(CodeIgniter\HTTP\Response), Object(CodeIgniter\Log\Logger))
 2 SYSTEMPATH\CodeIgniter.php(488): CodeIgniter\CodeIgniter->createController()
 3 SYSTEMPATH\CodeIgniter.php(340): CodeIgniter\CodeIgniter->handleRequest(null, Object(Config\Cache), false)
 4 SYSTEMPATH\Boot.php(417): CodeIgniter\CodeIgniter->run()
 5 SYSTEMPATH\Boot.php(68): CodeIgniter\Boot::runCodeIgniter(Object(CodeIgniter\CodeIgniter))
 6 FCPATH\index.php(59): CodeIgniter\Boot::bootWeb(Object(Config\Paths))
 7 SYSTEMPATH\rewrite.php(44): require_once('C:\\laragon\\data\\kainkita\\public\\index.php')
WARNING - 2026-05-17 08:42:41 --> [DEPRECATED] Creation of dynamic property Modul\Carts\Controllers\Carts::$db is deprecated in APPPATH\Controllers\BaseController.php on line 50.
 1 SYSTEMPATH\CodeIgniter.php(922): App\Controllers\BaseController->initController(Object(CodeIgniter\HTTP\IncomingRequest), Object(CodeIgniter\HTTP\Response), Object(CodeIgniter\Log\Logger))
 2 SYSTEMPATH\CodeIgniter.php(488): CodeIgniter\CodeIgniter->createController()
 3 SYSTEMPATH\CodeIgniter.php(340): CodeIgniter\CodeIgniter->handleRequest(null, Object(Config\Cache), false)
 4 SYSTEMPATH\Boot.php(417): CodeIgniter\CodeIgniter->run()
 5 SYSTEMPATH\Boot.php(68): CodeIgniter\Boot::runCodeIgniter(Object(CodeIgniter\CodeIgniter))
 6 FCPATH\index.php(59): CodeIgniter\Boot::bootWeb(Object(Config\Paths))
 7 SYSTEMPATH\rewrite.php(44): require_once('C:\\laragon\\data\\kainkita\\public\\index.php')
WARNING - 2026-05-17 08:42:41 --> [DEPRECATED] Creation of dynamic property Modul\Carts\Controllers\Carts::$uri is deprecated in APPPATH\Controllers\BaseController.php on line 51.
 1 SYSTEMPATH\CodeIgniter.php(922): App\Controllers\BaseController->initController(Object(CodeIgniter\HTTP\IncomingRequest), Object(CodeIgniter\HTTP\Response), Object(CodeIgniter\Log\Logger))
 2 SYSTEMPATH\CodeIgniter.php(488): CodeIgniter\CodeIgniter->createController()
 3 SYSTEMPATH\CodeIgniter.php(340): CodeIgniter\CodeIgniter->handleRequest(null, Object(Config\Cache), false)
 4 SYSTEMPATH\Boot.php(417): CodeIgniter\CodeIgniter->run()
 5 SYSTEMPATH\Boot.php(68): CodeIgniter\Boot::runCodeIgniter(Object(CodeIgniter\CodeIgniter))
 6 FCPATH\index.php(59): CodeIgniter\Boot::bootWeb(Object(Config\Paths))
 7 SYSTEMPATH\rewrite.php(44): require_once('C:\\laragon\\data\\kainkita\\public\\index.php')
WARNING - 2026-05-17 08:42:41 --> [DEPRECATED] Creation of dynamic property Modul\Carts\Controllers\Carts::$pager is deprecated in APPPATH\Controllers\BaseController.php on line 52.
 1 SYSTEMPATH\CodeIgniter.php(922): App\Controllers\BaseController->initController(Object(CodeIgniter\HTTP\IncomingRequest), Object(CodeIgniter\HTTP\Response), Object(CodeIgniter\Log\Logger))
 2 SYSTEMPATH\CodeIgniter.php(488): CodeIgniter\CodeIgniter->createController()
 3 SYSTEMPATH\CodeIgniter.php(340): CodeIgniter\CodeIgniter->handleRequest(null, Object(Config\Cache), false)
 4 SYSTEMPATH\Boot.php(417): CodeIgniter\CodeIgniter->run()
 5 SYSTEMPATH\Boot.php(68): CodeIgniter\Boot::runCodeIgniter(Object(CodeIgniter\CodeIgniter))
 6 FCPATH\index.php(59): CodeIgniter\Boot::bootWeb(Object(Config\Paths))
 7 SYSTEMPATH\rewrite.php(44): require_once('C:\\laragon\\data\\kainkita\\public\\index.php')
DEBUG - 2026-05-17 08:42:43 --> Session: Class initialized using 'CodeIgniter\Session\Handlers\FileHandler' driver.
WARNING - 2026-05-17 08:42:43 --> [DEPRECATED] Creation of dynamic property Modul\Wishlists\Controllers\Wishlists::$wishlist is deprecated in ROOTPATH\modul\Wishlists\Controllers\Wishlists.php on line 13.
 1 SYSTEMPATH\CodeIgniter.php(921): Modul\Wishlists\Controllers\Wishlists->__construct()
 2 SYSTEMPATH\CodeIgniter.php(488): CodeIgniter\CodeIgniter->createController()
 3 SYSTEMPATH\CodeIgniter.php(340): CodeIgniter\CodeIgniter->handleRequest(null, Object(Config\Cache), false)
 4 SYSTEMPATH\Boot.php(417): CodeIgniter\CodeIgniter->run()
 5 SYSTEMPATH\Boot.php(68): CodeIgniter\Boot::runCodeIgniter(Object(CodeIgniter\CodeIgniter))
 6 FCPATH\index.php(59): CodeIgniter\Boot::bootWeb(Object(Config\Paths))
 7 SYSTEMPATH\rewrite.php(44): require_once('C:\\laragon\\data\\kainkita\\public\\index.php')
WARNING - 2026-05-17 08:42:43 --> [DEPRECATED] Creation of dynamic property Modul\Wishlists\Controllers\Wishlists::$customers is deprecated in ROOTPATH\modul\Wishlists\Controllers\Wishlists.php on line 14.
 1 SYSTEMPATH\CodeIgniter.php(921): Modul\Wishlists\Controllers\Wishlists->__construct()
 2 SYSTEMPATH\CodeIgniter.php(488): CodeIgniter\CodeIgniter->createController()
 3 SYSTEMPATH\CodeIgniter.php(340): CodeIgniter\CodeIgniter->handleRequest(null, Object(Config\Cache), false)
 4 SYSTEMPATH\Boot.php(417): CodeIgniter\CodeIgniter->run()
 5 SYSTEMPATH\Boot.php(68): CodeIgniter\Boot::runCodeIgniter(Object(CodeIgniter\CodeIgniter))
 6 FCPATH\index.php(59): CodeIgniter\Boot::bootWeb(Object(Config\Paths))
 7 SYSTEMPATH\rewrite.php(44): require_once('C:\\laragon\\data\\kainkita\\public\\index.php')
WARNING - 2026-05-17 08:42:43 --> [DEPRECATED] Creation of dynamic property Modul\Wishlists\Controllers\Wishlists::$session is deprecated in APPPATH\Controllers\BaseController.php on line 47.
 1 SYSTEMPATH\CodeIgniter.php(922): App\Controllers\BaseController->initController(Object(CodeIgniter\HTTP\IncomingRequest), Object(CodeIgniter\HTTP\Response), Object(CodeIgniter\Log\Logger))
 2 SYSTEMPATH\CodeIgniter.php(488): CodeIgniter\CodeIgniter->createController()
 3 SYSTEMPATH\CodeIgniter.php(340): CodeIgniter\CodeIgniter->handleRequest(null, Object(Config\Cache), false)
 4 SYSTEMPATH\Boot.php(417): CodeIgniter\CodeIgniter->run()
 5 SYSTEMPATH\Boot.php(68): CodeIgniter\Boot::runCodeIgniter(Object(CodeIgniter\CodeIgniter))
 6 FCPATH\index.php(59): CodeIgniter\Boot::bootWeb(Object(Config\Paths))
 7 SYSTEMPATH\rewrite.php(44): require_once('C:\\laragon\\data\\kainkita\\public\\index.php')
WARNING - 2026-05-17 08:42:43 --> [DEPRECATED] Creation of dynamic property Modul\Wishlists\Controllers\Wishlists::$validation is deprecated in APPPATH\Controllers\BaseController.php on line 48.
 1 SYSTEMPATH\CodeIgniter.php(922): App\Controllers\BaseController->initController(Object(CodeIgniter\HTTP\IncomingRequest), Object(CodeIgniter\HTTP\Response), Object(CodeIgniter\Log\Logger))
 2 SYSTEMPATH\CodeIgniter.php(488): CodeIgniter\CodeIgniter->createController()
 3 SYSTEMPATH\CodeIgniter.php(340): CodeIgniter\CodeIgniter->handleRequest(null, Object(Config\Cache), false)
 4 SYSTEMPATH\Boot.php(417): CodeIgniter\CodeIgniter->run()
 5 SYSTEMPATH\Boot.php(68): CodeIgniter\Boot::runCodeIgniter(Object(CodeIgniter\CodeIgniter))
 6 FCPATH\index.php(59): CodeIgniter\Boot::bootWeb(Object(Config\Paths))
 7 SYSTEMPATH\rewrite.php(44): require_once('C:\\laragon\\data\\kainkita\\public\\index.php')
WARNING - 2026-05-17 08:42:43 --> [DEPRECATED] Creation of dynamic property Modul\Wishlists\Controllers\Wishlists::$db is deprecated in APPPATH\Controllers\BaseController.php on line 50.
 1 SYSTEMPATH\CodeIgniter.php(922): App\Controllers\BaseController->initController(Object(CodeIgniter\HTTP\IncomingRequest), Object(CodeIgniter\HTTP\Response), Object(CodeIgniter\Log\Logger))
 2 SYSTEMPATH\CodeIgniter.php(488): CodeIgniter\CodeIgniter->createController()
 3 SYSTEMPATH\CodeIgniter.php(340): CodeIgniter\CodeIgniter->handleRequest(null, Object(Config\Cache), false)
 4 SYSTEMPATH\Boot.php(417): CodeIgniter\CodeIgniter->run()
 5 SYSTEMPATH\Boot.php(68): CodeIgniter\Boot::runCodeIgniter(Object(CodeIgniter\CodeIgniter))
 6 FCPATH\index.php(59): CodeIgniter\Boot::bootWeb(Object(Config\Paths))
 7 SYSTEMPATH\rewrite.php(44): require_once('C:\\laragon\\data\\kainkita\\public\\index.php')
WARNING - 2026-05-17 08:42:43 --> [DEPRECATED] Creation of dynamic property Modul\Wishlists\Controllers\Wishlists::$uri is deprecated in APPPATH\Controllers\BaseController.php on line 51.
 1 SYSTEMPATH\CodeIgniter.php(922): App\Controllers\BaseController->initController(Object(CodeIgniter\HTTP\IncomingRequest), Object(CodeIgniter\HTTP\Response), Object(CodeIgniter\Log\Logger))
 2 SYSTEMPATH\CodeIgniter.php(488): CodeIgniter\CodeIgniter->createController()
 3 SYSTEMPATH\CodeIgniter.php(340): CodeIgniter\CodeIgniter->handleRequest(null, Object(Config\Cache), false)
 4 SYSTEMPATH\Boot.php(417): CodeIgniter\CodeIgniter->run()
 5 SYSTEMPATH\Boot.php(68): CodeIgniter\Boot::runCodeIgniter(Object(CodeIgniter\CodeIgniter))
 6 FCPATH\index.php(59): CodeIgniter\Boot::bootWeb(Object(Config\Paths))
 7 SYSTEMPATH\rewrite.php(44): require_once('C:\\laragon\\data\\kainkita\\public\\index.php')
WARNING - 2026-05-17 08:42:43 --> [DEPRECATED] Creation of dynamic property Modul\Wishlists\Controllers\Wishlists::$pager is deprecated in APPPATH\Controllers\BaseController.php on line 52.
 1 SYSTEMPATH\CodeIgniter.php(922): App\Controllers\BaseController->initController(Object(CodeIgniter\HTTP\IncomingRequest), Object(CodeIgniter\HTTP\Response), Object(CodeIgniter\Log\Logger))
 2 SYSTEMPATH\CodeIgniter.php(488): CodeIgniter\CodeIgniter->createController()
 3 SYSTEMPATH\CodeIgniter.php(340): CodeIgniter\CodeIgniter->handleRequest(null, Object(Config\Cache), false)
 4 SYSTEMPATH\Boot.php(417): CodeIgniter\CodeIgniter->run()
 5 SYSTEMPATH\Boot.php(68): CodeIgniter\Boot::runCodeIgniter(Object(CodeIgniter\CodeIgniter))
 6 FCPATH\index.php(59): CodeIgniter\Boot::bootWeb(Object(Config\Paths))
 7 SYSTEMPATH\rewrite.php(44): require_once('C:\\laragon\\data\\kainkita\\public\\index.php')
DEBUG - 2026-05-17 08:42:45 --> Session: Class initialized using 'CodeIgniter\Session\Handlers\FileHandler' driver.
WARNING - 2026-05-17 08:42:45 --> [DEPRECATED] Creation of dynamic property Modul\Wishlists\Controllers\Wishlists::$wishlist is deprecated in ROOTPATH\modul\Wishlists\Controllers\Wishlists.php on line 13.
 1 SYSTEMPATH\CodeIgniter.php(921): Modul\Wishlists\Controllers\Wishlists->__construct()
 2 SYSTEMPATH\CodeIgniter.php(488): CodeIgniter\CodeIgniter->createController()
 3 SYSTEMPATH\CodeIgniter.php(340): CodeIgniter\CodeIgniter->handleRequest(null, Object(Config\Cache), false)
 4 SYSTEMPATH\Boot.php(417): CodeIgniter\CodeIgniter->run()
 5 SYSTEMPATH\Boot.php(68): CodeIgniter\Boot::runCodeIgniter(Object(CodeIgniter\CodeIgniter))
 6 FCPATH\index.php(59): CodeIgniter\Boot::bootWeb(Object(Config\Paths))
 7 SYSTEMPATH\rewrite.php(44): require_once('C:\\laragon\\data\\kainkita\\public\\index.php')
WARNING - 2026-05-17 08:42:45 --> [DEPRECATED] Creation of dynamic property Modul\Wishlists\Controllers\Wishlists::$customers is deprecated in ROOTPATH\modul\Wishlists\Controllers\Wishlists.php on line 14.
 1 SYSTEMPATH\CodeIgniter.php(921): Modul\Wishlists\Controllers\Wishlists->__construct()
 2 SYSTEMPATH\CodeIgniter.php(488): CodeIgniter\CodeIgniter->createController()
 3 SYSTEMPATH\CodeIgniter.php(340): CodeIgniter\CodeIgniter->handleRequest(null, Object(Config\Cache), false)
 4 SYSTEMPATH\Boot.php(417): CodeIgniter\CodeIgniter->run()
 5 SYSTEMPATH\Boot.php(68): CodeIgniter\Boot::runCodeIgniter(Object(CodeIgniter\CodeIgniter))
 6 FCPATH\index.php(59): CodeIgniter\Boot::bootWeb(Object(Config\Paths))
 7 SYSTEMPATH\rewrite.php(44): require_once('C:\\laragon\\data\\kainkita\\public\\index.php')
WARNING - 2026-05-17 08:42:45 --> [DEPRECATED] Creation of dynamic property Modul\Wishlists\Controllers\Wishlists::$session is deprecated in APPPATH\Controllers\BaseController.php on line 47.
 1 SYSTEMPATH\CodeIgniter.php(922): App\Controllers\BaseController->initController(Object(CodeIgniter\HTTP\IncomingRequest), Object(CodeIgniter\HTTP\Response), Object(CodeIgniter\Log\Logger))
 2 SYSTEMPATH\CodeIgniter.php(488): CodeIgniter\CodeIgniter->createController()
 3 SYSTEMPATH\CodeIgniter.php(340): CodeIgniter\CodeIgniter->handleRequest(null, Object(Config\Cache), false)
 4 SYSTEMPATH\Boot.php(417): CodeIgniter\CodeIgniter->run()
 5 SYSTEMPATH\Boot.php(68): CodeIgniter\Boot::runCodeIgniter(Object(CodeIgniter\CodeIgniter))
 6 FCPATH\index.php(59): CodeIgniter\Boot::bootWeb(Object(Config\Paths))
 7 SYSTEMPATH\rewrite.php(44): require_once('C:\\laragon\\data\\kainkita\\public\\index.php')
WARNING - 2026-05-17 08:42:45 --> [DEPRECATED] Creation of dynamic property Modul\Wishlists\Controllers\Wishlists::$validation is deprecated in APPPATH\Controllers\BaseController.php on line 48.
 1 SYSTEMPATH\CodeIgniter.php(922): App\Controllers\BaseController->initController(Object(CodeIgniter\HTTP\IncomingRequest), Object(CodeIgniter\HTTP\Response), Object(CodeIgniter\Log\Logger))
 2 SYSTEMPATH\CodeIgniter.php(488): CodeIgniter\CodeIgniter->createController()
 3 SYSTEMPATH\CodeIgniter.php(340): CodeIgniter\CodeIgniter->handleRequest(null, Object(Config\Cache), false)
 4 SYSTEMPATH\Boot.php(417): CodeIgniter\CodeIgniter->run()
 5 SYSTEMPATH\Boot.php(68): CodeIgniter\Boot::runCodeIgniter(Object(CodeIgniter\CodeIgniter))
 6 FCPATH\index.php(59): CodeIgniter\Boot::bootWeb(Object(Config\Paths))
 7 SYSTEMPATH\rewrite.php(44): require_once('C:\\laragon\\data\\kainkita\\public\\index.php')
WARNING - 2026-05-17 08:42:45 --> [DEPRECATED] Creation of dynamic property Modul\Wishlists\Controllers\Wishlists::$db is deprecated in APPPATH\Controllers\BaseController.php on line 50.
 1 SYSTEMPATH\CodeIgniter.php(922): App\Controllers\BaseController->initController(Object(CodeIgniter\HTTP\IncomingRequest), Object(CodeIgniter\HTTP\Response), Object(CodeIgniter\Log\Logger))
 2 SYSTEMPATH\CodeIgniter.php(488): CodeIgniter\CodeIgniter->createController()
 3 SYSTEMPATH\CodeIgniter.php(340): CodeIgniter\CodeIgniter->handleRequest(null, Object(Config\Cache), false)
 4 SYSTEMPATH\Boot.php(417): CodeIgniter\CodeIgniter->run()
 5 SYSTEMPATH\Boot.php(68): CodeIgniter\Boot::runCodeIgniter(Object(CodeIgniter\CodeIgniter))
 6 FCPATH\index.php(59): CodeIgniter\Boot::bootWeb(Object(Config\Paths))
 7 SYSTEMPATH\rewrite.php(44): require_once('C:\\laragon\\data\\kainkita\\public\\index.php')
WARNING - 2026-05-17 08:42:45 --> [DEPRECATED] Creation of dynamic property Modul\Wishlists\Controllers\Wishlists::$uri is deprecated in APPPATH\Controllers\BaseController.php on line 51.
 1 SYSTEMPATH\CodeIgniter.php(922): App\Controllers\BaseController->initController(Object(CodeIgniter\HTTP\IncomingRequest), Object(CodeIgniter\HTTP\Response), Object(CodeIgniter\Log\Logger))
 2 SYSTEMPATH\CodeIgniter.php(488): CodeIgniter\CodeIgniter->createController()
 3 SYSTEMPATH\CodeIgniter.php(340): CodeIgniter\CodeIgniter->handleRequest(null, Object(Config\Cache), false)
 4 SYSTEMPATH\Boot.php(417): CodeIgniter\CodeIgniter->run()
 5 SYSTEMPATH\Boot.php(68): CodeIgniter\Boot::runCodeIgniter(Object(CodeIgniter\CodeIgniter))
 6 FCPATH\index.php(59): CodeIgniter\Boot::bootWeb(Object(Config\Paths))
 7 SYSTEMPATH\rewrite.php(44): require_once('C:\\laragon\\data\\kainkita\\public\\index.php')
WARNING - 2026-05-17 08:42:45 --> [DEPRECATED] Creation of dynamic property Modul\Wishlists\Controllers\Wishlists::$pager is deprecated in APPPATH\Controllers\BaseController.php on line 52.
 1 SYSTEMPATH\CodeIgniter.php(922): App\Controllers\BaseController->initController(Object(CodeIgniter\HTTP\IncomingRequest), Object(CodeIgniter\HTTP\Response), Object(CodeIgniter\Log\Logger))
 2 SYSTEMPATH\CodeIgniter.php(488): CodeIgniter\CodeIgniter->createController()
 3 SYSTEMPATH\CodeIgniter.php(340): CodeIgniter\CodeIgniter->handleRequest(null, Object(Config\Cache), false)
 4 SYSTEMPATH\Boot.php(417): CodeIgniter\CodeIgniter->run()
 5 SYSTEMPATH\Boot.php(68): CodeIgniter\Boot::runCodeIgniter(Object(CodeIgniter\CodeIgniter))
 6 FCPATH\index.php(59): CodeIgniter\Boot::bootWeb(Object(Config\Paths))
 7 SYSTEMPATH\rewrite.php(44): require_once('C:\\laragon\\data\\kainkita\\public\\index.php')
DEBUG - 2026-05-17 08:42:47 --> Session: Class initialized using 'CodeIgniter\Session\Handlers\FileHandler' driver.
WARNING - 2026-05-17 08:42:47 --> [DEPRECATED] Creation of dynamic property Modul\Wishlists\Controllers\Wishlists::$wishlist is deprecated in ROOTPATH\modul\Wishlists\Controllers\Wishlists.php on line 13.
 1 SYSTEMPATH\CodeIgniter.php(921): Modul\Wishlists\Controllers\Wishlists->__construct()
 2 SYSTEMPATH\CodeIgniter.php(488): CodeIgniter\CodeIgniter->createController()
 3 SYSTEMPATH\CodeIgniter.php(340): CodeIgniter\CodeIgniter->handleRequest(null, Object(Config\Cache), false)
 4 SYSTEMPATH\Boot.php(417): CodeIgniter\CodeIgniter->run()
 5 SYSTEMPATH\Boot.php(68): CodeIgniter\Boot::runCodeIgniter(Object(CodeIgniter\CodeIgniter))
 6 FCPATH\index.php(59): CodeIgniter\Boot::bootWeb(Object(Config\Paths))
 7 SYSTEMPATH\rewrite.php(44): require_once('C:\\laragon\\data\\kainkita\\public\\index.php')
WARNING - 2026-05-17 08:42:47 --> [DEPRECATED] Creation of dynamic property Modul\Wishlists\Controllers\Wishlists::$customers is deprecated in ROOTPATH\modul\Wishlists\Controllers\Wishlists.php on line 14.
 1 SYSTEMPATH\CodeIgniter.php(921): Modul\Wishlists\Controllers\Wishlists->__construct()
 2 SYSTEMPATH\CodeIgniter.php(488): CodeIgniter\CodeIgniter->createController()
 3 SYSTEMPATH\CodeIgniter.php(340): CodeIgniter\CodeIgniter->handleRequest(null, Object(Config\Cache), false)
 4 SYSTEMPATH\Boot.php(417): CodeIgniter\CodeIgniter->run()
 5 SYSTEMPATH\Boot.php(68): CodeIgniter\Boot::runCodeIgniter(Object(CodeIgniter\CodeIgniter))
 6 FCPATH\index.php(59): CodeIgniter\Boot::bootWeb(Object(Config\Paths))
 7 SYSTEMPATH\rewrite.php(44): require_once('C:\\laragon\\data\\kainkita\\public\\index.php')
WARNING - 2026-05-17 08:42:47 --> [DEPRECATED] Creation of dynamic property Modul\Wishlists\Controllers\Wishlists::$session is deprecated in APPPATH\Controllers\BaseController.php on line 47.
 1 SYSTEMPATH\CodeIgniter.php(922): App\Controllers\BaseController->initController(Object(CodeIgniter\HTTP\IncomingRequest), Object(CodeIgniter\HTTP\Response), Object(CodeIgniter\Log\Logger))
 2 SYSTEMPATH\CodeIgniter.php(488): CodeIgniter\CodeIgniter->createController()
 3 SYSTEMPATH\CodeIgniter.php(340): CodeIgniter\CodeIgniter->handleRequest(null, Object(Config\Cache), false)
 4 SYSTEMPATH\Boot.php(417): CodeIgniter\CodeIgniter->run()
 5 SYSTEMPATH\Boot.php(68): CodeIgniter\Boot::runCodeIgniter(Object(CodeIgniter\CodeIgniter))
 6 FCPATH\index.php(59): CodeIgniter\Boot::bootWeb(Object(Config\Paths))
 7 SYSTEMPATH\rewrite.php(44): require_once('C:\\laragon\\data\\kainkita\\public\\index.php')
WARNING - 2026-05-17 08:42:47 --> [DEPRECATED] Creation of dynamic property Modul\Wishlists\Controllers\Wishlists::$validation is deprecated in APPPATH\Controllers\BaseController.php on line 48.
 1 SYSTEMPATH\CodeIgniter.php(922): App\Controllers\BaseController->initController(Object(CodeIgniter\HTTP\IncomingRequest), Object(CodeIgniter\HTTP\Response), Object(CodeIgniter\Log\Logger))
 2 SYSTEMPATH\CodeIgniter.php(488): CodeIgniter\CodeIgniter->createController()
 3 SYSTEMPATH\CodeIgniter.php(340): CodeIgniter\CodeIgniter->handleRequest(null, Object(Config\Cache), false)
 4 SYSTEMPATH\Boot.php(417): CodeIgniter\CodeIgniter->run()
 5 SYSTEMPATH\Boot.php(68): CodeIgniter\Boot::runCodeIgniter(Object(CodeIgniter\CodeIgniter))
 6 FCPATH\index.php(59): CodeIgniter\Boot::bootWeb(Object(Config\Paths))
 7 SYSTEMPATH\rewrite.php(44): require_once('C:\\laragon\\data\\kainkita\\public\\index.php')
WARNING - 2026-05-17 08:42:47 --> [DEPRECATED] Creation of dynamic property Modul\Wishlists\Controllers\Wishlists::$db is deprecated in APPPATH\Controllers\BaseController.php on line 50.
 1 SYSTEMPATH\CodeIgniter.php(922): App\Controllers\BaseController->initController(Object(CodeIgniter\HTTP\IncomingRequest), Object(CodeIgniter\HTTP\Response), Object(CodeIgniter\Log\Logger))
 2 SYSTEMPATH\CodeIgniter.php(488): CodeIgniter\CodeIgniter->createController()
 3 SYSTEMPATH\CodeIgniter.php(340): CodeIgniter\CodeIgniter->handleRequest(null, Object(Config\Cache), false)
 4 SYSTEMPATH\Boot.php(417): CodeIgniter\CodeIgniter->run()
 5 SYSTEMPATH\Boot.php(68): CodeIgniter\Boot::runCodeIgniter(Object(CodeIgniter\CodeIgniter))
 6 FCPATH\index.php(59): CodeIgniter\Boot::bootWeb(Object(Config\Paths))
 7 SYSTEMPATH\rewrite.php(44): require_once('C:\\laragon\\data\\kainkita\\public\\index.php')
WARNING - 2026-05-17 08:42:47 --> [DEPRECATED] Creation of dynamic property Modul\Wishlists\Controllers\Wishlists::$uri is deprecated in APPPATH\Controllers\BaseController.php on line 51.
 1 SYSTEMPATH\CodeIgniter.php(922): App\Controllers\BaseController->initController(Object(CodeIgniter\HTTP\IncomingRequest), Object(CodeIgniter\HTTP\Response), Object(CodeIgniter\Log\Logger))
 2 SYSTEMPATH\CodeIgniter.php(488): CodeIgniter\CodeIgniter->createController()
 3 SYSTEMPATH\CodeIgniter.php(340): CodeIgniter\CodeIgniter->handleRequest(null, Object(Config\Cache), false)
 4 SYSTEMPATH\Boot.php(417): CodeIgniter\CodeIgniter->run()
 5 SYSTEMPATH\Boot.php(68): CodeIgniter\Boot::runCodeIgniter(Object(CodeIgniter\CodeIgniter))
 6 FCPATH\index.php(59): CodeIgniter\Boot::bootWeb(Object(Config\Paths))
 7 SYSTEMPATH\rewrite.php(44): require_once('C:\\laragon\\data\\kainkita\\public\\index.php')
WARNING - 2026-05-17 08:42:47 --> [DEPRECATED] Creation of dynamic property Modul\Wishlists\Controllers\Wishlists::$pager is deprecated in APPPATH\Controllers\BaseController.php on line 52.
 1 SYSTEMPATH\CodeIgniter.php(922): App\Controllers\BaseController->initController(Object(CodeIgniter\HTTP\IncomingRequest), Object(CodeIgniter\HTTP\Response), Object(CodeIgniter\Log\Logger))
 2 SYSTEMPATH\CodeIgniter.php(488): CodeIgniter\CodeIgniter->createController()
 3 SYSTEMPATH\CodeIgniter.php(340): CodeIgniter\CodeIgniter->handleRequest(null, Object(Config\Cache), false)
 4 SYSTEMPATH\Boot.php(417): CodeIgniter\CodeIgniter->run()
 5 SYSTEMPATH\Boot.php(68): CodeIgniter\Boot::runCodeIgniter(Object(CodeIgniter\CodeIgniter))
 6 FCPATH\index.php(59): CodeIgniter\Boot::bootWeb(Object(Config\Paths))
 7 SYSTEMPATH\rewrite.php(44): require_once('C:\\laragon\\data\\kainkita\\public\\index.php')
DEBUG - 2026-05-17 08:42:51 --> Session: Class initialized using 'CodeIgniter\Session\Handlers\FileHandler' driver.
WARNING - 2026-05-17 08:42:51 --> [DEPRECATED] Creation of dynamic property Modul\Katalog\Controllers\Katalog::$session is deprecated in APPPATH\Controllers\BaseController.php on line 47.
 1 SYSTEMPATH\CodeIgniter.php(922): App\Controllers\BaseController->initController(Object(CodeIgniter\HTTP\IncomingRequest), Object(CodeIgniter\HTTP\Response), Object(CodeIgniter\Log\Logger))
 2 SYSTEMPATH\CodeIgniter.php(488): CodeIgniter\CodeIgniter->createController()
 3 SYSTEMPATH\CodeIgniter.php(340): CodeIgniter\CodeIgniter->handleRequest(null, Object(Config\Cache), false)
 4 SYSTEMPATH\Boot.php(417): CodeIgniter\CodeIgniter->run()
 5 SYSTEMPATH\Boot.php(68): CodeIgniter\Boot::runCodeIgniter(Object(CodeIgniter\CodeIgniter))
 6 FCPATH\index.php(59): CodeIgniter\Boot::bootWeb(Object(Config\Paths))
 7 SYSTEMPATH\rewrite.php(44): require_once('C:\\laragon\\data\\kainkita\\public\\index.php')
WARNING - 2026-05-17 08:42:51 --> [DEPRECATED] Creation of dynamic property Modul\Katalog\Controllers\Katalog::$validation is deprecated in APPPATH\Controllers\BaseController.php on line 48.
 1 SYSTEMPATH\CodeIgniter.php(922): App\Controllers\BaseController->initController(Object(CodeIgniter\HTTP\IncomingRequest), Object(CodeIgniter\HTTP\Response), Object(CodeIgniter\Log\Logger))
 2 SYSTEMPATH\CodeIgniter.php(488): CodeIgniter\CodeIgniter->createController()
 3 SYSTEMPATH\CodeIgniter.php(340): CodeIgniter\CodeIgniter->handleRequest(null, Object(Config\Cache), false)
 4 SYSTEMPATH\Boot.php(417): CodeIgniter\CodeIgniter->run()
 5 SYSTEMPATH\Boot.php(68): CodeIgniter\Boot::runCodeIgniter(Object(CodeIgniter\CodeIgniter))
 6 FCPATH\index.php(59): CodeIgniter\Boot::bootWeb(Object(Config\Paths))
 7 SYSTEMPATH\rewrite.php(44): require_once('C:\\laragon\\data\\kainkita\\public\\index.php')
WARNING - 2026-05-17 08:42:51 --> [DEPRECATED] Creation of dynamic property Modul\Katalog\Controllers\Katalog::$db is deprecated in APPPATH\Controllers\BaseController.php on line 50.
 1 SYSTEMPATH\CodeIgniter.php(922): App\Controllers\BaseController->initController(Object(CodeIgniter\HTTP\IncomingRequest), Object(CodeIgniter\HTTP\Response), Object(CodeIgniter\Log\Logger))
 2 SYSTEMPATH\CodeIgniter.php(488): CodeIgniter\CodeIgniter->createController()
 3 SYSTEMPATH\CodeIgniter.php(340): CodeIgniter\CodeIgniter->handleRequest(null, Object(Config\Cache), false)
 4 SYSTEMPATH\Boot.php(417): CodeIgniter\CodeIgniter->run()
 5 SYSTEMPATH\Boot.php(68): CodeIgniter\Boot::runCodeIgniter(Object(CodeIgniter\CodeIgniter))
 6 FCPATH\index.php(59): CodeIgniter\Boot::bootWeb(Object(Config\Paths))
 7 SYSTEMPATH\rewrite.php(44): require_once('C:\\laragon\\data\\kainkita\\public\\index.php')
WARNING - 2026-05-17 08:42:51 --> [DEPRECATED] Creation of dynamic property Modul\Katalog\Controllers\Katalog::$uri is deprecated in APPPATH\Controllers\BaseController.php on line 51.
 1 SYSTEMPATH\CodeIgniter.php(922): App\Controllers\BaseController->initController(Object(CodeIgniter\HTTP\IncomingRequest), Object(CodeIgniter\HTTP\Response), Object(CodeIgniter\Log\Logger))
 2 SYSTEMPATH\CodeIgniter.php(488): CodeIgniter\CodeIgniter->createController()
 3 SYSTEMPATH\CodeIgniter.php(340): CodeIgniter\CodeIgniter->handleRequest(null, Object(Config\Cache), false)
 4 SYSTEMPATH\Boot.php(417): CodeIgniter\CodeIgniter->run()
 5 SYSTEMPATH\Boot.php(68): CodeIgniter\Boot::runCodeIgniter(Object(CodeIgniter\CodeIgniter))
 6 FCPATH\index.php(59): CodeIgniter\Boot::bootWeb(Object(Config\Paths))
 7 SYSTEMPATH\rewrite.php(44): require_once('C:\\laragon\\data\\kainkita\\public\\index.php')
WARNING - 2026-05-17 08:42:51 --> [DEPRECATED] Creation of dynamic property Modul\Katalog\Controllers\Katalog::$pager is deprecated in APPPATH\Controllers\BaseController.php on line 52.
 1 SYSTEMPATH\CodeIgniter.php(922): App\Controllers\BaseController->initController(Object(CodeIgniter\HTTP\IncomingRequest), Object(CodeIgniter\HTTP\Response), Object(CodeIgniter\Log\Logger))
 2 SYSTEMPATH\CodeIgniter.php(488): CodeIgniter\CodeIgniter->createController()
 3 SYSTEMPATH\CodeIgniter.php(340): CodeIgniter\CodeIgniter->handleRequest(null, Object(Config\Cache), false)
 4 SYSTEMPATH\Boot.php(417): CodeIgniter\CodeIgniter->run()
 5 SYSTEMPATH\Boot.php(68): CodeIgniter\Boot::runCodeIgniter(Object(CodeIgniter\CodeIgniter))
 6 FCPATH\index.php(59): CodeIgniter\Boot::bootWeb(Object(Config\Paths))
 7 SYSTEMPATH\rewrite.php(44): require_once('C:\\laragon\\data\\kainkita\\public\\index.php')
DEBUG - 2026-05-17 08:42:53 --> Session: Class initialized using 'CodeIgniter\Session\Handlers\FileHandler' driver.
WARNING - 2026-05-17 08:42:53 --> [DEPRECATED] Creation of dynamic property Modul\Katalog\Controllers\Katalog::$session is deprecated in APPPATH\Controllers\BaseController.php on line 47.
 1 SYSTEMPATH\CodeIgniter.php(922): App\Controllers\BaseController->initController(Object(CodeIgniter\HTTP\IncomingRequest), Object(CodeIgniter\HTTP\Response), Object(CodeIgniter\Log\Logger))
 2 SYSTEMPATH\CodeIgniter.php(488): CodeIgniter\CodeIgniter->createController()
 3 SYSTEMPATH\CodeIgniter.php(340): CodeIgniter\CodeIgniter->handleRequest(null, Object(Config\Cache), false)
 4 SYSTEMPATH\Boot.php(417): CodeIgniter\CodeIgniter->run()
 5 SYSTEMPATH\Boot.php(68): CodeIgniter\Boot::runCodeIgniter(Object(CodeIgniter\CodeIgniter))
 6 FCPATH\index.php(59): CodeIgniter\Boot::bootWeb(Object(Config\Paths))
 7 SYSTEMPATH\rewrite.php(44): require_once('C:\\laragon\\data\\kainkita\\public\\index.php')
WARNING - 2026-05-17 08:42:54 --> [DEPRECATED] Creation of dynamic property Modul\Katalog\Controllers\Katalog::$validation is deprecated in APPPATH\Controllers\BaseController.php on line 48.
 1 SYSTEMPATH\CodeIgniter.php(922): App\Controllers\BaseController->initController(Object(CodeIgniter\HTTP\IncomingRequest), Object(CodeIgniter\HTTP\Response), Object(CodeIgniter\Log\Logger))
 2 SYSTEMPATH\CodeIgniter.php(488): CodeIgniter\CodeIgniter->createController()
 3 SYSTEMPATH\CodeIgniter.php(340): CodeIgniter\CodeIgniter->handleRequest(null, Object(Config\Cache), false)
 4 SYSTEMPATH\Boot.php(417): CodeIgniter\CodeIgniter->run()
 5 SYSTEMPATH\Boot.php(68): CodeIgniter\Boot::runCodeIgniter(Object(CodeIgniter\CodeIgniter))
 6 FCPATH\index.php(59): CodeIgniter\Boot::bootWeb(Object(Config\Paths))
 7 SYSTEMPATH\rewrite.php(44): require_once('C:\\laragon\\data\\kainkita\\public\\index.php')
WARNING - 2026-05-17 08:42:54 --> [DEPRECATED] Creation of dynamic property Modul\Katalog\Controllers\Katalog::$db is deprecated in APPPATH\Controllers\BaseController.php on line 50.
 1 SYSTEMPATH\CodeIgniter.php(922): App\Controllers\BaseController->initController(Object(CodeIgniter\HTTP\IncomingRequest), Object(CodeIgniter\HTTP\Response), Object(CodeIgniter\Log\Logger))
 2 SYSTEMPATH\CodeIgniter.php(488): CodeIgniter\CodeIgniter->createController()
 3 SYSTEMPATH\CodeIgniter.php(340): CodeIgniter\CodeIgniter->handleRequest(null, Object(Config\Cache), false)
 4 SYSTEMPATH\Boot.php(417): CodeIgniter\CodeIgniter->run()
 5 SYSTEMPATH\Boot.php(68): CodeIgniter\Boot::runCodeIgniter(Object(CodeIgniter\CodeIgniter))
 6 FCPATH\index.php(59): CodeIgniter\Boot::bootWeb(Object(Config\Paths))
 7 SYSTEMPATH\rewrite.php(44): require_once('C:\\laragon\\data\\kainkita\\public\\index.php')
WARNING - 2026-05-17 08:42:54 --> [DEPRECATED] Creation of dynamic property Modul\Katalog\Controllers\Katalog::$uri is deprecated in APPPATH\Controllers\BaseController.php on line 51.
 1 SYSTEMPATH\CodeIgniter.php(922): App\Controllers\BaseController->initController(Object(CodeIgniter\HTTP\IncomingRequest), Object(CodeIgniter\HTTP\Response), Object(CodeIgniter\Log\Logger))
 2 SYSTEMPATH\CodeIgniter.php(488): CodeIgniter\CodeIgniter->createController()
 3 SYSTEMPATH\CodeIgniter.php(340): CodeIgniter\CodeIgniter->handleRequest(null, Object(Config\Cache), false)
 4 SYSTEMPATH\Boot.php(417): CodeIgniter\CodeIgniter->run()
 5 SYSTEMPATH\Boot.php(68): CodeIgniter\Boot::runCodeIgniter(Object(CodeIgniter\CodeIgniter))
 6 FCPATH\index.php(59): CodeIgniter\Boot::bootWeb(Object(Config\Paths))
 7 SYSTEMPATH\rewrite.php(44): require_once('C:\\laragon\\data\\kainkita\\public\\index.php')
WARNING - 2026-05-17 08:42:54 --> [DEPRECATED] Creation of dynamic property Modul\Katalog\Controllers\Katalog::$pager is deprecated in APPPATH\Controllers\BaseController.php on line 52.
 1 SYSTEMPATH\CodeIgniter.php(922): App\Controllers\BaseController->initController(Object(CodeIgniter\HTTP\IncomingRequest), Object(CodeIgniter\HTTP\Response), Object(CodeIgniter\Log\Logger))
 2 SYSTEMPATH\CodeIgniter.php(488): CodeIgniter\CodeIgniter->createController()
 3 SYSTEMPATH\CodeIgniter.php(340): CodeIgniter\CodeIgniter->handleRequest(null, Object(Config\Cache), false)
 4 SYSTEMPATH\Boot.php(417): CodeIgniter\CodeIgniter->run()
 5 SYSTEMPATH\Boot.php(68): CodeIgniter\Boot::runCodeIgniter(Object(CodeIgniter\CodeIgniter))
 6 FCPATH\index.php(59): CodeIgniter\Boot::bootWeb(Object(Config\Paths))
 7 SYSTEMPATH\rewrite.php(44): require_once('C:\\laragon\\data\\kainkita\\public\\index.php')
DEBUG - 2026-05-17 08:42:55 --> Session: Class initialized using 'CodeIgniter\Session\Handlers\FileHandler' driver.
WARNING - 2026-05-17 08:42:55 --> [DEPRECATED] Creation of dynamic property Modul\Katalog\Controllers\Katalog::$session is deprecated in APPPATH\Controllers\BaseController.php on line 47.
 1 SYSTEMPATH\CodeIgniter.php(922): App\Controllers\BaseController->initController(Object(CodeIgniter\HTTP\IncomingRequest), Object(CodeIgniter\HTTP\Response), Object(CodeIgniter\Log\Logger))
 2 SYSTEMPATH\CodeIgniter.php(488): CodeIgniter\CodeIgniter->createController()
 3 SYSTEMPATH\CodeIgniter.php(340): CodeIgniter\CodeIgniter->handleRequest(null, Object(Config\Cache), false)
 4 SYSTEMPATH\Boot.php(417): CodeIgniter\CodeIgniter->run()
 5 SYSTEMPATH\Boot.php(68): CodeIgniter\Boot::runCodeIgniter(Object(CodeIgniter\CodeIgniter))
 6 FCPATH\index.php(59): CodeIgniter\Boot::bootWeb(Object(Config\Paths))
 7 SYSTEMPATH\rewrite.php(44): require_once('C:\\laragon\\data\\kainkita\\public\\index.php')
WARNING - 2026-05-17 08:42:55 --> [DEPRECATED] Creation of dynamic property Modul\Katalog\Controllers\Katalog::$validation is deprecated in APPPATH\Controllers\BaseController.php on line 48.
 1 SYSTEMPATH\CodeIgniter.php(922): App\Controllers\BaseController->initController(Object(CodeIgniter\HTTP\IncomingRequest), Object(CodeIgniter\HTTP\Response), Object(CodeIgniter\Log\Logger))
 2 SYSTEMPATH\CodeIgniter.php(488): CodeIgniter\CodeIgniter->createController()
 3 SYSTEMPATH\CodeIgniter.php(340): CodeIgniter\CodeIgniter->handleRequest(null, Object(Config\Cache), false)
 4 SYSTEMPATH\Boot.php(417): CodeIgniter\CodeIgniter->run()
 5 SYSTEMPATH\Boot.php(68): CodeIgniter\Boot::runCodeIgniter(Object(CodeIgniter\CodeIgniter))
 6 FCPATH\index.php(59): CodeIgniter\Boot::bootWeb(Object(Config\Paths))
 7 SYSTEMPATH\rewrite.php(44): require_once('C:\\laragon\\data\\kainkita\\public\\index.php')
WARNING - 2026-05-17 08:42:55 --> [DEPRECATED] Creation of dynamic property Modul\Katalog\Controllers\Katalog::$db is deprecated in APPPATH\Controllers\BaseController.php on line 50.
 1 SYSTEMPATH\CodeIgniter.php(922): App\Controllers\BaseController->initController(Object(CodeIgniter\HTTP\IncomingRequest), Object(CodeIgniter\HTTP\Response), Object(CodeIgniter\Log\Logger))
 2 SYSTEMPATH\CodeIgniter.php(488): CodeIgniter\CodeIgniter->createController()
 3 SYSTEMPATH\CodeIgniter.php(340): CodeIgniter\CodeIgniter->handleRequest(null, Object(Config\Cache), false)
 4 SYSTEMPATH\Boot.php(417): CodeIgniter\CodeIgniter->run()
 5 SYSTEMPATH\Boot.php(68): CodeIgniter\Boot::runCodeIgniter(Object(CodeIgniter\CodeIgniter))
 6 FCPATH\index.php(59): CodeIgniter\Boot::bootWeb(Object(Config\Paths))
 7 SYSTEMPATH\rewrite.php(44): require_once('C:\\laragon\\data\\kainkita\\public\\index.php')
WARNING - 2026-05-17 08:42:55 --> [DEPRECATED] Creation of dynamic property Modul\Katalog\Controllers\Katalog::$uri is deprecated in APPPATH\Controllers\BaseController.php on line 51.
 1 SYSTEMPATH\CodeIgniter.php(922): App\Controllers\BaseController->initController(Object(CodeIgniter\HTTP\IncomingRequest), Object(CodeIgniter\HTTP\Response), Object(CodeIgniter\Log\Logger))
 2 SYSTEMPATH\CodeIgniter.php(488): CodeIgniter\CodeIgniter->createController()
 3 SYSTEMPATH\CodeIgniter.php(340): CodeIgniter\CodeIgniter->handleRequest(null, Object(Config\Cache), false)
 4 SYSTEMPATH\Boot.php(417): CodeIgniter\CodeIgniter->run()
 5 SYSTEMPATH\Boot.php(68): CodeIgniter\Boot::runCodeIgniter(Object(CodeIgniter\CodeIgniter))
 6 FCPATH\index.php(59): CodeIgniter\Boot::bootWeb(Object(Config\Paths))
 7 SYSTEMPATH\rewrite.php(44): require_once('C:\\laragon\\data\\kainkita\\public\\index.php')
WARNING - 2026-05-17 08:42:55 --> [DEPRECATED] Creation of dynamic property Modul\Katalog\Controllers\Katalog::$pager is deprecated in APPPATH\Controllers\BaseController.php on line 52.
 1 SYSTEMPATH\CodeIgniter.php(922): App\Controllers\BaseController->initController(Object(CodeIgniter\HTTP\IncomingRequest), Object(CodeIgniter\HTTP\Response), Object(CodeIgniter\Log\Logger))
 2 SYSTEMPATH\CodeIgniter.php(488): CodeIgniter\CodeIgniter->createController()
 3 SYSTEMPATH\CodeIgniter.php(340): CodeIgniter\CodeIgniter->handleRequest(null, Object(Config\Cache), false)
 4 SYSTEMPATH\Boot.php(417): CodeIgniter\CodeIgniter->run()
 5 SYSTEMPATH\Boot.php(68): CodeIgniter\Boot::runCodeIgniter(Object(CodeIgniter\CodeIgniter))
 6 FCPATH\index.php(59): CodeIgniter\Boot::bootWeb(Object(Config\Paths))
 7 SYSTEMPATH\rewrite.php(44): require_once('C:\\laragon\\data\\kainkita\\public\\index.php')
DEBUG - 2026-05-17 08:42:57 --> Session: Class initialized using 'CodeIgniter\Session\Handlers\FileHandler' driver.
WARNING - 2026-05-17 08:42:57 --> [DEPRECATED] Creation of dynamic property Modul\Katalog\Controllers\Katalog::$session is deprecated in APPPATH\Controllers\BaseController.php on line 47.
 1 SYSTEMPATH\CodeIgniter.php(922): App\Controllers\BaseController->initController(Object(CodeIgniter\HTTP\IncomingRequest), Object(CodeIgniter\HTTP\Response), Object(CodeIgniter\Log\Logger))
 2 SYSTEMPATH\CodeIgniter.php(488): CodeIgniter\CodeIgniter->createController()
 3 SYSTEMPATH\CodeIgniter.php(340): CodeIgniter\CodeIgniter->handleRequest(null, Object(Config\Cache), false)
 4 SYSTEMPATH\Boot.php(417): CodeIgniter\CodeIgniter->run()
 5 SYSTEMPATH\Boot.php(68): CodeIgniter\Boot::runCodeIgniter(Object(CodeIgniter\CodeIgniter))
 6 FCPATH\index.php(59): CodeIgniter\Boot::bootWeb(Object(Config\Paths))
 7 SYSTEMPATH\rewrite.php(44): require_once('C:\\laragon\\data\\kainkita\\public\\index.php')
WARNING - 2026-05-17 08:42:57 --> [DEPRECATED] Creation of dynamic property Modul\Katalog\Controllers\Katalog::$validation is deprecated in APPPATH\Controllers\BaseController.php on line 48.
 1 SYSTEMPATH\CodeIgniter.php(922): App\Controllers\BaseController->initController(Object(CodeIgniter\HTTP\IncomingRequest), Object(CodeIgniter\HTTP\Response), Object(CodeIgniter\Log\Logger))
 2 SYSTEMPATH\CodeIgniter.php(488): CodeIgniter\CodeIgniter->createController()
 3 SYSTEMPATH\CodeIgniter.php(340): CodeIgniter\CodeIgniter->handleRequest(null, Object(Config\Cache), false)
 4 SYSTEMPATH\Boot.php(417): CodeIgniter\CodeIgniter->run()
 5 SYSTEMPATH\Boot.php(68): CodeIgniter\Boot::runCodeIgniter(Object(CodeIgniter\CodeIgniter))
 6 FCPATH\index.php(59): CodeIgniter\Boot::bootWeb(Object(Config\Paths))
 7 SYSTEMPATH\rewrite.php(44): require_once('C:\\laragon\\data\\kainkita\\public\\index.php')
WARNING - 2026-05-17 08:42:57 --> [DEPRECATED] Creation of dynamic property Modul\Katalog\Controllers\Katalog::$db is deprecated in APPPATH\Controllers\BaseController.php on line 50.
 1 SYSTEMPATH\CodeIgniter.php(922): App\Controllers\BaseController->initController(Object(CodeIgniter\HTTP\IncomingRequest), Object(CodeIgniter\HTTP\Response), Object(CodeIgniter\Log\Logger))
 2 SYSTEMPATH\CodeIgniter.php(488): CodeIgniter\CodeIgniter->createController()
 3 SYSTEMPATH\CodeIgniter.php(340): CodeIgniter\CodeIgniter->handleRequest(null, Object(Config\Cache), false)
 4 SYSTEMPATH\Boot.php(417): CodeIgniter\CodeIgniter->run()
 5 SYSTEMPATH\Boot.php(68): CodeIgniter\Boot::runCodeIgniter(Object(CodeIgniter\CodeIgniter))
 6 FCPATH\index.php(59): CodeIgniter\Boot::bootWeb(Object(Config\Paths))
 7 SYSTEMPATH\rewrite.php(44): require_once('C:\\laragon\\data\\kainkita\\public\\index.php')
WARNING - 2026-05-17 08:42:57 --> [DEPRECATED] Creation of dynamic property Modul\Katalog\Controllers\Katalog::$uri is deprecated in APPPATH\Controllers\BaseController.php on line 51.
 1 SYSTEMPATH\CodeIgniter.php(922): App\Controllers\BaseController->initController(Object(CodeIgniter\HTTP\IncomingRequest), Object(CodeIgniter\HTTP\Response), Object(CodeIgniter\Log\Logger))
 2 SYSTEMPATH\CodeIgniter.php(488): CodeIgniter\CodeIgniter->createController()
 3 SYSTEMPATH\CodeIgniter.php(340): CodeIgniter\CodeIgniter->handleRequest(null, Object(Config\Cache), false)
 4 SYSTEMPATH\Boot.php(417): CodeIgniter\CodeIgniter->run()
 5 SYSTEMPATH\Boot.php(68): CodeIgniter\Boot::runCodeIgniter(Object(CodeIgniter\CodeIgniter))
 6 FCPATH\index.php(59): CodeIgniter\Boot::bootWeb(Object(Config\Paths))
 7 SYSTEMPATH\rewrite.php(44): require_once('C:\\laragon\\data\\kainkita\\public\\index.php')
WARNING - 2026-05-17 08:42:57 --> [DEPRECATED] Creation of dynamic property Modul\Katalog\Controllers\Katalog::$pager is deprecated in APPPATH\Controllers\BaseController.php on line 52.
 1 SYSTEMPATH\CodeIgniter.php(922): App\Controllers\BaseController->initController(Object(CodeIgniter\HTTP\IncomingRequest), Object(CodeIgniter\HTTP\Response), Object(CodeIgniter\Log\Logger))
 2 SYSTEMPATH\CodeIgniter.php(488): CodeIgniter\CodeIgniter->createController()
 3 SYSTEMPATH\CodeIgniter.php(340): CodeIgniter\CodeIgniter->handleRequest(null, Object(Config\Cache), false)
 4 SYSTEMPATH\Boot.php(417): CodeIgniter\CodeIgniter->run()
 5 SYSTEMPATH\Boot.php(68): CodeIgniter\Boot::runCodeIgniter(Object(CodeIgniter\CodeIgniter))
 6 FCPATH\index.php(59): CodeIgniter\Boot::bootWeb(Object(Config\Paths))
 7 SYSTEMPATH\rewrite.php(44): require_once('C:\\laragon\\data\\kainkita\\public\\index.php')
DEBUG - 2026-05-17 08:43:03 --> Session: Class initialized using 'CodeIgniter\Session\Handlers\FileHandler' driver.
WARNING - 2026-05-17 08:43:03 --> [DEPRECATED] Creation of dynamic property Modul\Home\Controllers\Home::$session is deprecated in APPPATH\Controllers\BaseController.php on line 47.
 1 SYSTEMPATH\CodeIgniter.php(922): App\Controllers\BaseController->initController(Object(CodeIgniter\HTTP\IncomingRequest), Object(CodeIgniter\HTTP\Response), Object(CodeIgniter\Log\Logger))
 2 SYSTEMPATH\CodeIgniter.php(488): CodeIgniter\CodeIgniter->createController()
 3 SYSTEMPATH\CodeIgniter.php(340): CodeIgniter\CodeIgniter->handleRequest(null, Object(Config\Cache), false)
 4 SYSTEMPATH\Boot.php(417): CodeIgniter\CodeIgniter->run()
 5 SYSTEMPATH\Boot.php(68): CodeIgniter\Boot::runCodeIgniter(Object(CodeIgniter\CodeIgniter))
 6 FCPATH\index.php(59): CodeIgniter\Boot::bootWeb(Object(Config\Paths))
 7 SYSTEMPATH\rewrite.php(44): require_once('C:\\laragon\\data\\kainkita\\public\\index.php')
WARNING - 2026-05-17 08:43:03 --> [DEPRECATED] Creation of dynamic property Modul\Home\Controllers\Home::$validation is deprecated in APPPATH\Controllers\BaseController.php on line 48.
 1 SYSTEMPATH\CodeIgniter.php(922): App\Controllers\BaseController->initController(Object(CodeIgniter\HTTP\IncomingRequest), Object(CodeIgniter\HTTP\Response), Object(CodeIgniter\Log\Logger))
 2 SYSTEMPATH\CodeIgniter.php(488): CodeIgniter\CodeIgniter->createController()
 3 SYSTEMPATH\CodeIgniter.php(340): CodeIgniter\CodeIgniter->handleRequest(null, Object(Config\Cache), false)
 4 SYSTEMPATH\Boot.php(417): CodeIgniter\CodeIgniter->run()
 5 SYSTEMPATH\Boot.php(68): CodeIgniter\Boot::runCodeIgniter(Object(CodeIgniter\CodeIgniter))
 6 FCPATH\index.php(59): CodeIgniter\Boot::bootWeb(Object(Config\Paths))
 7 SYSTEMPATH\rewrite.php(44): require_once('C:\\laragon\\data\\kainkita\\public\\index.php')
WARNING - 2026-05-17 08:43:03 --> [DEPRECATED] Creation of dynamic property Modul\Home\Controllers\Home::$db is deprecated in APPPATH\Controllers\BaseController.php on line 50.
 1 SYSTEMPATH\CodeIgniter.php(922): App\Controllers\BaseController->initController(Object(CodeIgniter\HTTP\IncomingRequest), Object(CodeIgniter\HTTP\Response), Object(CodeIgniter\Log\Logger))
 2 SYSTEMPATH\CodeIgniter.php(488): CodeIgniter\CodeIgniter->createController()
 3 SYSTEMPATH\CodeIgniter.php(340): CodeIgniter\CodeIgniter->handleRequest(null, Object(Config\Cache), false)
 4 SYSTEMPATH\Boot.php(417): CodeIgniter\CodeIgniter->run()
 5 SYSTEMPATH\Boot.php(68): CodeIgniter\Boot::runCodeIgniter(Object(CodeIgniter\CodeIgniter))
 6 FCPATH\index.php(59): CodeIgniter\Boot::bootWeb(Object(Config\Paths))
 7 SYSTEMPATH\rewrite.php(44): require_once('C:\\laragon\\data\\kainkita\\public\\index.php')
WARNING - 2026-05-17 08:43:03 --> [DEPRECATED] Creation of dynamic property Modul\Home\Controllers\Home::$uri is deprecated in APPPATH\Controllers\BaseController.php on line 51.
 1 SYSTEMPATH\CodeIgniter.php(922): App\Controllers\BaseController->initController(Object(CodeIgniter\HTTP\IncomingRequest), Object(CodeIgniter\HTTP\Response), Object(CodeIgniter\Log\Logger))
 2 SYSTEMPATH\CodeIgniter.php(488): CodeIgniter\CodeIgniter->createController()
 3 SYSTEMPATH\CodeIgniter.php(340): CodeIgniter\CodeIgniter->handleRequest(null, Object(Config\Cache), false)
 4 SYSTEMPATH\Boot.php(417): CodeIgniter\CodeIgniter->run()
 5 SYSTEMPATH\Boot.php(68): CodeIgniter\Boot::runCodeIgniter(Object(CodeIgniter\CodeIgniter))
 6 FCPATH\index.php(59): CodeIgniter\Boot::bootWeb(Object(Config\Paths))
 7 SYSTEMPATH\rewrite.php(44): require_once('C:\\laragon\\data\\kainkita\\public\\index.php')
WARNING - 2026-05-17 08:43:03 --> [DEPRECATED] Creation of dynamic property Modul\Home\Controllers\Home::$pager is deprecated in APPPATH\Controllers\BaseController.php on line 52.
 1 SYSTEMPATH\CodeIgniter.php(922): App\Controllers\BaseController->initController(Object(CodeIgniter\HTTP\IncomingRequest), Object(CodeIgniter\HTTP\Response), Object(CodeIgniter\Log\Logger))
 2 SYSTEMPATH\CodeIgniter.php(488): CodeIgniter\CodeIgniter->createController()
 3 SYSTEMPATH\CodeIgniter.php(340): CodeIgniter\CodeIgniter->handleRequest(null, Object(Config\Cache), false)
 4 SYSTEMPATH\Boot.php(417): CodeIgniter\CodeIgniter->run()
 5 SYSTEMPATH\Boot.php(68): CodeIgniter\Boot::runCodeIgniter(Object(CodeIgniter\CodeIgniter))
 6 FCPATH\index.php(59): CodeIgniter\Boot::bootWeb(Object(Config\Paths))
 7 SYSTEMPATH\rewrite.php(44): require_once('C:\\laragon\\data\\kainkita\\public\\index.php')
WARNING - 2026-05-17 08:43:03 --> [DEPRECATED] Creation of dynamic property CodeIgniter\View\View::$db is deprecated in APPPATH\Views\layout\template.php on line 4.
 1 SYSTEMPATH\View\View.php(238): include('C:\\laragon\\data\\kainkita\\app\\Views\\layout\\template.php')
 2 SYSTEMPATH\View\View.php(241): CodeIgniter\View\View->CodeIgniter\View\{closure}()
 3 SYSTEMPATH\View\View.php(254): CodeIgniter\View\View->render('layout/template', [], true)
 4 SYSTEMPATH\Common.php(1250): CodeIgniter\View\View->render('Modul\\Home\\Views\\viewHome', [], true)
 5 ROOTPATH\modul\Home\Controllers\Home.php(71): view('Modul\\Home\\Views\\viewHome', [...])
 6 SYSTEMPATH\CodeIgniter.php(951): Modul\Home\Controllers\Home->index()
 7 SYSTEMPATH\CodeIgniter.php(497): CodeIgniter\CodeIgniter->runController(Object(Modul\Home\Controllers\Home))
 8 SYSTEMPATH\CodeIgniter.php(340): CodeIgniter\CodeIgniter->handleRequest(null, Object(Config\Cache), false)
 9 SYSTEMPATH\Boot.php(417): CodeIgniter\CodeIgniter->run()
10 SYSTEMPATH\Boot.php(68): CodeIgniter\Boot::runCodeIgniter(Object(CodeIgniter\CodeIgniter))
11 FCPATH\index.php(59): CodeIgniter\Boot::bootWeb(Object(Config\Paths))
12 SYSTEMPATH\rewrite.php(44): require_once('C:\\laragon\\data\\kainkita\\public\\index.php')
DEBUG - 2026-05-17 08:43:04 --> Session: Class initialized using 'CodeIgniter\Session\Handlers\FileHandler' driver.
WARNING - 2026-05-17 08:43:04 --> [DEPRECATED] Creation of dynamic property Modul\Carts\Controllers\Carts::$session is deprecated in APPPATH\Controllers\BaseController.php on line 47.
 1 SYSTEMPATH\CodeIgniter.php(922): App\Controllers\BaseController->initController(Object(CodeIgniter\HTTP\IncomingRequest), Object(CodeIgniter\HTTP\Response), Object(CodeIgniter\Log\Logger))
 2 SYSTEMPATH\CodeIgniter.php(488): CodeIgniter\CodeIgniter->createController()
 3 SYSTEMPATH\CodeIgniter.php(340): CodeIgniter\CodeIgniter->handleRequest(null, Object(Config\Cache), false)
 4 SYSTEMPATH\Boot.php(417): CodeIgniter\CodeIgniter->run()
 5 SYSTEMPATH\Boot.php(68): CodeIgniter\Boot::runCodeIgniter(Object(CodeIgniter\CodeIgniter))
 6 FCPATH\index.php(59): CodeIgniter\Boot::bootWeb(Object(Config\Paths))
 7 SYSTEMPATH\rewrite.php(44): require_once('C:\\laragon\\data\\kainkita\\public\\index.php')
WARNING - 2026-05-17 08:43:04 --> [DEPRECATED] Creation of dynamic property Modul\Carts\Controllers\Carts::$validation is deprecated in APPPATH\Controllers\BaseController.php on line 48.
 1 SYSTEMPATH\CodeIgniter.php(922): App\Controllers\BaseController->initController(Object(CodeIgniter\HTTP\IncomingRequest), Object(CodeIgniter\HTTP\Response), Object(CodeIgniter\Log\Logger))
 2 SYSTEMPATH\CodeIgniter.php(488): CodeIgniter\CodeIgniter->createController()
 3 SYSTEMPATH\CodeIgniter.php(340): CodeIgniter\CodeIgniter->handleRequest(null, Object(Config\Cache), false)
 4 SYSTEMPATH\Boot.php(417): CodeIgniter\CodeIgniter->run()
 5 SYSTEMPATH\Boot.php(68): CodeIgniter\Boot::runCodeIgniter(Object(CodeIgniter\CodeIgniter))
 6 FCPATH\index.php(59): CodeIgniter\Boot::bootWeb(Object(Config\Paths))
 7 SYSTEMPATH\rewrite.php(44): require_once('C:\\laragon\\data\\kainkita\\public\\index.php')
WARNING - 2026-05-17 08:43:04 --> [DEPRECATED] Creation of dynamic property Modul\Carts\Controllers\Carts::$db is deprecated in APPPATH\Controllers\BaseController.php on line 50.
 1 SYSTEMPATH\CodeIgniter.php(922): App\Controllers\BaseController->initController(Object(CodeIgniter\HTTP\IncomingRequest), Object(CodeIgniter\HTTP\Response), Object(CodeIgniter\Log\Logger))
 2 SYSTEMPATH\CodeIgniter.php(488): CodeIgniter\CodeIgniter->createController()
 3 SYSTEMPATH\CodeIgniter.php(340): CodeIgniter\CodeIgniter->handleRequest(null, Object(Config\Cache), false)
 4 SYSTEMPATH\Boot.php(417): CodeIgniter\CodeIgniter->run()
 5 SYSTEMPATH\Boot.php(68): CodeIgniter\Boot::runCodeIgniter(Object(CodeIgniter\CodeIgniter))
 6 FCPATH\index.php(59): CodeIgniter\Boot::bootWeb(Object(Config\Paths))
 7 SYSTEMPATH\rewrite.php(44): require_once('C:\\laragon\\data\\kainkita\\public\\index.php')
WARNING - 2026-05-17 08:43:04 --> [DEPRECATED] Creation of dynamic property Modul\Carts\Controllers\Carts::$uri is deprecated in APPPATH\Controllers\BaseController.php on line 51.
 1 SYSTEMPATH\CodeIgniter.php(922): App\Controllers\BaseController->initController(Object(CodeIgniter\HTTP\IncomingRequest), Object(CodeIgniter\HTTP\Response), Object(CodeIgniter\Log\Logger))
 2 SYSTEMPATH\CodeIgniter.php(488): CodeIgniter\CodeIgniter->createController()
 3 SYSTEMPATH\CodeIgniter.php(340): CodeIgniter\CodeIgniter->handleRequest(null, Object(Config\Cache), false)
 4 SYSTEMPATH\Boot.php(417): CodeIgniter\CodeIgniter->run()
 5 SYSTEMPATH\Boot.php(68): CodeIgniter\Boot::runCodeIgniter(Object(CodeIgniter\CodeIgniter))
 6 FCPATH\index.php(59): CodeIgniter\Boot::bootWeb(Object(Config\Paths))
 7 SYSTEMPATH\rewrite.php(44): require_once('C:\\laragon\\data\\kainkita\\public\\index.php')
WARNING - 2026-05-17 08:43:04 --> [DEPRECATED] Creation of dynamic property Modul\Carts\Controllers\Carts::$pager is deprecated in APPPATH\Controllers\BaseController.php on line 52.
 1 SYSTEMPATH\CodeIgniter.php(922): App\Controllers\BaseController->initController(Object(CodeIgniter\HTTP\IncomingRequest), Object(CodeIgniter\HTTP\Response), Object(CodeIgniter\Log\Logger))
 2 SYSTEMPATH\CodeIgniter.php(488): CodeIgniter\CodeIgniter->createController()
 3 SYSTEMPATH\CodeIgniter.php(340): CodeIgniter\CodeIgniter->handleRequest(null, Object(Config\Cache), false)
 4 SYSTEMPATH\Boot.php(417): CodeIgniter\CodeIgniter->run()
 5 SYSTEMPATH\Boot.php(68): CodeIgniter\Boot::runCodeIgniter(Object(CodeIgniter\CodeIgniter))
 6 FCPATH\index.php(59): CodeIgniter\Boot::bootWeb(Object(Config\Paths))
 7 SYSTEMPATH\rewrite.php(44): require_once('C:\\laragon\\data\\kainkita\\public\\index.php')
DEBUG - 2026-05-17 08:43:15 --> Session: Class initialized using 'CodeIgniter\Session\Handlers\FileHandler' driver.
WARNING - 2026-05-17 08:43:15 --> [DEPRECATED] Creation of dynamic property Modul\Wishlists\Controllers\Wishlists::$wishlist is deprecated in ROOTPATH\modul\Wishlists\Controllers\Wishlists.php on line 13.
 1 SYSTEMPATH\CodeIgniter.php(921): Modul\Wishlists\Controllers\Wishlists->__construct()
 2 SYSTEMPATH\CodeIgniter.php(488): CodeIgniter\CodeIgniter->createController()
 3 SYSTEMPATH\CodeIgniter.php(340): CodeIgniter\CodeIgniter->handleRequest(null, Object(Config\Cache), false)
 4 SYSTEMPATH\Boot.php(417): CodeIgniter\CodeIgniter->run()
 5 SYSTEMPATH\Boot.php(68): CodeIgniter\Boot::runCodeIgniter(Object(CodeIgniter\CodeIgniter))
 6 FCPATH\index.php(59): CodeIgniter\Boot::bootWeb(Object(Config\Paths))
 7 SYSTEMPATH\rewrite.php(44): require_once('C:\\laragon\\data\\kainkita\\public\\index.php')
WARNING - 2026-05-17 08:43:15 --> [DEPRECATED] Creation of dynamic property Modul\Wishlists\Controllers\Wishlists::$customers is deprecated in ROOTPATH\modul\Wishlists\Controllers\Wishlists.php on line 14.
 1 SYSTEMPATH\CodeIgniter.php(921): Modul\Wishlists\Controllers\Wishlists->__construct()
 2 SYSTEMPATH\CodeIgniter.php(488): CodeIgniter\CodeIgniter->createController()
 3 SYSTEMPATH\CodeIgniter.php(340): CodeIgniter\CodeIgniter->handleRequest(null, Object(Config\Cache), false)
 4 SYSTEMPATH\Boot.php(417): CodeIgniter\CodeIgniter->run()
 5 SYSTEMPATH\Boot.php(68): CodeIgniter\Boot::runCodeIgniter(Object(CodeIgniter\CodeIgniter))
 6 FCPATH\index.php(59): CodeIgniter\Boot::bootWeb(Object(Config\Paths))
 7 SYSTEMPATH\rewrite.php(44): require_once('C:\\laragon\\data\\kainkita\\public\\index.php')
WARNING - 2026-05-17 08:43:15 --> [DEPRECATED] Creation of dynamic property Modul\Wishlists\Controllers\Wishlists::$session is deprecated in APPPATH\Controllers\BaseController.php on line 47.
 1 SYSTEMPATH\CodeIgniter.php(922): App\Controllers\BaseController->initController(Object(CodeIgniter\HTTP\IncomingRequest), Object(CodeIgniter\HTTP\Response), Object(CodeIgniter\Log\Logger))
 2 SYSTEMPATH\CodeIgniter.php(488): CodeIgniter\CodeIgniter->createController()
 3 SYSTEMPATH\CodeIgniter.php(340): CodeIgniter\CodeIgniter->handleRequest(null, Object(Config\Cache), false)
 4 SYSTEMPATH\Boot.php(417): CodeIgniter\CodeIgniter->run()
 5 SYSTEMPATH\Boot.php(68): CodeIgniter\Boot::runCodeIgniter(Object(CodeIgniter\CodeIgniter))
 6 FCPATH\index.php(59): CodeIgniter\Boot::bootWeb(Object(Config\Paths))
 7 SYSTEMPATH\rewrite.php(44): require_once('C:\\laragon\\data\\kainkita\\public\\index.php')
WARNING - 2026-05-17 08:43:15 --> [DEPRECATED] Creation of dynamic property Modul\Wishlists\Controllers\Wishlists::$validation is deprecated in APPPATH\Controllers\BaseController.php on line 48.
 1 SYSTEMPATH\CodeIgniter.php(922): App\Controllers\BaseController->initController(Object(CodeIgniter\HTTP\IncomingRequest), Object(CodeIgniter\HTTP\Response), Object(CodeIgniter\Log\Logger))
 2 SYSTEMPATH\CodeIgniter.php(488): CodeIgniter\CodeIgniter->createController()
 3 SYSTEMPATH\CodeIgniter.php(340): CodeIgniter\CodeIgniter->handleRequest(null, Object(Config\Cache), false)
 4 SYSTEMPATH\Boot.php(417): CodeIgniter\CodeIgniter->run()
 5 SYSTEMPATH\Boot.php(68): CodeIgniter\Boot::runCodeIgniter(Object(CodeIgniter\CodeIgniter))
 6 FCPATH\index.php(59): CodeIgniter\Boot::bootWeb(Object(Config\Paths))
 7 SYSTEMPATH\rewrite.php(44): require_once('C:\\laragon\\data\\kainkita\\public\\index.php')
WARNING - 2026-05-17 08:43:15 --> [DEPRECATED] Creation of dynamic property Modul\Wishlists\Controllers\Wishlists::$db is deprecated in APPPATH\Controllers\BaseController.php on line 50.
 1 SYSTEMPATH\CodeIgniter.php(922): App\Controllers\BaseController->initController(Object(CodeIgniter\HTTP\IncomingRequest), Object(CodeIgniter\HTTP\Response), Object(CodeIgniter\Log\Logger))
 2 SYSTEMPATH\CodeIgniter.php(488): CodeIgniter\CodeIgniter->createController()
 3 SYSTEMPATH\CodeIgniter.php(340): CodeIgniter\CodeIgniter->handleRequest(null, Object(Config\Cache), false)
 4 SYSTEMPATH\Boot.php(417): CodeIgniter\CodeIgniter->run()
 5 SYSTEMPATH\Boot.php(68): CodeIgniter\Boot::runCodeIgniter(Object(CodeIgniter\CodeIgniter))
 6 FCPATH\index.php(59): CodeIgniter\Boot::bootWeb(Object(Config\Paths))
 7 SYSTEMPATH\rewrite.php(44): require_once('C:\\laragon\\data\\kainkita\\public\\index.php')
WARNING - 2026-05-17 08:43:15 --> [DEPRECATED] Creation of dynamic property Modul\Wishlists\Controllers\Wishlists::$uri is deprecated in APPPATH\Controllers\BaseController.php on line 51.
 1 SYSTEMPATH\CodeIgniter.php(922): App\Controllers\BaseController->initController(Object(CodeIgniter\HTTP\IncomingRequest), Object(CodeIgniter\HTTP\Response), Object(CodeIgniter\Log\Logger))
 2 SYSTEMPATH\CodeIgniter.php(488): CodeIgniter\CodeIgniter->createController()
 3 SYSTEMPATH\CodeIgniter.php(340): CodeIgniter\CodeIgniter->handleRequest(null, Object(Config\Cache), false)
 4 SYSTEMPATH\Boot.php(417): CodeIgniter\CodeIgniter->run()
 5 SYSTEMPATH\Boot.php(68): CodeIgniter\Boot::runCodeIgniter(Object(CodeIgniter\CodeIgniter))
 6 FCPATH\index.php(59): CodeIgniter\Boot::bootWeb(Object(Config\Paths))
 7 SYSTEMPATH\rewrite.php(44): require_once('C:\\laragon\\data\\kainkita\\public\\index.php')
WARNING - 2026-05-17 08:43:15 --> [DEPRECATED] Creation of dynamic property Modul\Wishlists\Controllers\Wishlists::$pager is deprecated in APPPATH\Controllers\BaseController.php on line 52.
 1 SYSTEMPATH\CodeIgniter.php(922): App\Controllers\BaseController->initController(Object(CodeIgniter\HTTP\IncomingRequest), Object(CodeIgniter\HTTP\Response), Object(CodeIgniter\Log\Logger))
 2 SYSTEMPATH\CodeIgniter.php(488): CodeIgniter\CodeIgniter->createController()
 3 SYSTEMPATH\CodeIgniter.php(340): CodeIgniter\CodeIgniter->handleRequest(null, Object(Config\Cache), false)
 4 SYSTEMPATH\Boot.php(417): CodeIgniter\CodeIgniter->run()
 5 SYSTEMPATH\Boot.php(68): CodeIgniter\Boot::runCodeIgniter(Object(CodeIgniter\CodeIgniter))
 6 FCPATH\index.php(59): CodeIgniter\Boot::bootWeb(Object(Config\Paths))
 7 SYSTEMPATH\rewrite.php(44): require_once('C:\\laragon\\data\\kainkita\\public\\index.php')
DEBUG - 2026-05-17 08:46:14 --> Session: Class initialized using 'CodeIgniter\Session\Handlers\FileHandler' driver.
WARNING - 2026-05-17 08:46:14 --> [DEPRECATED] Creation of dynamic property Modul\Home\Controllers\Home::$session is deprecated in APPPATH\Controllers\BaseController.php on line 47.
 1 SYSTEMPATH\CodeIgniter.php(922): App\Controllers\BaseController->initController(Object(CodeIgniter\HTTP\IncomingRequest), Object(CodeIgniter\HTTP\Response), Object(CodeIgniter\Log\Logger))
 2 SYSTEMPATH\CodeIgniter.php(488): CodeIgniter\CodeIgniter->createController()
 3 SYSTEMPATH\CodeIgniter.php(340): CodeIgniter\CodeIgniter->handleRequest(null, Object(Config\Cache), false)
 4 SYSTEMPATH\Boot.php(417): CodeIgniter\CodeIgniter->run()
 5 SYSTEMPATH\Boot.php(68): CodeIgniter\Boot::runCodeIgniter(Object(CodeIgniter\CodeIgniter))
 6 FCPATH\index.php(59): CodeIgniter\Boot::bootWeb(Object(Config\Paths))
 7 SYSTEMPATH\rewrite.php(44): require_once('C:\\laragon\\data\\kainkita\\public\\index.php')
WARNING - 2026-05-17 08:46:14 --> [DEPRECATED] Creation of dynamic property Modul\Home\Controllers\Home::$validation is deprecated in APPPATH\Controllers\BaseController.php on line 48.
 1 SYSTEMPATH\CodeIgniter.php(922): App\Controllers\BaseController->initController(Object(CodeIgniter\HTTP\IncomingRequest), Object(CodeIgniter\HTTP\Response), Object(CodeIgniter\Log\Logger))
 2 SYSTEMPATH\CodeIgniter.php(488): CodeIgniter\CodeIgniter->createController()
 3 SYSTEMPATH\CodeIgniter.php(340): CodeIgniter\CodeIgniter->handleRequest(null, Object(Config\Cache), false)
 4 SYSTEMPATH\Boot.php(417): CodeIgniter\CodeIgniter->run()
 5 SYSTEMPATH\Boot.php(68): CodeIgniter\Boot::runCodeIgniter(Object(CodeIgniter\CodeIgniter))
 6 FCPATH\index.php(59): CodeIgniter\Boot::bootWeb(Object(Config\Paths))
 7 SYSTEMPATH\rewrite.php(44): require_once('C:\\laragon\\data\\kainkita\\public\\index.php')
WARNING - 2026-05-17 08:46:14 --> [DEPRECATED] Creation of dynamic property Modul\Home\Controllers\Home::$db is deprecated in APPPATH\Controllers\BaseController.php on line 50.
 1 SYSTEMPATH\CodeIgniter.php(922): App\Controllers\BaseController->initController(Object(CodeIgniter\HTTP\IncomingRequest), Object(CodeIgniter\HTTP\Response), Object(CodeIgniter\Log\Logger))
 2 SYSTEMPATH\CodeIgniter.php(488): CodeIgniter\CodeIgniter->createController()
 3 SYSTEMPATH\CodeIgniter.php(340): CodeIgniter\CodeIgniter->handleRequest(null, Object(Config\Cache), false)
 4 SYSTEMPATH\Boot.php(417): CodeIgniter\CodeIgniter->run()
 5 SYSTEMPATH\Boot.php(68): CodeIgniter\Boot::runCodeIgniter(Object(CodeIgniter\CodeIgniter))
 6 FCPATH\index.php(59): CodeIgniter\Boot::bootWeb(Object(Config\Paths))
 7 SYSTEMPATH\rewrite.php(44): require_once('C:\\laragon\\data\\kainkita\\public\\index.php')
WARNING - 2026-05-17 08:46:14 --> [DEPRECATED] Creation of dynamic property Modul\Home\Controllers\Home::$uri is deprecated in APPPATH\Controllers\BaseController.php on line 51.
 1 SYSTEMPATH\CodeIgniter.php(922): App\Controllers\BaseController->initController(Object(CodeIgniter\HTTP\IncomingRequest), Object(CodeIgniter\HTTP\Response), Object(CodeIgniter\Log\Logger))
 2 SYSTEMPATH\CodeIgniter.php(488): CodeIgniter\CodeIgniter->createController()
 3 SYSTEMPATH\CodeIgniter.php(340): CodeIgniter\CodeIgniter->handleRequest(null, Object(Config\Cache), false)
 4 SYSTEMPATH\Boot.php(417): CodeIgniter\CodeIgniter->run()
 5 SYSTEMPATH\Boot.php(68): CodeIgniter\Boot::runCodeIgniter(Object(CodeIgniter\CodeIgniter))
 6 FCPATH\index.php(59): CodeIgniter\Boot::bootWeb(Object(Config\Paths))
 7 SYSTEMPATH\rewrite.php(44): require_once('C:\\laragon\\data\\kainkita\\public\\index.php')
WARNING - 2026-05-17 08:46:14 --> [DEPRECATED] Creation of dynamic property Modul\Home\Controllers\Home::$pager is deprecated in APPPATH\Controllers\BaseController.php on line 52.
 1 SYSTEMPATH\CodeIgniter.php(922): App\Controllers\BaseController->initController(Object(CodeIgniter\HTTP\IncomingRequest), Object(CodeIgniter\HTTP\Response), Object(CodeIgniter\Log\Logger))
 2 SYSTEMPATH\CodeIgniter.php(488): CodeIgniter\CodeIgniter->createController()
 3 SYSTEMPATH\CodeIgniter.php(340): CodeIgniter\CodeIgniter->handleRequest(null, Object(Config\Cache), false)
 4 SYSTEMPATH\Boot.php(417): CodeIgniter\CodeIgniter->run()
 5 SYSTEMPATH\Boot.php(68): CodeIgniter\Boot::runCodeIgniter(Object(CodeIgniter\CodeIgniter))
 6 FCPATH\index.php(59): CodeIgniter\Boot::bootWeb(Object(Config\Paths))
 7 SYSTEMPATH\rewrite.php(44): require_once('C:\\laragon\\data\\kainkita\\public\\index.php')
WARNING - 2026-05-17 08:46:14 --> [DEPRECATED] Creation of dynamic property CodeIgniter\View\View::$db is deprecated in APPPATH\Views\layout\template.php on line 4.
 1 SYSTEMPATH\View\View.php(238): include('C:\\laragon\\data\\kainkita\\app\\Views\\layout\\template.php')
 2 SYSTEMPATH\View\View.php(241): CodeIgniter\View\View->CodeIgniter\View\{closure}()
 3 SYSTEMPATH\View\View.php(254): CodeIgniter\View\View->render('layout/template', [], true)
 4 SYSTEMPATH\Common.php(1250): CodeIgniter\View\View->render('Modul\\Home\\Views\\viewHome', [], true)
 5 ROOTPATH\modul\Home\Controllers\Home.php(71): view('Modul\\Home\\Views\\viewHome', [...])
 6 SYSTEMPATH\CodeIgniter.php(951): Modul\Home\Controllers\Home->index()
 7 SYSTEMPATH\CodeIgniter.php(497): CodeIgniter\CodeIgniter->runController(Object(Modul\Home\Controllers\Home))
 8 SYSTEMPATH\CodeIgniter.php(340): CodeIgniter\CodeIgniter->handleRequest(null, Object(Config\Cache), false)
 9 SYSTEMPATH\Boot.php(417): CodeIgniter\CodeIgniter->run()
10 SYSTEMPATH\Boot.php(68): CodeIgniter\Boot::runCodeIgniter(Object(CodeIgniter\CodeIgniter))
11 FCPATH\index.php(59): CodeIgniter\Boot::bootWeb(Object(Config\Paths))
12 SYSTEMPATH\rewrite.php(44): require_once('C:\\laragon\\data\\kainkita\\public\\index.php')
DEBUG - 2026-05-17 08:46:15 --> Session: Class initialized using 'CodeIgniter\Session\Handlers\FileHandler' driver.
WARNING - 2026-05-17 08:46:15 --> [DEPRECATED] Creation of dynamic property Modul\Carts\Controllers\Carts::$session is deprecated in APPPATH\Controllers\BaseController.php on line 47.
 1 SYSTEMPATH\CodeIgniter.php(922): App\Controllers\BaseController->initController(Object(CodeIgniter\HTTP\IncomingRequest), Object(CodeIgniter\HTTP\Response), Object(CodeIgniter\Log\Logger))
 2 SYSTEMPATH\CodeIgniter.php(488): CodeIgniter\CodeIgniter->createController()
 3 SYSTEMPATH\CodeIgniter.php(340): CodeIgniter\CodeIgniter->handleRequest(null, Object(Config\Cache), false)
 4 SYSTEMPATH\Boot.php(417): CodeIgniter\CodeIgniter->run()
 5 SYSTEMPATH\Boot.php(68): CodeIgniter\Boot::runCodeIgniter(Object(CodeIgniter\CodeIgniter))
 6 FCPATH\index.php(59): CodeIgniter\Boot::bootWeb(Object(Config\Paths))
 7 SYSTEMPATH\rewrite.php(44): require_once('C:\\laragon\\data\\kainkita\\public\\index.php')
WARNING - 2026-05-17 08:46:15 --> [DEPRECATED] Creation of dynamic property Modul\Carts\Controllers\Carts::$validation is deprecated in APPPATH\Controllers\BaseController.php on line 48.
 1 SYSTEMPATH\CodeIgniter.php(922): App\Controllers\BaseController->initController(Object(CodeIgniter\HTTP\IncomingRequest), Object(CodeIgniter\HTTP\Response), Object(CodeIgniter\Log\Logger))
 2 SYSTEMPATH\CodeIgniter.php(488): CodeIgniter\CodeIgniter->createController()
 3 SYSTEMPATH\CodeIgniter.php(340): CodeIgniter\CodeIgniter->handleRequest(null, Object(Config\Cache), false)
 4 SYSTEMPATH\Boot.php(417): CodeIgniter\CodeIgniter->run()
 5 SYSTEMPATH\Boot.php(68): CodeIgniter\Boot::runCodeIgniter(Object(CodeIgniter\CodeIgniter))
 6 FCPATH\index.php(59): CodeIgniter\Boot::bootWeb(Object(Config\Paths))
 7 SYSTEMPATH\rewrite.php(44): require_once('C:\\laragon\\data\\kainkita\\public\\index.php')
WARNING - 2026-05-17 08:46:15 --> [DEPRECATED] Creation of dynamic property Modul\Carts\Controllers\Carts::$db is deprecated in APPPATH\Controllers\BaseController.php on line 50.
 1 SYSTEMPATH\CodeIgniter.php(922): App\Controllers\BaseController->initController(Object(CodeIgniter\HTTP\IncomingRequest), Object(CodeIgniter\HTTP\Response), Object(CodeIgniter\Log\Logger))
 2 SYSTEMPATH\CodeIgniter.php(488): CodeIgniter\CodeIgniter->createController()
 3 SYSTEMPATH\CodeIgniter.php(340): CodeIgniter\CodeIgniter->handleRequest(null, Object(Config\Cache), false)
 4 SYSTEMPATH\Boot.php(417): CodeIgniter\CodeIgniter->run()
 5 SYSTEMPATH\Boot.php(68): CodeIgniter\Boot::runCodeIgniter(Object(CodeIgniter\CodeIgniter))
 6 FCPATH\index.php(59): CodeIgniter\Boot::bootWeb(Object(Config\Paths))
 7 SYSTEMPATH\rewrite.php(44): require_once('C:\\laragon\\data\\kainkita\\public\\index.php')
WARNING - 2026-05-17 08:46:15 --> [DEPRECATED] Creation of dynamic property Modul\Carts\Controllers\Carts::$uri is deprecated in APPPATH\Controllers\BaseController.php on line 51.
 1 SYSTEMPATH\CodeIgniter.php(922): App\Controllers\BaseController->initController(Object(CodeIgniter\HTTP\IncomingRequest), Object(CodeIgniter\HTTP\Response), Object(CodeIgniter\Log\Logger))
 2 SYSTEMPATH\CodeIgniter.php(488): CodeIgniter\CodeIgniter->createController()
 3 SYSTEMPATH\CodeIgniter.php(340): CodeIgniter\CodeIgniter->handleRequest(null, Object(Config\Cache), false)
 4 SYSTEMPATH\Boot.php(417): CodeIgniter\CodeIgniter->run()
 5 SYSTEMPATH\Boot.php(68): CodeIgniter\Boot::runCodeIgniter(Object(CodeIgniter\CodeIgniter))
 6 FCPATH\index.php(59): CodeIgniter\Boot::bootWeb(Object(Config\Paths))
 7 SYSTEMPATH\rewrite.php(44): require_once('C:\\laragon\\data\\kainkita\\public\\index.php')
WARNING - 2026-05-17 08:46:15 --> [DEPRECATED] Creation of dynamic property Modul\Carts\Controllers\Carts::$pager is deprecated in APPPATH\Controllers\BaseController.php on line 52.
 1 SYSTEMPATH\CodeIgniter.php(922): App\Controllers\BaseController->initController(Object(CodeIgniter\HTTP\IncomingRequest), Object(CodeIgniter\HTTP\Response), Object(CodeIgniter\Log\Logger))
 2 SYSTEMPATH\CodeIgniter.php(488): CodeIgniter\CodeIgniter->createController()
 3 SYSTEMPATH\CodeIgniter.php(340): CodeIgniter\CodeIgniter->handleRequest(null, Object(Config\Cache), false)
 4 SYSTEMPATH\Boot.php(417): CodeIgniter\CodeIgniter->run()
 5 SYSTEMPATH\Boot.php(68): CodeIgniter\Boot::runCodeIgniter(Object(CodeIgniter\CodeIgniter))
 6 FCPATH\index.php(59): CodeIgniter\Boot::bootWeb(Object(Config\Paths))
 7 SYSTEMPATH\rewrite.php(44): require_once('C:\\laragon\\data\\kainkita\\public\\index.php')
DEBUG - 2026-05-17 08:46:15 --> Session: Class initialized using 'CodeIgniter\Session\Handlers\FileHandler' driver.
WARNING - 2026-05-17 08:46:15 --> [DEPRECATED] Creation of dynamic property Modul\Wishlists\Controllers\Wishlists::$wishlist is deprecated in ROOTPATH\modul\Wishlists\Controllers\Wishlists.php on line 13.
 1 SYSTEMPATH\CodeIgniter.php(921): Modul\Wishlists\Controllers\Wishlists->__construct()
 2 SYSTEMPATH\CodeIgniter.php(488): CodeIgniter\CodeIgniter->createController()
 3 SYSTEMPATH\CodeIgniter.php(340): CodeIgniter\CodeIgniter->handleRequest(null, Object(Config\Cache), false)
 4 SYSTEMPATH\Boot.php(417): CodeIgniter\CodeIgniter->run()
 5 SYSTEMPATH\Boot.php(68): CodeIgniter\Boot::runCodeIgniter(Object(CodeIgniter\CodeIgniter))
 6 FCPATH\index.php(59): CodeIgniter\Boot::bootWeb(Object(Config\Paths))
 7 SYSTEMPATH\rewrite.php(44): require_once('C:\\laragon\\data\\kainkita\\public\\index.php')
WARNING - 2026-05-17 08:46:15 --> [DEPRECATED] Creation of dynamic property Modul\Wishlists\Controllers\Wishlists::$customers is deprecated in ROOTPATH\modul\Wishlists\Controllers\Wishlists.php on line 14.
 1 SYSTEMPATH\CodeIgniter.php(921): Modul\Wishlists\Controllers\Wishlists->__construct()
 2 SYSTEMPATH\CodeIgniter.php(488): CodeIgniter\CodeIgniter->createController()
 3 SYSTEMPATH\CodeIgniter.php(340): CodeIgniter\CodeIgniter->handleRequest(null, Object(Config\Cache), false)
 4 SYSTEMPATH\Boot.php(417): CodeIgniter\CodeIgniter->run()
 5 SYSTEMPATH\Boot.php(68): CodeIgniter\Boot::runCodeIgniter(Object(CodeIgniter\CodeIgniter))
 6 FCPATH\index.php(59): CodeIgniter\Boot::bootWeb(Object(Config\Paths))
 7 SYSTEMPATH\rewrite.php(44): require_once('C:\\laragon\\data\\kainkita\\public\\index.php')
WARNING - 2026-05-17 08:46:15 --> [DEPRECATED] Creation of dynamic property Modul\Wishlists\Controllers\Wishlists::$session is deprecated in APPPATH\Controllers\BaseController.php on line 47.
 1 SYSTEMPATH\CodeIgniter.php(922): App\Controllers\BaseController->initController(Object(CodeIgniter\HTTP\IncomingRequest), Object(CodeIgniter\HTTP\Response), Object(CodeIgniter\Log\Logger))
 2 SYSTEMPATH\CodeIgniter.php(488): CodeIgniter\CodeIgniter->createController()
 3 SYSTEMPATH\CodeIgniter.php(340): CodeIgniter\CodeIgniter->handleRequest(null, Object(Config\Cache), false)
 4 SYSTEMPATH\Boot.php(417): CodeIgniter\CodeIgniter->run()
 5 SYSTEMPATH\Boot.php(68): CodeIgniter\Boot::runCodeIgniter(Object(CodeIgniter\CodeIgniter))
 6 FCPATH\index.php(59): CodeIgniter\Boot::bootWeb(Object(Config\Paths))
 7 SYSTEMPATH\rewrite.php(44): require_once('C:\\laragon\\data\\kainkita\\public\\index.php')
WARNING - 2026-05-17 08:46:15 --> [DEPRECATED] Creation of dynamic property Modul\Wishlists\Controllers\Wishlists::$validation is deprecated in APPPATH\Controllers\BaseController.php on line 48.
 1 SYSTEMPATH\CodeIgniter.php(922): App\Controllers\BaseController->initController(Object(CodeIgniter\HTTP\IncomingRequest), Object(CodeIgniter\HTTP\Response), Object(CodeIgniter\Log\Logger))
 2 SYSTEMPATH\CodeIgniter.php(488): CodeIgniter\CodeIgniter->createController()
 3 SYSTEMPATH\CodeIgniter.php(340): CodeIgniter\CodeIgniter->handleRequest(null, Object(Config\Cache), false)
 4 SYSTEMPATH\Boot.php(417): CodeIgniter\CodeIgniter->run()
 5 SYSTEMPATH\Boot.php(68): CodeIgniter\Boot::runCodeIgniter(Object(CodeIgniter\CodeIgniter))
 6 FCPATH\index.php(59): CodeIgniter\Boot::bootWeb(Object(Config\Paths))
 7 SYSTEMPATH\rewrite.php(44): require_once('C:\\laragon\\data\\kainkita\\public\\index.php')
WARNING - 2026-05-17 08:46:15 --> [DEPRECATED] Creation of dynamic property Modul\Wishlists\Controllers\Wishlists::$db is deprecated in APPPATH\Controllers\BaseController.php on line 50.
 1 SYSTEMPATH\CodeIgniter.php(922): App\Controllers\BaseController->initController(Object(CodeIgniter\HTTP\IncomingRequest), Object(CodeIgniter\HTTP\Response), Object(CodeIgniter\Log\Logger))
 2 SYSTEMPATH\CodeIgniter.php(488): CodeIgniter\CodeIgniter->createController()
 3 SYSTEMPATH\CodeIgniter.php(340): CodeIgniter\CodeIgniter->handleRequest(null, Object(Config\Cache), false)
 4 SYSTEMPATH\Boot.php(417): CodeIgniter\CodeIgniter->run()
 5 SYSTEMPATH\Boot.php(68): CodeIgniter\Boot::runCodeIgniter(Object(CodeIgniter\CodeIgniter))
 6 FCPATH\index.php(59): CodeIgniter\Boot::bootWeb(Object(Config\Paths))
 7 SYSTEMPATH\rewrite.php(44): require_once('C:\\laragon\\data\\kainkita\\public\\index.php')
WARNING - 2026-05-17 08:46:15 --> [DEPRECATED] Creation of dynamic property Modul\Wishlists\Controllers\Wishlists::$uri is deprecated in APPPATH\Controllers\BaseController.php on line 51.
 1 SYSTEMPATH\CodeIgniter.php(922): App\Controllers\BaseController->initController(Object(CodeIgniter\HTTP\IncomingRequest), Object(CodeIgniter\HTTP\Response), Object(CodeIgniter\Log\Logger))
 2 SYSTEMPATH\CodeIgniter.php(488): CodeIgniter\CodeIgniter->createController()
 3 SYSTEMPATH\CodeIgniter.php(340): CodeIgniter\CodeIgniter->handleRequest(null, Object(Config\Cache), false)
 4 SYSTEMPATH\Boot.php(417): CodeIgniter\CodeIgniter->run()
 5 SYSTEMPATH\Boot.php(68): CodeIgniter\Boot::runCodeIgniter(Object(CodeIgniter\CodeIgniter))
 6 FCPATH\index.php(59): CodeIgniter\Boot::bootWeb(Object(Config\Paths))
 7 SYSTEMPATH\rewrite.php(44): require_once('C:\\laragon\\data\\kainkita\\public\\index.php')
WARNING - 2026-05-17 08:46:15 --> [DEPRECATED] Creation of dynamic property Modul\Wishlists\Controllers\Wishlists::$pager is deprecated in APPPATH\Controllers\BaseController.php on line 52.
 1 SYSTEMPATH\CodeIgniter.php(922): App\Controllers\BaseController->initController(Object(CodeIgniter\HTTP\IncomingRequest), Object(CodeIgniter\HTTP\Response), Object(CodeIgniter\Log\Logger))
 2 SYSTEMPATH\CodeIgniter.php(488): CodeIgniter\CodeIgniter->createController()
 3 SYSTEMPATH\CodeIgniter.php(340): CodeIgniter\CodeIgniter->handleRequest(null, Object(Config\Cache), false)
 4 SYSTEMPATH\Boot.php(417): CodeIgniter\CodeIgniter->run()
 5 SYSTEMPATH\Boot.php(68): CodeIgniter\Boot::runCodeIgniter(Object(CodeIgniter\CodeIgniter))
 6 FCPATH\index.php(59): CodeIgniter\Boot::bootWeb(Object(Config\Paths))
 7 SYSTEMPATH\rewrite.php(44): require_once('C:\\laragon\\data\\kainkita\\public\\index.php')
DEBUG - 2026-05-17 08:46:19 --> Session: Class initialized using 'CodeIgniter\Session\Handlers\FileHandler' driver.
WARNING - 2026-05-17 08:46:19 --> [DEPRECATED] Creation of dynamic property Modul\Carts\Controllers\Carts::$session is deprecated in APPPATH\Controllers\BaseController.php on line 47.
 1 SYSTEMPATH\CodeIgniter.php(922): App\Controllers\BaseController->initController(Object(CodeIgniter\HTTP\IncomingRequest), Object(CodeIgniter\HTTP\Response), Object(CodeIgniter\Log\Logger))
 2 SYSTEMPATH\CodeIgniter.php(488): CodeIgniter\CodeIgniter->createController()
 3 SYSTEMPATH\CodeIgniter.php(340): CodeIgniter\CodeIgniter->handleRequest(null, Object(Config\Cache), false)
 4 SYSTEMPATH\Boot.php(417): CodeIgniter\CodeIgniter->run()
 5 SYSTEMPATH\Boot.php(68): CodeIgniter\Boot::runCodeIgniter(Object(CodeIgniter\CodeIgniter))
 6 FCPATH\index.php(59): CodeIgniter\Boot::bootWeb(Object(Config\Paths))
 7 SYSTEMPATH\rewrite.php(44): require_once('C:\\laragon\\data\\kainkita\\public\\index.php')
WARNING - 2026-05-17 08:46:19 --> [DEPRECATED] Creation of dynamic property Modul\Carts\Controllers\Carts::$validation is deprecated in APPPATH\Controllers\BaseController.php on line 48.
 1 SYSTEMPATH\CodeIgniter.php(922): App\Controllers\BaseController->initController(Object(CodeIgniter\HTTP\IncomingRequest), Object(CodeIgniter\HTTP\Response), Object(CodeIgniter\Log\Logger))
 2 SYSTEMPATH\CodeIgniter.php(488): CodeIgniter\CodeIgniter->createController()
 3 SYSTEMPATH\CodeIgniter.php(340): CodeIgniter\CodeIgniter->handleRequest(null, Object(Config\Cache), false)
 4 SYSTEMPATH\Boot.php(417): CodeIgniter\CodeIgniter->run()
 5 SYSTEMPATH\Boot.php(68): CodeIgniter\Boot::runCodeIgniter(Object(CodeIgniter\CodeIgniter))
 6 FCPATH\index.php(59): CodeIgniter\Boot::bootWeb(Object(Config\Paths))
 7 SYSTEMPATH\rewrite.php(44): require_once('C:\\laragon\\data\\kainkita\\public\\index.php')
WARNING - 2026-05-17 08:46:19 --> [DEPRECATED] Creation of dynamic property Modul\Carts\Controllers\Carts::$db is deprecated in APPPATH\Controllers\BaseController.php on line 50.
 1 SYSTEMPATH\CodeIgniter.php(922): App\Controllers\BaseController->initController(Object(CodeIgniter\HTTP\IncomingRequest), Object(CodeIgniter\HTTP\Response), Object(CodeIgniter\Log\Logger))
 2 SYSTEMPATH\CodeIgniter.php(488): CodeIgniter\CodeIgniter->createController()
 3 SYSTEMPATH\CodeIgniter.php(340): CodeIgniter\CodeIgniter->handleRequest(null, Object(Config\Cache), false)
 4 SYSTEMPATH\Boot.php(417): CodeIgniter\CodeIgniter->run()
 5 SYSTEMPATH\Boot.php(68): CodeIgniter\Boot::runCodeIgniter(Object(CodeIgniter\CodeIgniter))
 6 FCPATH\index.php(59): CodeIgniter\Boot::bootWeb(Object(Config\Paths))
 7 SYSTEMPATH\rewrite.php(44): require_once('C:\\laragon\\data\\kainkita\\public\\index.php')
WARNING - 2026-05-17 08:46:19 --> [DEPRECATED] Creation of dynamic property Modul\Carts\Controllers\Carts::$uri is deprecated in APPPATH\Controllers\BaseController.php on line 51.
 1 SYSTEMPATH\CodeIgniter.php(922): App\Controllers\BaseController->initController(Object(CodeIgniter\HTTP\IncomingRequest), Object(CodeIgniter\HTTP\Response), Object(CodeIgniter\Log\Logger))
 2 SYSTEMPATH\CodeIgniter.php(488): CodeIgniter\CodeIgniter->createController()
 3 SYSTEMPATH\CodeIgniter.php(340): CodeIgniter\CodeIgniter->handleRequest(null, Object(Config\Cache), false)
 4 SYSTEMPATH\Boot.php(417): CodeIgniter\CodeIgniter->run()
 5 SYSTEMPATH\Boot.php(68): CodeIgniter\Boot::runCodeIgniter(Object(CodeIgniter\CodeIgniter))
 6 FCPATH\index.php(59): CodeIgniter\Boot::bootWeb(Object(Config\Paths))
 7 SYSTEMPATH\rewrite.php(44): require_once('C:\\laragon\\data\\kainkita\\public\\index.php')
WARNING - 2026-05-17 08:46:19 --> [DEPRECATED] Creation of dynamic property Modul\Carts\Controllers\Carts::$pager is deprecated in APPPATH\Controllers\BaseController.php on line 52.
 1 SYSTEMPATH\CodeIgniter.php(922): App\Controllers\BaseController->initController(Object(CodeIgniter\HTTP\IncomingRequest), Object(CodeIgniter\HTTP\Response), Object(CodeIgniter\Log\Logger))
 2 SYSTEMPATH\CodeIgniter.php(488): CodeIgniter\CodeIgniter->createController()
 3 SYSTEMPATH\CodeIgniter.php(340): CodeIgniter\CodeIgniter->handleRequest(null, Object(Config\Cache), false)
 4 SYSTEMPATH\Boot.php(417): CodeIgniter\CodeIgniter->run()
 5 SYSTEMPATH\Boot.php(68): CodeIgniter\Boot::runCodeIgniter(Object(CodeIgniter\CodeIgniter))
 6 FCPATH\index.php(59): CodeIgniter\Boot::bootWeb(Object(Config\Paths))
 7 SYSTEMPATH\rewrite.php(44): require_once('C:\\laragon\\data\\kainkita\\public\\index.php')
DEBUG - 2026-05-17 08:46:20 --> Session: Class initialized using 'CodeIgniter\Session\Handlers\FileHandler' driver.
WARNING - 2026-05-17 08:46:20 --> [DEPRECATED] Creation of dynamic property Modul\Carts\Controllers\Carts::$session is deprecated in APPPATH\Controllers\BaseController.php on line 47.
 1 SYSTEMPATH\CodeIgniter.php(922): App\Controllers\BaseController->initController(Object(CodeIgniter\HTTP\IncomingRequest), Object(CodeIgniter\HTTP\Response), Object(CodeIgniter\Log\Logger))
 2 SYSTEMPATH\CodeIgniter.php(488): CodeIgniter\CodeIgniter->createController()
 3 SYSTEMPATH\CodeIgniter.php(340): CodeIgniter\CodeIgniter->handleRequest(null, Object(Config\Cache), false)
 4 SYSTEMPATH\Boot.php(417): CodeIgniter\CodeIgniter->run()
 5 SYSTEMPATH\Boot.php(68): CodeIgniter\Boot::runCodeIgniter(Object(CodeIgniter\CodeIgniter))
 6 FCPATH\index.php(59): CodeIgniter\Boot::bootWeb(Object(Config\Paths))
 7 SYSTEMPATH\rewrite.php(44): require_once('C:\\laragon\\data\\kainkita\\public\\index.php')
WARNING - 2026-05-17 08:46:20 --> [DEPRECATED] Creation of dynamic property Modul\Carts\Controllers\Carts::$validation is deprecated in APPPATH\Controllers\BaseController.php on line 48.
 1 SYSTEMPATH\CodeIgniter.php(922): App\Controllers\BaseController->initController(Object(CodeIgniter\HTTP\IncomingRequest), Object(CodeIgniter\HTTP\Response), Object(CodeIgniter\Log\Logger))
 2 SYSTEMPATH\CodeIgniter.php(488): CodeIgniter\CodeIgniter->createController()
 3 SYSTEMPATH\CodeIgniter.php(340): CodeIgniter\CodeIgniter->handleRequest(null, Object(Config\Cache), false)
 4 SYSTEMPATH\Boot.php(417): CodeIgniter\CodeIgniter->run()
 5 SYSTEMPATH\Boot.php(68): CodeIgniter\Boot::runCodeIgniter(Object(CodeIgniter\CodeIgniter))
 6 FCPATH\index.php(59): CodeIgniter\Boot::bootWeb(Object(Config\Paths))
 7 SYSTEMPATH\rewrite.php(44): require_once('C:\\laragon\\data\\kainkita\\public\\index.php')
WARNING - 2026-05-17 08:46:20 --> [DEPRECATED] Creation of dynamic property Modul\Carts\Controllers\Carts::$db is deprecated in APPPATH\Controllers\BaseController.php on line 50.
 1 SYSTEMPATH\CodeIgniter.php(922): App\Controllers\BaseController->initController(Object(CodeIgniter\HTTP\IncomingRequest), Object(CodeIgniter\HTTP\Response), Object(CodeIgniter\Log\Logger))
 2 SYSTEMPATH\CodeIgniter.php(488): CodeIgniter\CodeIgniter->createController()
 3 SYSTEMPATH\CodeIgniter.php(340): CodeIgniter\CodeIgniter->handleRequest(null, Object(Config\Cache), false)
 4 SYSTEMPATH\Boot.php(417): CodeIgniter\CodeIgniter->run()
 5 SYSTEMPATH\Boot.php(68): CodeIgniter\Boot::runCodeIgniter(Object(CodeIgniter\CodeIgniter))
 6 FCPATH\index.php(59): CodeIgniter\Boot::bootWeb(Object(Config\Paths))
 7 SYSTEMPATH\rewrite.php(44): require_once('C:\\laragon\\data\\kainkita\\public\\index.php')
WARNING - 2026-05-17 08:46:20 --> [DEPRECATED] Creation of dynamic property Modul\Carts\Controllers\Carts::$uri is deprecated in APPPATH\Controllers\BaseController.php on line 51.
 1 SYSTEMPATH\CodeIgniter.php(922): App\Controllers\BaseController->initController(Object(CodeIgniter\HTTP\IncomingRequest), Object(CodeIgniter\HTTP\Response), Object(CodeIgniter\Log\Logger))
 2 SYSTEMPATH\CodeIgniter.php(488): CodeIgniter\CodeIgniter->createController()
 3 SYSTEMPATH\CodeIgniter.php(340): CodeIgniter\CodeIgniter->handleRequest(null, Object(Config\Cache), false)
 4 SYSTEMPATH\Boot.php(417): CodeIgniter\CodeIgniter->run()
 5 SYSTEMPATH\Boot.php(68): CodeIgniter\Boot::runCodeIgniter(Object(CodeIgniter\CodeIgniter))
 6 FCPATH\index.php(59): CodeIgniter\Boot::bootWeb(Object(Config\Paths))
 7 SYSTEMPATH\rewrite.php(44): require_once('C:\\laragon\\data\\kainkita\\public\\index.php')
WARNING - 2026-05-17 08:46:20 --> [DEPRECATED] Creation of dynamic property Modul\Carts\Controllers\Carts::$pager is deprecated in APPPATH\Controllers\BaseController.php on line 52.
 1 SYSTEMPATH\CodeIgniter.php(922): App\Controllers\BaseController->initController(Object(CodeIgniter\HTTP\IncomingRequest), Object(CodeIgniter\HTTP\Response), Object(CodeIgniter\Log\Logger))
 2 SYSTEMPATH\CodeIgniter.php(488): CodeIgniter\CodeIgniter->createController()
 3 SYSTEMPATH\CodeIgniter.php(340): CodeIgniter\CodeIgniter->handleRequest(null, Object(Config\Cache), false)
 4 SYSTEMPATH\Boot.php(417): CodeIgniter\CodeIgniter->run()
 5 SYSTEMPATH\Boot.php(68): CodeIgniter\Boot::runCodeIgniter(Object(CodeIgniter\CodeIgniter))
 6 FCPATH\index.php(59): CodeIgniter\Boot::bootWeb(Object(Config\Paths))
 7 SYSTEMPATH\rewrite.php(44): require_once('C:\\laragon\\data\\kainkita\\public\\index.php')
DEBUG - 2026-05-17 08:46:24 --> Session: Class initialized using 'CodeIgniter\Session\Handlers\FileHandler' driver.
WARNING - 2026-05-17 08:46:24 --> [DEPRECATED] Creation of dynamic property Modul\Wishlists\Controllers\Wishlists::$wishlist is deprecated in ROOTPATH\modul\Wishlists\Controllers\Wishlists.php on line 13.
 1 SYSTEMPATH\CodeIgniter.php(921): Modul\Wishlists\Controllers\Wishlists->__construct()
 2 SYSTEMPATH\CodeIgniter.php(488): CodeIgniter\CodeIgniter->createController()
 3 SYSTEMPATH\CodeIgniter.php(340): CodeIgniter\CodeIgniter->handleRequest(null, Object(Config\Cache), false)
 4 SYSTEMPATH\Boot.php(417): CodeIgniter\CodeIgniter->run()
 5 SYSTEMPATH\Boot.php(68): CodeIgniter\Boot::runCodeIgniter(Object(CodeIgniter\CodeIgniter))
 6 FCPATH\index.php(59): CodeIgniter\Boot::bootWeb(Object(Config\Paths))
 7 SYSTEMPATH\rewrite.php(44): require_once('C:\\laragon\\data\\kainkita\\public\\index.php')
WARNING - 2026-05-17 08:46:24 --> [DEPRECATED] Creation of dynamic property Modul\Wishlists\Controllers\Wishlists::$customers is deprecated in ROOTPATH\modul\Wishlists\Controllers\Wishlists.php on line 14.
 1 SYSTEMPATH\CodeIgniter.php(921): Modul\Wishlists\Controllers\Wishlists->__construct()
 2 SYSTEMPATH\CodeIgniter.php(488): CodeIgniter\CodeIgniter->createController()
 3 SYSTEMPATH\CodeIgniter.php(340): CodeIgniter\CodeIgniter->handleRequest(null, Object(Config\Cache), false)
 4 SYSTEMPATH\Boot.php(417): CodeIgniter\CodeIgniter->run()
 5 SYSTEMPATH\Boot.php(68): CodeIgniter\Boot::runCodeIgniter(Object(CodeIgniter\CodeIgniter))
 6 FCPATH\index.php(59): CodeIgniter\Boot::bootWeb(Object(Config\Paths))
 7 SYSTEMPATH\rewrite.php(44): require_once('C:\\laragon\\data\\kainkita\\public\\index.php')
WARNING - 2026-05-17 08:46:24 --> [DEPRECATED] Creation of dynamic property Modul\Wishlists\Controllers\Wishlists::$session is deprecated in APPPATH\Controllers\BaseController.php on line 47.
 1 SYSTEMPATH\CodeIgniter.php(922): App\Controllers\BaseController->initController(Object(CodeIgniter\HTTP\IncomingRequest), Object(CodeIgniter\HTTP\Response), Object(CodeIgniter\Log\Logger))
 2 SYSTEMPATH\CodeIgniter.php(488): CodeIgniter\CodeIgniter->createController()
 3 SYSTEMPATH\CodeIgniter.php(340): CodeIgniter\CodeIgniter->handleRequest(null, Object(Config\Cache), false)
 4 SYSTEMPATH\Boot.php(417): CodeIgniter\CodeIgniter->run()
 5 SYSTEMPATH\Boot.php(68): CodeIgniter\Boot::runCodeIgniter(Object(CodeIgniter\CodeIgniter))
 6 FCPATH\index.php(59): CodeIgniter\Boot::bootWeb(Object(Config\Paths))
 7 SYSTEMPATH\rewrite.php(44): require_once('C:\\laragon\\data\\kainkita\\public\\index.php')
WARNING - 2026-05-17 08:46:24 --> [DEPRECATED] Creation of dynamic property Modul\Wishlists\Controllers\Wishlists::$validation is deprecated in APPPATH\Controllers\BaseController.php on line 48.
 1 SYSTEMPATH\CodeIgniter.php(922): App\Controllers\BaseController->initController(Object(CodeIgniter\HTTP\IncomingRequest), Object(CodeIgniter\HTTP\Response), Object(CodeIgniter\Log\Logger))
 2 SYSTEMPATH\CodeIgniter.php(488): CodeIgniter\CodeIgniter->createController()
 3 SYSTEMPATH\CodeIgniter.php(340): CodeIgniter\CodeIgniter->handleRequest(null, Object(Config\Cache), false)
 4 SYSTEMPATH\Boot.php(417): CodeIgniter\CodeIgniter->run()
 5 SYSTEMPATH\Boot.php(68): CodeIgniter\Boot::runCodeIgniter(Object(CodeIgniter\CodeIgniter))
 6 FCPATH\index.php(59): CodeIgniter\Boot::bootWeb(Object(Config\Paths))
 7 SYSTEMPATH\rewrite.php(44): require_once('C:\\laragon\\data\\kainkita\\public\\index.php')
WARNING - 2026-05-17 08:46:24 --> [DEPRECATED] Creation of dynamic property Modul\Wishlists\Controllers\Wishlists::$db is deprecated in APPPATH\Controllers\BaseController.php on line 50.
 1 SYSTEMPATH\CodeIgniter.php(922): App\Controllers\BaseController->initController(Object(CodeIgniter\HTTP\IncomingRequest), Object(CodeIgniter\HTTP\Response), Object(CodeIgniter\Log\Logger))
 2 SYSTEMPATH\CodeIgniter.php(488): CodeIgniter\CodeIgniter->createController()
 3 SYSTEMPATH\CodeIgniter.php(340): CodeIgniter\CodeIgniter->handleRequest(null, Object(Config\Cache), false)
 4 SYSTEMPATH\Boot.php(417): CodeIgniter\CodeIgniter->run()
 5 SYSTEMPATH\Boot.php(68): CodeIgniter\Boot::runCodeIgniter(Object(CodeIgniter\CodeIgniter))
 6 FCPATH\index.php(59): CodeIgniter\Boot::bootWeb(Object(Config\Paths))
 7 SYSTEMPATH\rewrite.php(44): require_once('C:\\laragon\\data\\kainkita\\public\\index.php')
WARNING - 2026-05-17 08:46:24 --> [DEPRECATED] Creation of dynamic property Modul\Wishlists\Controllers\Wishlists::$uri is deprecated in APPPATH\Controllers\BaseController.php on line 51.
 1 SYSTEMPATH\CodeIgniter.php(922): App\Controllers\BaseController->initController(Object(CodeIgniter\HTTP\IncomingRequest), Object(CodeIgniter\HTTP\Response), Object(CodeIgniter\Log\Logger))
 2 SYSTEMPATH\CodeIgniter.php(488): CodeIgniter\CodeIgniter->createController()
 3 SYSTEMPATH\CodeIgniter.php(340): CodeIgniter\CodeIgniter->handleRequest(null, Object(Config\Cache), false)
 4 SYSTEMPATH\Boot.php(417): CodeIgniter\CodeIgniter->run()
 5 SYSTEMPATH\Boot.php(68): CodeIgniter\Boot::runCodeIgniter(Object(CodeIgniter\CodeIgniter))
 6 FCPATH\index.php(59): CodeIgniter\Boot::bootWeb(Object(Config\Paths))
 7 SYSTEMPATH\rewrite.php(44): require_once('C:\\laragon\\data\\kainkita\\public\\index.php')
WARNING - 2026-05-17 08:46:24 --> [DEPRECATED] Creation of dynamic property Modul\Wishlists\Controllers\Wishlists::$pager is deprecated in APPPATH\Controllers\BaseController.php on line 52.
 1 SYSTEMPATH\CodeIgniter.php(922): App\Controllers\BaseController->initController(Object(CodeIgniter\HTTP\IncomingRequest), Object(CodeIgniter\HTTP\Response), Object(CodeIgniter\Log\Logger))
 2 SYSTEMPATH\CodeIgniter.php(488): CodeIgniter\CodeIgniter->createController()
 3 SYSTEMPATH\CodeIgniter.php(340): CodeIgniter\CodeIgniter->handleRequest(null, Object(Config\Cache), false)
 4 SYSTEMPATH\Boot.php(417): CodeIgniter\CodeIgniter->run()
 5 SYSTEMPATH\Boot.php(68): CodeIgniter\Boot::runCodeIgniter(Object(CodeIgniter\CodeIgniter))
 6 FCPATH\index.php(59): CodeIgniter\Boot::bootWeb(Object(Config\Paths))
 7 SYSTEMPATH\rewrite.php(44): require_once('C:\\laragon\\data\\kainkita\\public\\index.php')
DEBUG - 2026-05-17 08:46:24 --> Session: Class initialized using 'CodeIgniter\Session\Handlers\FileHandler' driver.
WARNING - 2026-05-17 08:46:24 --> [DEPRECATED] Creation of dynamic property Modul\Wishlists\Controllers\Wishlists::$wishlist is deprecated in ROOTPATH\modul\Wishlists\Controllers\Wishlists.php on line 13.
 1 SYSTEMPATH\CodeIgniter.php(921): Modul\Wishlists\Controllers\Wishlists->__construct()
 2 SYSTEMPATH\CodeIgniter.php(488): CodeIgniter\CodeIgniter->createController()
 3 SYSTEMPATH\CodeIgniter.php(340): CodeIgniter\CodeIgniter->handleRequest(null, Object(Config\Cache), false)
 4 SYSTEMPATH\Boot.php(417): CodeIgniter\CodeIgniter->run()
 5 SYSTEMPATH\Boot.php(68): CodeIgniter\Boot::runCodeIgniter(Object(CodeIgniter\CodeIgniter))
 6 FCPATH\index.php(59): CodeIgniter\Boot::bootWeb(Object(Config\Paths))
 7 SYSTEMPATH\rewrite.php(44): require_once('C:\\laragon\\data\\kainkita\\public\\index.php')
WARNING - 2026-05-17 08:46:24 --> [DEPRECATED] Creation of dynamic property Modul\Wishlists\Controllers\Wishlists::$customers is deprecated in ROOTPATH\modul\Wishlists\Controllers\Wishlists.php on line 14.
 1 SYSTEMPATH\CodeIgniter.php(921): Modul\Wishlists\Controllers\Wishlists->__construct()
 2 SYSTEMPATH\CodeIgniter.php(488): CodeIgniter\CodeIgniter->createController()
 3 SYSTEMPATH\CodeIgniter.php(340): CodeIgniter\CodeIgniter->handleRequest(null, Object(Config\Cache), false)
 4 SYSTEMPATH\Boot.php(417): CodeIgniter\CodeIgniter->run()
 5 SYSTEMPATH\Boot.php(68): CodeIgniter\Boot::runCodeIgniter(Object(CodeIgniter\CodeIgniter))
 6 FCPATH\index.php(59): CodeIgniter\Boot::bootWeb(Object(Config\Paths))
 7 SYSTEMPATH\rewrite.php(44): require_once('C:\\laragon\\data\\kainkita\\public\\index.php')
WARNING - 2026-05-17 08:46:24 --> [DEPRECATED] Creation of dynamic property Modul\Wishlists\Controllers\Wishlists::$session is deprecated in APPPATH\Controllers\BaseController.php on line 47.
 1 SYSTEMPATH\CodeIgniter.php(922): App\Controllers\BaseController->initController(Object(CodeIgniter\HTTP\IncomingRequest), Object(CodeIgniter\HTTP\Response), Object(CodeIgniter\Log\Logger))
 2 SYSTEMPATH\CodeIgniter.php(488): CodeIgniter\CodeIgniter->createController()
 3 SYSTEMPATH\CodeIgniter.php(340): CodeIgniter\CodeIgniter->handleRequest(null, Object(Config\Cache), false)
 4 SYSTEMPATH\Boot.php(417): CodeIgniter\CodeIgniter->run()
 5 SYSTEMPATH\Boot.php(68): CodeIgniter\Boot::runCodeIgniter(Object(CodeIgniter\CodeIgniter))
 6 FCPATH\index.php(59): CodeIgniter\Boot::bootWeb(Object(Config\Paths))
 7 SYSTEMPATH\rewrite.php(44): require_once('C:\\laragon\\data\\kainkita\\public\\index.php')
WARNING - 2026-05-17 08:46:24 --> [DEPRECATED] Creation of dynamic property Modul\Wishlists\Controllers\Wishlists::$validation is deprecated in APPPATH\Controllers\BaseController.php on line 48.
 1 SYSTEMPATH\CodeIgniter.php(922): App\Controllers\BaseController->initController(Object(CodeIgniter\HTTP\IncomingRequest), Object(CodeIgniter\HTTP\Response), Object(CodeIgniter\Log\Logger))
 2 SYSTEMPATH\CodeIgniter.php(488): CodeIgniter\CodeIgniter->createController()
 3 SYSTEMPATH\CodeIgniter.php(340): CodeIgniter\CodeIgniter->handleRequest(null, Object(Config\Cache), false)
 4 SYSTEMPATH\Boot.php(417): CodeIgniter\CodeIgniter->run()
 5 SYSTEMPATH\Boot.php(68): CodeIgniter\Boot::runCodeIgniter(Object(CodeIgniter\CodeIgniter))
 6 FCPATH\index.php(59): CodeIgniter\Boot::bootWeb(Object(Config\Paths))
 7 SYSTEMPATH\rewrite.php(44): require_once('C:\\laragon\\data\\kainkita\\public\\index.php')
WARNING - 2026-05-17 08:46:24 --> [DEPRECATED] Creation of dynamic property Modul\Wishlists\Controllers\Wishlists::$db is deprecated in APPPATH\Controllers\BaseController.php on line 50.
 1 SYSTEMPATH\CodeIgniter.php(922): App\Controllers\BaseController->initController(Object(CodeIgniter\HTTP\IncomingRequest), Object(CodeIgniter\HTTP\Response), Object(CodeIgniter\Log\Logger))
 2 SYSTEMPATH\CodeIgniter.php(488): CodeIgniter\CodeIgniter->createController()
 3 SYSTEMPATH\CodeIgniter.php(340): CodeIgniter\CodeIgniter->handleRequest(null, Object(Config\Cache), false)
 4 SYSTEMPATH\Boot.php(417): CodeIgniter\CodeIgniter->run()
 5 SYSTEMPATH\Boot.php(68): CodeIgniter\Boot::runCodeIgniter(Object(CodeIgniter\CodeIgniter))
 6 FCPATH\index.php(59): CodeIgniter\Boot::bootWeb(Object(Config\Paths))
 7 SYSTEMPATH\rewrite.php(44): require_once('C:\\laragon\\data\\kainkita\\public\\index.php')
WARNING - 2026-05-17 08:46:24 --> [DEPRECATED] Creation of dynamic property Modul\Wishlists\Controllers\Wishlists::$uri is deprecated in APPPATH\Controllers\BaseController.php on line 51.
 1 SYSTEMPATH\CodeIgniter.php(922): App\Controllers\BaseController->initController(Object(CodeIgniter\HTTP\IncomingRequest), Object(CodeIgniter\HTTP\Response), Object(CodeIgniter\Log\Logger))
 2 SYSTEMPATH\CodeIgniter.php(488): CodeIgniter\CodeIgniter->createController()
 3 SYSTEMPATH\CodeIgniter.php(340): CodeIgniter\CodeIgniter->handleRequest(null, Object(Config\Cache), false)
 4 SYSTEMPATH\Boot.php(417): CodeIgniter\CodeIgniter->run()
 5 SYSTEMPATH\Boot.php(68): CodeIgniter\Boot::runCodeIgniter(Object(CodeIgniter\CodeIgniter))
 6 FCPATH\index.php(59): CodeIgniter\Boot::bootWeb(Object(Config\Paths))
 7 SYSTEMPATH\rewrite.php(44): require_once('C:\\laragon\\data\\kainkita\\public\\index.php')
WARNING - 2026-05-17 08:46:24 --> [DEPRECATED] Creation of dynamic property Modul\Wishlists\Controllers\Wishlists::$pager is deprecated in APPPATH\Controllers\BaseController.php on line 52.
 1 SYSTEMPATH\CodeIgniter.php(922): App\Controllers\BaseController->initController(Object(CodeIgniter\HTTP\IncomingRequest), Object(CodeIgniter\HTTP\Response), Object(CodeIgniter\Log\Logger))
 2 SYSTEMPATH\CodeIgniter.php(488): CodeIgniter\CodeIgniter->createController()
 3 SYSTEMPATH\CodeIgniter.php(340): CodeIgniter\CodeIgniter->handleRequest(null, Object(Config\Cache), false)
 4 SYSTEMPATH\Boot.php(417): CodeIgniter\CodeIgniter->run()
 5 SYSTEMPATH\Boot.php(68): CodeIgniter\Boot::runCodeIgniter(Object(CodeIgniter\CodeIgniter))
 6 FCPATH\index.php(59): CodeIgniter\Boot::bootWeb(Object(Config\Paths))
 7 SYSTEMPATH\rewrite.php(44): require_once('C:\\laragon\\data\\kainkita\\public\\index.php')
DEBUG - 2026-05-17 08:46:28 --> Session: Class initialized using 'CodeIgniter\Session\Handlers\FileHandler' driver.
WARNING - 2026-05-17 08:46:28 --> [DEPRECATED] Creation of dynamic property Modul\Carts\Controllers\Carts::$session is deprecated in APPPATH\Controllers\BaseController.php on line 47.
 1 SYSTEMPATH\CodeIgniter.php(922): App\Controllers\BaseController->initController(Object(CodeIgniter\HTTP\IncomingRequest), Object(CodeIgniter\HTTP\Response), Object(CodeIgniter\Log\Logger))
 2 SYSTEMPATH\CodeIgniter.php(488): CodeIgniter\CodeIgniter->createController()
 3 SYSTEMPATH\CodeIgniter.php(340): CodeIgniter\CodeIgniter->handleRequest(null, Object(Config\Cache), false)
 4 SYSTEMPATH\Boot.php(417): CodeIgniter\CodeIgniter->run()
 5 SYSTEMPATH\Boot.php(68): CodeIgniter\Boot::runCodeIgniter(Object(CodeIgniter\CodeIgniter))
 6 FCPATH\index.php(59): CodeIgniter\Boot::bootWeb(Object(Config\Paths))
 7 SYSTEMPATH\rewrite.php(44): require_once('C:\\laragon\\data\\kainkita\\public\\index.php')
WARNING - 2026-05-17 08:46:28 --> [DEPRECATED] Creation of dynamic property Modul\Carts\Controllers\Carts::$validation is deprecated in APPPATH\Controllers\BaseController.php on line 48.
 1 SYSTEMPATH\CodeIgniter.php(922): App\Controllers\BaseController->initController(Object(CodeIgniter\HTTP\IncomingRequest), Object(CodeIgniter\HTTP\Response), Object(CodeIgniter\Log\Logger))
 2 SYSTEMPATH\CodeIgniter.php(488): CodeIgniter\CodeIgniter->createController()
 3 SYSTEMPATH\CodeIgniter.php(340): CodeIgniter\CodeIgniter->handleRequest(null, Object(Config\Cache), false)
 4 SYSTEMPATH\Boot.php(417): CodeIgniter\CodeIgniter->run()
 5 SYSTEMPATH\Boot.php(68): CodeIgniter\Boot::runCodeIgniter(Object(CodeIgniter\CodeIgniter))
 6 FCPATH\index.php(59): CodeIgniter\Boot::bootWeb(Object(Config\Paths))
 7 SYSTEMPATH\rewrite.php(44): require_once('C:\\laragon\\data\\kainkita\\public\\index.php')
WARNING - 2026-05-17 08:46:28 --> [DEPRECATED] Creation of dynamic property Modul\Carts\Controllers\Carts::$db is deprecated in APPPATH\Controllers\BaseController.php on line 50.
 1 SYSTEMPATH\CodeIgniter.php(922): App\Controllers\BaseController->initController(Object(CodeIgniter\HTTP\IncomingRequest), Object(CodeIgniter\HTTP\Response), Object(CodeIgniter\Log\Logger))
 2 SYSTEMPATH\CodeIgniter.php(488): CodeIgniter\CodeIgniter->createController()
 3 SYSTEMPATH\CodeIgniter.php(340): CodeIgniter\CodeIgniter->handleRequest(null, Object(Config\Cache), false)
 4 SYSTEMPATH\Boot.php(417): CodeIgniter\CodeIgniter->run()
 5 SYSTEMPATH\Boot.php(68): CodeIgniter\Boot::runCodeIgniter(Object(CodeIgniter\CodeIgniter))
 6 FCPATH\index.php(59): CodeIgniter\Boot::bootWeb(Object(Config\Paths))
 7 SYSTEMPATH\rewrite.php(44): require_once('C:\\laragon\\data\\kainkita\\public\\index.php')
WARNING - 2026-05-17 08:46:28 --> [DEPRECATED] Creation of dynamic property Modul\Carts\Controllers\Carts::$uri is deprecated in APPPATH\Controllers\BaseController.php on line 51.
 1 SYSTEMPATH\CodeIgniter.php(922): App\Controllers\BaseController->initController(Object(CodeIgniter\HTTP\IncomingRequest), Object(CodeIgniter\HTTP\Response), Object(CodeIgniter\Log\Logger))
 2 SYSTEMPATH\CodeIgniter.php(488): CodeIgniter\CodeIgniter->createController()
 3 SYSTEMPATH\CodeIgniter.php(340): CodeIgniter\CodeIgniter->handleRequest(null, Object(Config\Cache), false)
 4 SYSTEMPATH\Boot.php(417): CodeIgniter\CodeIgniter->run()
 5 SYSTEMPATH\Boot.php(68): CodeIgniter\Boot::runCodeIgniter(Object(CodeIgniter\CodeIgniter))
 6 FCPATH\index.php(59): CodeIgniter\Boot::bootWeb(Object(Config\Paths))
 7 SYSTEMPATH\rewrite.php(44): require_once('C:\\laragon\\data\\kainkita\\public\\index.php')
WARNING - 2026-05-17 08:46:28 --> [DEPRECATED] Creation of dynamic property Modul\Carts\Controllers\Carts::$pager is deprecated in APPPATH\Controllers\BaseController.php on line 52.
 1 SYSTEMPATH\CodeIgniter.php(922): App\Controllers\BaseController->initController(Object(CodeIgniter\HTTP\IncomingRequest), Object(CodeIgniter\HTTP\Response), Object(CodeIgniter\Log\Logger))
 2 SYSTEMPATH\CodeIgniter.php(488): CodeIgniter\CodeIgniter->createController()
 3 SYSTEMPATH\CodeIgniter.php(340): CodeIgniter\CodeIgniter->handleRequest(null, Object(Config\Cache), false)
 4 SYSTEMPATH\Boot.php(417): CodeIgniter\CodeIgniter->run()
 5 SYSTEMPATH\Boot.php(68): CodeIgniter\Boot::runCodeIgniter(Object(CodeIgniter\CodeIgniter))
 6 FCPATH\index.php(59): CodeIgniter\Boot::bootWeb(Object(Config\Paths))
 7 SYSTEMPATH\rewrite.php(44): require_once('C:\\laragon\\data\\kainkita\\public\\index.php')
DEBUG - 2026-05-17 08:46:28 --> Session: Class initialized using 'CodeIgniter\Session\Handlers\FileHandler' driver.
WARNING - 2026-05-17 08:46:28 --> [DEPRECATED] Creation of dynamic property Modul\Carts\Controllers\Carts::$session is deprecated in APPPATH\Controllers\BaseController.php on line 47.
 1 SYSTEMPATH\CodeIgniter.php(922): App\Controllers\BaseController->initController(Object(CodeIgniter\HTTP\IncomingRequest), Object(CodeIgniter\HTTP\Response), Object(CodeIgniter\Log\Logger))
 2 SYSTEMPATH\CodeIgniter.php(488): CodeIgniter\CodeIgniter->createController()
 3 SYSTEMPATH\CodeIgniter.php(340): CodeIgniter\CodeIgniter->handleRequest(null, Object(Config\Cache), false)
 4 SYSTEMPATH\Boot.php(417): CodeIgniter\CodeIgniter->run()
 5 SYSTEMPATH\Boot.php(68): CodeIgniter\Boot::runCodeIgniter(Object(CodeIgniter\CodeIgniter))
 6 FCPATH\index.php(59): CodeIgniter\Boot::bootWeb(Object(Config\Paths))
 7 SYSTEMPATH\rewrite.php(44): require_once('C:\\laragon\\data\\kainkita\\public\\index.php')
WARNING - 2026-05-17 08:46:28 --> [DEPRECATED] Creation of dynamic property Modul\Carts\Controllers\Carts::$validation is deprecated in APPPATH\Controllers\BaseController.php on line 48.
 1 SYSTEMPATH\CodeIgniter.php(922): App\Controllers\BaseController->initController(Object(CodeIgniter\HTTP\IncomingRequest), Object(CodeIgniter\HTTP\Response), Object(CodeIgniter\Log\Logger))
 2 SYSTEMPATH\CodeIgniter.php(488): CodeIgniter\CodeIgniter->createController()
 3 SYSTEMPATH\CodeIgniter.php(340): CodeIgniter\CodeIgniter->handleRequest(null, Object(Config\Cache), false)
 4 SYSTEMPATH\Boot.php(417): CodeIgniter\CodeIgniter->run()
 5 SYSTEMPATH\Boot.php(68): CodeIgniter\Boot::runCodeIgniter(Object(CodeIgniter\CodeIgniter))
 6 FCPATH\index.php(59): CodeIgniter\Boot::bootWeb(Object(Config\Paths))
 7 SYSTEMPATH\rewrite.php(44): require_once('C:\\laragon\\data\\kainkita\\public\\index.php')
WARNING - 2026-05-17 08:46:28 --> [DEPRECATED] Creation of dynamic property Modul\Carts\Controllers\Carts::$db is deprecated in APPPATH\Controllers\BaseController.php on line 50.
 1 SYSTEMPATH\CodeIgniter.php(922): App\Controllers\BaseController->initController(Object(CodeIgniter\HTTP\IncomingRequest), Object(CodeIgniter\HTTP\Response), Object(CodeIgniter\Log\Logger))
 2 SYSTEMPATH\CodeIgniter.php(488): CodeIgniter\CodeIgniter->createController()
 3 SYSTEMPATH\CodeIgniter.php(340): CodeIgniter\CodeIgniter->handleRequest(null, Object(Config\Cache), false)
 4 SYSTEMPATH\Boot.php(417): CodeIgniter\CodeIgniter->run()
 5 SYSTEMPATH\Boot.php(68): CodeIgniter\Boot::runCodeIgniter(Object(CodeIgniter\CodeIgniter))
 6 FCPATH\index.php(59): CodeIgniter\Boot::bootWeb(Object(Config\Paths))
 7 SYSTEMPATH\rewrite.php(44): require_once('C:\\laragon\\data\\kainkita\\public\\index.php')
WARNING - 2026-05-17 08:46:28 --> [DEPRECATED] Creation of dynamic property Modul\Carts\Controllers\Carts::$uri is deprecated in APPPATH\Controllers\BaseController.php on line 51.
 1 SYSTEMPATH\CodeIgniter.php(922): App\Controllers\BaseController->initController(Object(CodeIgniter\HTTP\IncomingRequest), Object(CodeIgniter\HTTP\Response), Object(CodeIgniter\Log\Logger))
 2 SYSTEMPATH\CodeIgniter.php(488): CodeIgniter\CodeIgniter->createController()
 3 SYSTEMPATH\CodeIgniter.php(340): CodeIgniter\CodeIgniter->handleRequest(null, Object(Config\Cache), false)
 4 SYSTEMPATH\Boot.php(417): CodeIgniter\CodeIgniter->run()
 5 SYSTEMPATH\Boot.php(68): CodeIgniter\Boot::runCodeIgniter(Object(CodeIgniter\CodeIgniter))
 6 FCPATH\index.php(59): CodeIgniter\Boot::bootWeb(Object(Config\Paths))
 7 SYSTEMPATH\rewrite.php(44): require_once('C:\\laragon\\data\\kainkita\\public\\index.php')
WARNING - 2026-05-17 08:46:28 --> [DEPRECATED] Creation of dynamic property Modul\Carts\Controllers\Carts::$pager is deprecated in APPPATH\Controllers\BaseController.php on line 52.
 1 SYSTEMPATH\CodeIgniter.php(922): App\Controllers\BaseController->initController(Object(CodeIgniter\HTTP\IncomingRequest), Object(CodeIgniter\HTTP\Response), Object(CodeIgniter\Log\Logger))
 2 SYSTEMPATH\CodeIgniter.php(488): CodeIgniter\CodeIgniter->createController()
 3 SYSTEMPATH\CodeIgniter.php(340): CodeIgniter\CodeIgniter->handleRequest(null, Object(Config\Cache), false)
 4 SYSTEMPATH\Boot.php(417): CodeIgniter\CodeIgniter->run()
 5 SYSTEMPATH\Boot.php(68): CodeIgniter\Boot::runCodeIgniter(Object(CodeIgniter\CodeIgniter))
 6 FCPATH\index.php(59): CodeIgniter\Boot::bootWeb(Object(Config\Paths))
 7 SYSTEMPATH\rewrite.php(44): require_once('C:\\laragon\\data\\kainkita\\public\\index.php')
DEBUG - 2026-05-17 08:46:29 --> Session: Class initialized using 'CodeIgniter\Session\Handlers\FileHandler' driver.
WARNING - 2026-05-17 08:46:29 --> [DEPRECATED] Creation of dynamic property Modul\Wishlists\Controllers\Wishlists::$wishlist is deprecated in ROOTPATH\modul\Wishlists\Controllers\Wishlists.php on line 13.
 1 SYSTEMPATH\CodeIgniter.php(921): Modul\Wishlists\Controllers\Wishlists->__construct()
 2 SYSTEMPATH\CodeIgniter.php(488): CodeIgniter\CodeIgniter->createController()
 3 SYSTEMPATH\CodeIgniter.php(340): CodeIgniter\CodeIgniter->handleRequest(null, Object(Config\Cache), false)
 4 SYSTEMPATH\Boot.php(417): CodeIgniter\CodeIgniter->run()
 5 SYSTEMPATH\Boot.php(68): CodeIgniter\Boot::runCodeIgniter(Object(CodeIgniter\CodeIgniter))
 6 FCPATH\index.php(59): CodeIgniter\Boot::bootWeb(Object(Config\Paths))
 7 SYSTEMPATH\rewrite.php(44): require_once('C:\\laragon\\data\\kainkita\\public\\index.php')
WARNING - 2026-05-17 08:46:29 --> [DEPRECATED] Creation of dynamic property Modul\Wishlists\Controllers\Wishlists::$customers is deprecated in ROOTPATH\modul\Wishlists\Controllers\Wishlists.php on line 14.
 1 SYSTEMPATH\CodeIgniter.php(921): Modul\Wishlists\Controllers\Wishlists->__construct()
 2 SYSTEMPATH\CodeIgniter.php(488): CodeIgniter\CodeIgniter->createController()
 3 SYSTEMPATH\CodeIgniter.php(340): CodeIgniter\CodeIgniter->handleRequest(null, Object(Config\Cache), false)
 4 SYSTEMPATH\Boot.php(417): CodeIgniter\CodeIgniter->run()
 5 SYSTEMPATH\Boot.php(68): CodeIgniter\Boot::runCodeIgniter(Object(CodeIgniter\CodeIgniter))
 6 FCPATH\index.php(59): CodeIgniter\Boot::bootWeb(Object(Config\Paths))
 7 SYSTEMPATH\rewrite.php(44): require_once('C:\\laragon\\data\\kainkita\\public\\index.php')
WARNING - 2026-05-17 08:46:29 --> [DEPRECATED] Creation of dynamic property Modul\Wishlists\Controllers\Wishlists::$session is deprecated in APPPATH\Controllers\BaseController.php on line 47.
 1 SYSTEMPATH\CodeIgniter.php(922): App\Controllers\BaseController->initController(Object(CodeIgniter\HTTP\IncomingRequest), Object(CodeIgniter\HTTP\Response), Object(CodeIgniter\Log\Logger))
 2 SYSTEMPATH\CodeIgniter.php(488): CodeIgniter\CodeIgniter->createController()
 3 SYSTEMPATH\CodeIgniter.php(340): CodeIgniter\CodeIgniter->handleRequest(null, Object(Config\Cache), false)
 4 SYSTEMPATH\Boot.php(417): CodeIgniter\CodeIgniter->run()
 5 SYSTEMPATH\Boot.php(68): CodeIgniter\Boot::runCodeIgniter(Object(CodeIgniter\CodeIgniter))
 6 FCPATH\index.php(59): CodeIgniter\Boot::bootWeb(Object(Config\Paths))
 7 SYSTEMPATH\rewrite.php(44): require_once('C:\\laragon\\data\\kainkita\\public\\index.php')
WARNING - 2026-05-17 08:46:29 --> [DEPRECATED] Creation of dynamic property Modul\Wishlists\Controllers\Wishlists::$validation is deprecated in APPPATH\Controllers\BaseController.php on line 48.
 1 SYSTEMPATH\CodeIgniter.php(922): App\Controllers\BaseController->initController(Object(CodeIgniter\HTTP\IncomingRequest), Object(CodeIgniter\HTTP\Response), Object(CodeIgniter\Log\Logger))
 2 SYSTEMPATH\CodeIgniter.php(488): CodeIgniter\CodeIgniter->createController()
 3 SYSTEMPATH\CodeIgniter.php(340): CodeIgniter\CodeIgniter->handleRequest(null, Object(Config\Cache), false)
 4 SYSTEMPATH\Boot.php(417): CodeIgniter\CodeIgniter->run()
 5 SYSTEMPATH\Boot.php(68): CodeIgniter\Boot::runCodeIgniter(Object(CodeIgniter\CodeIgniter))
 6 FCPATH\index.php(59): CodeIgniter\Boot::bootWeb(Object(Config\Paths))
 7 SYSTEMPATH\rewrite.php(44): require_once('C:\\laragon\\data\\kainkita\\public\\index.php')
WARNING - 2026-05-17 08:46:29 --> [DEPRECATED] Creation of dynamic property Modul\Wishlists\Controllers\Wishlists::$db is deprecated in APPPATH\Controllers\BaseController.php on line 50.
 1 SYSTEMPATH\CodeIgniter.php(922): App\Controllers\BaseController->initController(Object(CodeIgniter\HTTP\IncomingRequest), Object(CodeIgniter\HTTP\Response), Object(CodeIgniter\Log\Logger))
 2 SYSTEMPATH\CodeIgniter.php(488): CodeIgniter\CodeIgniter->createController()
 3 SYSTEMPATH\CodeIgniter.php(340): CodeIgniter\CodeIgniter->handleRequest(null, Object(Config\Cache), false)
 4 SYSTEMPATH\Boot.php(417): CodeIgniter\CodeIgniter->run()
 5 SYSTEMPATH\Boot.php(68): CodeIgniter\Boot::runCodeIgniter(Object(CodeIgniter\CodeIgniter))
 6 FCPATH\index.php(59): CodeIgniter\Boot::bootWeb(Object(Config\Paths))
 7 SYSTEMPATH\rewrite.php(44): require_once('C:\\laragon\\data\\kainkita\\public\\index.php')
WARNING - 2026-05-17 08:46:29 --> [DEPRECATED] Creation of dynamic property Modul\Wishlists\Controllers\Wishlists::$uri is deprecated in APPPATH\Controllers\BaseController.php on line 51.
 1 SYSTEMPATH\CodeIgniter.php(922): App\Controllers\BaseController->initController(Object(CodeIgniter\HTTP\IncomingRequest), Object(CodeIgniter\HTTP\Response), Object(CodeIgniter\Log\Logger))
 2 SYSTEMPATH\CodeIgniter.php(488): CodeIgniter\CodeIgniter->createController()
 3 SYSTEMPATH\CodeIgniter.php(340): CodeIgniter\CodeIgniter->handleRequest(null, Object(Config\Cache), false)
 4 SYSTEMPATH\Boot.php(417): CodeIgniter\CodeIgniter->run()
 5 SYSTEMPATH\Boot.php(68): CodeIgniter\Boot::runCodeIgniter(Object(CodeIgniter\CodeIgniter))
 6 FCPATH\index.php(59): CodeIgniter\Boot::bootWeb(Object(Config\Paths))
 7 SYSTEMPATH\rewrite.php(44): require_once('C:\\laragon\\data\\kainkita\\public\\index.php')
WARNING - 2026-05-17 08:46:29 --> [DEPRECATED] Creation of dynamic property Modul\Wishlists\Controllers\Wishlists::$pager is deprecated in APPPATH\Controllers\BaseController.php on line 52.
 1 SYSTEMPATH\CodeIgniter.php(922): App\Controllers\BaseController->initController(Object(CodeIgniter\HTTP\IncomingRequest), Object(CodeIgniter\HTTP\Response), Object(CodeIgniter\Log\Logger))
 2 SYSTEMPATH\CodeIgniter.php(488): CodeIgniter\CodeIgniter->createController()
 3 SYSTEMPATH\CodeIgniter.php(340): CodeIgniter\CodeIgniter->handleRequest(null, Object(Config\Cache), false)
 4 SYSTEMPATH\Boot.php(417): CodeIgniter\CodeIgniter->run()
 5 SYSTEMPATH\Boot.php(68): CodeIgniter\Boot::runCodeIgniter(Object(CodeIgniter\CodeIgniter))
 6 FCPATH\index.php(59): CodeIgniter\Boot::bootWeb(Object(Config\Paths))
 7 SYSTEMPATH\rewrite.php(44): require_once('C:\\laragon\\data\\kainkita\\public\\index.php')
DEBUG - 2026-05-17 08:46:30 --> Session: Class initialized using 'CodeIgniter\Session\Handlers\FileHandler' driver.
WARNING - 2026-05-17 08:46:30 --> [DEPRECATED] Creation of dynamic property Modul\Wishlists\Controllers\Wishlists::$wishlist is deprecated in ROOTPATH\modul\Wishlists\Controllers\Wishlists.php on line 13.
 1 SYSTEMPATH\CodeIgniter.php(921): Modul\Wishlists\Controllers\Wishlists->__construct()
 2 SYSTEMPATH\CodeIgniter.php(488): CodeIgniter\CodeIgniter->createController()
 3 SYSTEMPATH\CodeIgniter.php(340): CodeIgniter\CodeIgniter->handleRequest(null, Object(Config\Cache), false)
 4 SYSTEMPATH\Boot.php(417): CodeIgniter\CodeIgniter->run()
 5 SYSTEMPATH\Boot.php(68): CodeIgniter\Boot::runCodeIgniter(Object(CodeIgniter\CodeIgniter))
 6 FCPATH\index.php(59): CodeIgniter\Boot::bootWeb(Object(Config\Paths))
 7 SYSTEMPATH\rewrite.php(44): require_once('C:\\laragon\\data\\kainkita\\public\\index.php')
WARNING - 2026-05-17 08:46:30 --> [DEPRECATED] Creation of dynamic property Modul\Wishlists\Controllers\Wishlists::$customers is deprecated in ROOTPATH\modul\Wishlists\Controllers\Wishlists.php on line 14.
 1 SYSTEMPATH\CodeIgniter.php(921): Modul\Wishlists\Controllers\Wishlists->__construct()
 2 SYSTEMPATH\CodeIgniter.php(488): CodeIgniter\CodeIgniter->createController()
 3 SYSTEMPATH\CodeIgniter.php(340): CodeIgniter\CodeIgniter->handleRequest(null, Object(Config\Cache), false)
 4 SYSTEMPATH\Boot.php(417): CodeIgniter\CodeIgniter->run()
 5 SYSTEMPATH\Boot.php(68): CodeIgniter\Boot::runCodeIgniter(Object(CodeIgniter\CodeIgniter))
 6 FCPATH\index.php(59): CodeIgniter\Boot::bootWeb(Object(Config\Paths))
 7 SYSTEMPATH\rewrite.php(44): require_once('C:\\laragon\\data\\kainkita\\public\\index.php')
WARNING - 2026-05-17 08:46:30 --> [DEPRECATED] Creation of dynamic property Modul\Wishlists\Controllers\Wishlists::$session is deprecated in APPPATH\Controllers\BaseController.php on line 47.
 1 SYSTEMPATH\CodeIgniter.php(922): App\Controllers\BaseController->initController(Object(CodeIgniter\HTTP\IncomingRequest), Object(CodeIgniter\HTTP\Response), Object(CodeIgniter\Log\Logger))
 2 SYSTEMPATH\CodeIgniter.php(488): CodeIgniter\CodeIgniter->createController()
 3 SYSTEMPATH\CodeIgniter.php(340): CodeIgniter\CodeIgniter->handleRequest(null, Object(Config\Cache), false)
 4 SYSTEMPATH\Boot.php(417): CodeIgniter\CodeIgniter->run()
 5 SYSTEMPATH\Boot.php(68): CodeIgniter\Boot::runCodeIgniter(Object(CodeIgniter\CodeIgniter))
 6 FCPATH\index.php(59): CodeIgniter\Boot::bootWeb(Object(Config\Paths))
 7 SYSTEMPATH\rewrite.php(44): require_once('C:\\laragon\\data\\kainkita\\public\\index.php')
WARNING - 2026-05-17 08:46:30 --> [DEPRECATED] Creation of dynamic property Modul\Wishlists\Controllers\Wishlists::$validation is deprecated in APPPATH\Controllers\BaseController.php on line 48.
 1 SYSTEMPATH\CodeIgniter.php(922): App\Controllers\BaseController->initController(Object(CodeIgniter\HTTP\IncomingRequest), Object(CodeIgniter\HTTP\Response), Object(CodeIgniter\Log\Logger))
 2 SYSTEMPATH\CodeIgniter.php(488): CodeIgniter\CodeIgniter->createController()
 3 SYSTEMPATH\CodeIgniter.php(340): CodeIgniter\CodeIgniter->handleRequest(null, Object(Config\Cache), false)
 4 SYSTEMPATH\Boot.php(417): CodeIgniter\CodeIgniter->run()
 5 SYSTEMPATH\Boot.php(68): CodeIgniter\Boot::runCodeIgniter(Object(CodeIgniter\CodeIgniter))
 6 FCPATH\index.php(59): CodeIgniter\Boot::bootWeb(Object(Config\Paths))
 7 SYSTEMPATH\rewrite.php(44): require_once('C:\\laragon\\data\\kainkita\\public\\index.php')
WARNING - 2026-05-17 08:46:30 --> [DEPRECATED] Creation of dynamic property Modul\Wishlists\Controllers\Wishlists::$db is deprecated in APPPATH\Controllers\BaseController.php on line 50.
 1 SYSTEMPATH\CodeIgniter.php(922): App\Controllers\BaseController->initController(Object(CodeIgniter\HTTP\IncomingRequest), Object(CodeIgniter\HTTP\Response), Object(CodeIgniter\Log\Logger))
 2 SYSTEMPATH\CodeIgniter.php(488): CodeIgniter\CodeIgniter->createController()
 3 SYSTEMPATH\CodeIgniter.php(340): CodeIgniter\CodeIgniter->handleRequest(null, Object(Config\Cache), false)
 4 SYSTEMPATH\Boot.php(417): CodeIgniter\CodeIgniter->run()
 5 SYSTEMPATH\Boot.php(68): CodeIgniter\Boot::runCodeIgniter(Object(CodeIgniter\CodeIgniter))
 6 FCPATH\index.php(59): CodeIgniter\Boot::bootWeb(Object(Config\Paths))
 7 SYSTEMPATH\rewrite.php(44): require_once('C:\\laragon\\data\\kainkita\\public\\index.php')
WARNING - 2026-05-17 08:46:30 --> [DEPRECATED] Creation of dynamic property Modul\Wishlists\Controllers\Wishlists::$uri is deprecated in APPPATH\Controllers\BaseController.php on line 51.
 1 SYSTEMPATH\CodeIgniter.php(922): App\Controllers\BaseController->initController(Object(CodeIgniter\HTTP\IncomingRequest), Object(CodeIgniter\HTTP\Response), Object(CodeIgniter\Log\Logger))
 2 SYSTEMPATH\CodeIgniter.php(488): CodeIgniter\CodeIgniter->createController()
 3 SYSTEMPATH\CodeIgniter.php(340): CodeIgniter\CodeIgniter->handleRequest(null, Object(Config\Cache), false)
 4 SYSTEMPATH\Boot.php(417): CodeIgniter\CodeIgniter->run()
 5 SYSTEMPATH\Boot.php(68): CodeIgniter\Boot::runCodeIgniter(Object(CodeIgniter\CodeIgniter))
 6 FCPATH\index.php(59): CodeIgniter\Boot::bootWeb(Object(Config\Paths))
 7 SYSTEMPATH\rewrite.php(44): require_once('C:\\laragon\\data\\kainkita\\public\\index.php')
WARNING - 2026-05-17 08:46:30 --> [DEPRECATED] Creation of dynamic property Modul\Wishlists\Controllers\Wishlists::$pager is deprecated in APPPATH\Controllers\BaseController.php on line 52.
 1 SYSTEMPATH\CodeIgniter.php(922): App\Controllers\BaseController->initController(Object(CodeIgniter\HTTP\IncomingRequest), Object(CodeIgniter\HTTP\Response), Object(CodeIgniter\Log\Logger))
 2 SYSTEMPATH\CodeIgniter.php(488): CodeIgniter\CodeIgniter->createController()
 3 SYSTEMPATH\CodeIgniter.php(340): CodeIgniter\CodeIgniter->handleRequest(null, Object(Config\Cache), false)
 4 SYSTEMPATH\Boot.php(417): CodeIgniter\CodeIgniter->run()
 5 SYSTEMPATH\Boot.php(68): CodeIgniter\Boot::runCodeIgniter(Object(CodeIgniter\CodeIgniter))
 6 FCPATH\index.php(59): CodeIgniter\Boot::bootWeb(Object(Config\Paths))
 7 SYSTEMPATH\rewrite.php(44): require_once('C:\\laragon\\data\\kainkita\\public\\index.php')
